job_id,source,job_title,company,location,description,skills,careers_required,date_posted,url,career_tag,soft_skills_detected,extraction_date
c3ffa888b37993d451a5bb28076a6466,rapidapi1,Matemático Aplicado,Outlier,"Alexandria, US","About the position

Outlier is seeking a talented mathematics expert to assist in training generative artificial intelligence models. This remote, independent opportunity offers flexible hours, allowing you to work at your convenience. Your contributions will focus on evaluating the factuality and relevance of AI-generated text, formulating and answering mathematics-related questions, and assessing and classifying domain-specific responses produced by AI models.

Responsibilities
• Evaluate the factuality and relevance of AI-generated text in specific domains.
,
• Formulate and respond to mathematics-related questions.
,
• Assess and classify domain-specific responses generated by AI models.

Requirements
• A bachelor's degree or higher in Mathematics or a related field.
,
• Experience working as a mathematics professional.
,
• Ability to write clearly about mathematical concepts in both English and Spanish fluently.

Nice-to-haves
• Experience in training AI models or working with generative AI.
,
• Familiarity with AI evaluation metrics and methodologies.

Benefits
• Flexible working hours
,
• Remote work opportunity
,
• Competitive pay rates ranging from $30 to $50 per hour based on experience and project needs.","[""A bachelor's degree or higher in Mathematics or a related field"", 'Experience working as a mathematics professional', 'Ability to write clearly about mathematical concepts in both English and Spanish fluently', 'Experience in training AI models or working with generative AI', 'Familiarity with AI evaluation metrics and methodologies', 'Your contributions will focus on evaluating the factuality and relevance of AI-generated text, formulating and answering mathematics-related questions, and assessing and classifying domain-specific responses produced by AI models', 'Evaluate the factuality and relevance of AI-generated text in specific domains', 'Formulate and respond to mathematics-related questions', 'Assess and classify domain-specific responses generated by AI models']",[],,https://www.tealhq.com/job/matem-tico-aplicado_030ae7e8-e8a2-4673-be2c-c8981569edd9?utm_campaign=google_jobs_apply&utm_source=google_jobs_apply&utm_medium=organic,,[],2025-06-11
80e70971fae70ee4e41ecda85db422bf,rapidapi1,Matemático Aplicado,Outlier,"Lancaster, US","Outlier ayuda a las empresas más innovadoras del mundo a mejorar sus modelos de IA proporcionando comentarios humanos. Es usted un experto en matemáticas y le gustaría aportar su experiencia para entrenar modelos de IA?

Sobre la oportunidad:
• Outlier busca un experto en matemáticas con talento para ayudar a entrenar modelos de inteligencia artificial generativa
• Esta oportunidad independiente es remota y los horarios son flexibles, por lo que puede trabajar cuando sea mejor para usted.

Puede contribuir con su experiencia al
• Evaluación de la factualidad y relevancia del texto de un dominio específico producido por modelos de IA
• Elaborar y responder preguntas relacionadas con las matemáticas.
• Evaluación y clasificación de respuestas de dominios específicos generadas por modelos de IA

Ejemplos de experiencia deseable:
• Una licenciatura o título superior en Matemáticas o una materia relacionada.
• Experiencia trabajando como profesional de las Matemáticas.
• Capacidad para escribir claramente sobre conceptos relacionados con las matemáticas en inglés y español con fluidez.

Pago:
• Actualmente, las tarifas salariales para el trabajo de proyectos básicos de los expertos en matemáticas son de hasta $30 - 50 por hora.
• Las tarifas varían según la experiencia, la evaluación de habilidades, la ubicación, la necesidad del proyecto y otros factores. Por ejemplo, se pueden ofrecer tarifas más altas a los doctores. Para trabajos no básicos, como durante la incorporación inicial del proyecto o las fases de horas extras del proyecto, se pueden aplicar tarifas más bajas. Ciertos proyectos ofrecen pagos de incentivos. Revise las condiciones de pago para cada proyecto.

PLEASE NOTE: We collect, retain and use personal data for our professional business purposes, including notifying you of opportunities that may be of interest and sharing with our affiliates. We limit the personal data we collect to that which we believe is appropriate and necessary to manage applicants' needs, provide our services, and comply with applicable laws. Any information we collect in connection with your application will be treated in accordance with the Outlier Privacy Policy and our internal policies and programs designed to protect personal data.

This is a 1099 contract opportunity on the Outlier.ai platform. Because this is a freelance opportunity, we do not offer internships, sponsorship, or employment. You must be authorized to work in your country of residence. If you are an international student, you may be able to sign up for Outlier if you are on a visa. You should contact your tax and/or immigration advisor with specific questions regarding your circumstances.",[],[],,https://talents.vaia.com/companies/outlier/matematico-aplicado-1247390/?utm_campaign=google_jobs_apply&utm_source=google_jobs_apply&utm_medium=organic,,[],2025-06-11
50bf788d66d29ed44914f1c716f1d2a1,rapidapi1,Matemático Aplicado,Outlier,"Grand Forks, US","Outlier ayuda a las empresas más innovadoras del mundo a mejorar sus modelos de IA proporcionando comentarios humanos. Es usted un experto en matemáticas y le gustaría aportar su experiencia para entrenar modelos de IA?

Sobre la oportunidad:
• Outlier busca un experto en matemáticas con talento para ayudar a entrenar modelos de inteligencia artificial generativa
• Esta oportunidad independiente es remota y los horarios son flexibles, por lo que puede trabajar cuando sea mejor para usted.

Puede contribuir con su experiencia al
• Evaluación de la factualidad y relevancia del texto de un dominio específico producido por modelos de IA
• Elaborar y responder preguntas relacionadas con las matemáticas.
• Evaluación y clasificación de respuestas de dominios específicos generadas por modelos de IA

Ejemplos de experiencia deseable:
• Una licenciatura o título superior en Matemáticas o una materia relacionada.
• Experiencia trabajando como profesional de las Matemáticas.
• Capacidad para escribir claramente sobre conceptos relacionados con las matemáticas en inglés y español con fluidez.

Pago:
• Actualmente, las tarifas salariales para el trabajo de proyectos básicos de los expertos en matemáticas son de hasta $30 - 50 por hora.
• Las tarifas varían según la experiencia, la evaluación de habilidades, la ubicación, la necesidad del proyecto y otros factores. Por ejemplo, se pueden ofrecer tarifas más altas a los doctores. Para trabajos no básicos, como durante la incorporación inicial del proyecto o las fases de horas extras del proyecto, se pueden aplicar tarifas más bajas. Ciertos proyectos ofrecen pagos de incentivos. Revise las condiciones de pago para cada proyecto.

PLEASE NOTE: We collect, retain and use personal data for our professional business purposes, including notifying you of opportunities that may be of interest and sharing with our affiliates. We limit the personal data we collect to that which we believe is appropriate and necessary to manage applicants' needs, provide our services, and comply with applicable laws. Any information we collect in connection with your application will be treated in accordance with the Outlier Privacy Policy and our internal policies and programs designed to protect personal data.

This is a 1099 contract opportunity on the Outlier.ai platform. Because this is a freelance opportunity, we do not offer internships, sponsorship, or employment. You must be authorized to work in your country of residence. If you are an international student, you may be able to sign up for Outlier if you are on a visa. You should contact your tax and/or immigration advisor with specific questions regarding your circumstances.",[],[],,https://talents.vaia.com/companies/outlier/matematico-aplicado-1246897/?utm_campaign=google_jobs_apply&utm_source=google_jobs_apply&utm_medium=organic,,[],2025-06-11
d1f7824682870a3f9ab8a9ae4142671b,rapidapi1,Matemático Aplicado,Outlier,"Indianápolis, US","Outlier ayuda a las empresas más innovadoras del mundo a mejorar sus modelos de IA proporcionando comentarios humanos. Es usted un experto en matemáticas y le gustaría aportar su experiencia para entrenar modelos de IA?

Sobre la oportunidad:
• Outlier busca un experto en matemáticas con talento para ayudar a entrenar modelos de inteligencia artificial generativa
• Esta oportunidad independiente es remota y los horarios son flexibles, por lo que puede trabajar cuando sea mejor para usted.

Puede contribuir con su experiencia al
• Evaluación de la factualidad y relevancia del texto de un dominio específico producido por modelos de IA
• Elaborar y responder preguntas relacionadas con las matemáticas.
• Evaluación y clasificación de respuestas de dominios específicos generadas por modelos de IA

Ejemplos de experiencia deseable:
• Una licenciatura o título superior en Matemáticas o una materia relacionada.
• Experiencia trabajando como profesional de las Matemáticas.
• Capacidad para escribir claramente sobre conceptos relacionados con las matemáticas en inglés y español con fluidez.

Pago:
• Actualmente, las tarifas salariales para el trabajo de proyectos básicos de los expertos en matemáticas son de hasta $30 - 50 por hora.
• Las tarifas varían según la experiencia, la evaluación de habilidades, la ubicación, la necesidad del proyecto y otros factores. Por ejemplo, se pueden ofrecer tarifas más altas a los doctores. Para trabajos no básicos, como durante la incorporación inicial del proyecto o las fases de horas extras del proyecto, se pueden aplicar tarifas más bajas. Ciertos proyectos ofrecen pagos de incentivos. Revise las condiciones de pago para cada proyecto.

PLEASE NOTE: We collect, retain and use personal data for our professional business purposes, including notifying you of opportunities that may be of interest and sharing with our affiliates. We limit the personal data we collect to that which we believe is appropriate and necessary to manage applicants' needs, provide our services, and comply with applicable laws. Any information we collect in connection with your application will be treated in accordance with the Outlier Privacy Policy and our internal policies and programs designed to protect personal data.

This is a 1099 contract opportunity on the Outlier.ai platform. Because this is a freelance opportunity, we do not offer internships, sponsorship, or employment. You must be authorized to work in your country of residence. If you are an international student, you may be able to sign up for Outlier if you are on a visa. You should contact your tax and/or immigration advisor with specific questions regarding your circumstances.",[],[],,https://talents.vaia.com/companies/outlier/matematico-aplicado-1246905/?utm_campaign=google_jobs_apply&utm_source=google_jobs_apply&utm_medium=organic,,[],2025-06-11
b705527146cf14064e7394b7db70e82a,rapidapi1,Matemático Aplicado,Outlier,"Newport News, US","About the position

Outlier is seeking a talented mathematics expert to assist in training generative artificial intelligence models. This remote freelance opportunity offers flexible scheduling, allowing you to work at your convenience. The role involves evaluating the factuality and relevance of text produced by AI models, formulating and answering mathematics-related questions, and assessing and classifying domain-specific responses generated by AI.

Responsibilities
• Evaluate the factuality and relevance of text produced by AI models in specific domains.
,
• Formulate and respond to mathematics-related questions.
,
• Assess and classify domain-specific responses generated by AI models.

Requirements
• A bachelor's degree or higher in Mathematics or a related field.
,
• Experience working as a mathematics professional.
,
• Fluency in English and Spanish, with the ability to write clearly about mathematical concepts.

Nice-to-haves
• Experience in training AI models or working with generative AI technologies.
,
• Advanced degrees in Mathematics or related fields.

Benefits
• Flexible work hours
,
• Remote work opportunity
,
• Competitive hourly pay ranging from $30 to $50 per hour","[""A bachelor's degree or higher in Mathematics or a related field"", 'Experience working as a mathematics professional', 'Fluency in English and Spanish, with the ability to write clearly about mathematical concepts', 'Experience in training AI models or working with generative AI technologies', 'Advanced degrees in Mathematics or related fields', 'The role involves evaluating the factuality and relevance of text produced by AI models, formulating and answering mathematics-related questions, and assessing and classifying domain-specific responses generated by AI', 'Evaluate the factuality and relevance of text produced by AI models in specific domains', 'Formulate and respond to mathematics-related questions', 'Assess and classify domain-specific responses generated by AI models']",[],,https://www.tealhq.com/job/matem-tico-aplicado_10f2dcda-7c17-4766-abd0-aac1d4e1ef68?utm_campaign=google_jobs_apply&utm_source=google_jobs_apply&utm_medium=organic,,[],2025-06-11
ebe4f0a495a5bdf1871ce7f1db94d9a2,rapidapi1,Matemático Aplicado,Outlier,"Casper, US","Outlier ayuda a las empresas más innovadoras del mundo a mejorar sus modelos de IA proporcionando comentarios humanos. Es usted un experto en matemáticas y le gustaría aportar su experiencia para entrenar modelos de IA?

Sobre la oportunidad:
• Outlier busca un experto en matemáticas con talento para ayudar a entrenar modelos de inteligencia artificial generativa
• Esta oportunidad independiente es remota y los horarios son flexibles, por lo que puede trabajar cuando sea mejor para usted.

Puede contribuir con su experiencia al
• Evaluación de la factualidad y relevancia del texto de un dominio específico producido por modelos de IA
• Elaborar y responder preguntas relacionadas con las matemáticas.
• Evaluación y clasificación de respuestas de dominios específicos generadas por modelos de IA

Ejemplos de experiencia deseable:
• Una licenciatura o título superior en Matemáticas o una materia relacionada.
• Experiencia trabajando como profesional de las Matemáticas.
• Capacidad para escribir claramente sobre conceptos relacionados con las matemáticas en inglés y español con fluidez.

Pago:
• Actualmente, las tarifas salariales para el trabajo de proyectos básicos de los expertos en matemáticas son de hasta $30 - 50 por hora.
• Las tarifas varían según la experiencia, la evaluación de habilidades, la ubicación, la necesidad del proyecto y otros factores. Por ejemplo, se pueden ofrecer tarifas más altas a los doctores. Para trabajos no básicos, como durante la incorporación inicial del proyecto o las fases de horas extras del proyecto, se pueden aplicar tarifas más bajas. Ciertos proyectos ofrecen pagos de incentivos. Revise las condiciones de pago para cada proyecto.

PLEASE NOTE: We collect, retain and use personal data for our professional business purposes, including notifying you of opportunities that may be of interest and sharing with our affiliates. We limit the personal data we collect to that which we believe is appropriate and necessary to manage applicants' needs, provide our services, and comply with applicable laws. Any information we collect in connection with your application will be treated in accordance with the Outlier Privacy Policy and our internal policies and programs designed to protect personal data.

This is a 1099 contract opportunity on the Outlier.ai platform. Because this is a freelance opportunity, we do not offer internships, sponsorship, or employment. You must be authorized to work in your country of residence. If you are an international student, you may be able to sign up for Outlier if you are on a visa. You should contact your tax and/or immigration advisor with specific questions regarding your circumstances.",[],[],,https://talents.vaia.com/companies/outlier/matematico-aplicado-1247395/?utm_campaign=google_jobs_apply&utm_source=google_jobs_apply&utm_medium=organic,,[],2025-06-11
e2b4c8aa6fcce752c3c886403b6137ea,rapidapi1,Matemático Aplicado,Outlier,"Chesapeake, US","About the position

Outlier is seeking a talented mathematics expert to assist in training generative artificial intelligence models. This remote freelance opportunity offers flexible scheduling, allowing you to work at your convenience. The role involves evaluating the factuality and relevance of text produced by AI models, formulating and answering mathematics-related questions, and assessing and classifying domain-specific responses generated by AI.

Responsibilities
• Evaluate the factuality and relevance of text produced by AI models.
,
• Formulate and respond to mathematics-related questions.
,
• Assess and classify domain-specific responses generated by AI.

Requirements
• A bachelor's degree or higher in Mathematics or a related field.
,
• Experience working as a mathematics professional.
,
• Fluency in writing about mathematics concepts in both English and Spanish.

Nice-to-haves
• Experience in training AI models.
,
• Strong analytical skills.

Benefits
• Flexible work hours
,
• Remote work opportunity
,
• Competitive pay based on experience","[""A bachelor's degree or higher in Mathematics or a related field"", 'Experience working as a mathematics professional', 'Fluency in writing about mathematics concepts in both English and Spanish', 'Experience in training AI models', 'Strong analytical skills', 'The role involves evaluating the factuality and relevance of text produced by AI models, formulating and answering mathematics-related questions, and assessing and classifying domain-specific responses generated by AI', 'Evaluate the factuality and relevance of text produced by AI models', 'Formulate and respond to mathematics-related questions', 'Assess and classify domain-specific responses generated by AI']",[],,https://www.tealhq.com/job/matem-tico-aplicado_296b73ad-e53d-4310-8d39-4d8247654e22?utm_campaign=google_jobs_apply&utm_source=google_jobs_apply&utm_medium=organic,,[],2025-06-11
1d879d63b6e31c00e90fa303413b8667,rapidapi1,Matemático Aplicado,Outlier,"Jacksonville, US","Outlier ayuda a las empresas más innovadoras del mundo a mejorar sus modelos de IA proporcionando comentarios humanos. ¿Es usted un experto en matemáticas y le gustaría aportar su experiencia para entrenar modelos de IA?

Sobre la oportunidad:
• Outlier busca un experto en matemáticas con talento para ayudar a entrenar modelos de inteligencia artificial generativa
• Esta oportunidad independiente es remota y los horarios son flexibles, por lo que puede trabajar cuando sea mejor para usted.

Puede contribuir con su experiencia al...
• Evaluación de la factualidad y relevancia del texto de un dominio específico producido por modelos de IA
• Elaborar y responder preguntas relacionadas con las matemáticas.
• Evaluación y clasificación de respuestas de dominios específicos generadas por modelos de IA

Ejemplos de experiencia deseable:
• Una licenciatura o título superior en Matemáticas o una materia relacionada.
• Experiencia trabajando como profesional de las Matemáticas.
• Capacidad para escribir claramente sobre conceptos relacionados con las matemáticas en inglés y español con fluidez.

Pago:
• Actualmente, las tarifas salariales para el trabajo de proyectos básicos de los expertos en matemáticas son de hasta $30 - 50 por hora.
• Las tarifas varían según la experiencia, la evaluación de habilidades, la ubicación, la necesidad del proyecto y otros factores. Por ejemplo, se pueden ofrecer tarifas más altas a los doctores. Para trabajos no básicos, como durante la incorporación inicial del proyecto o las fases de horas extras del proyecto, se pueden aplicar tarifas más bajas. Ciertos proyectos ofrecen pagos de incentivos. Revise las condiciones de pago para cada proyecto.

PLEASE NOTE: We collect, retain and use personal data for our professional business purposes, including notifying you of opportunities that may be of interest and sharing with our affiliates. We limit the personal data we collect to that which we believe is appropriate and necessary to manage applicants’ needs, provide our services, and comply with applicable laws. Any information we collect in connection with your application will be treated in accordance with the Outlier Privacy Policy and our internal policies and programs designed to protect personal data.

This is a 1099 contract opportunity on the Outlier.ai platform. Because this is a freelance opportunity, we do not offer internships, sponsorship, or employment. You must be authorized to work in your country of residence. If you are an international student, you may be able to sign up for Outlier if you are on a visa. You should contact your tax and/or immigration advisor with specific questions regarding your circumstances.",[],[],,https://talents.vaia.com/companies/outlier/matematico-aplicado-696229/?utm_campaign=google_jobs_apply&utm_source=google_jobs_apply&utm_medium=organic,,[],2025-06-11
56a634cc68b972255d0f3b3f9686a76c,rapidapi1,Matemático Aplicado,Outlier,"Athens, US","About the position

Outlier is seeking a talented mathematics expert to assist in training generative artificial intelligence models. This remote freelance opportunity offers flexible scheduling, allowing you to work at your convenience. The role involves evaluating the factuality and relevance of AI-generated text, formulating and answering mathematics-related questions, and assessing and classifying domain-specific responses generated by AI models.

Responsibilities
• Evaluate the factuality and relevance of AI-generated text in specific domains.
,
• Formulate and respond to mathematics-related questions.
,
• Assess and classify domain-specific responses generated by AI models.

Requirements
• A bachelor's degree or higher in Mathematics or a related field.
,
• Experience working as a mathematics professional.
,
• Fluency in English and Spanish, with the ability to write clearly about mathematical concepts.

Nice-to-haves
• Experience in training AI models or working with AI technologies.
,
• Strong analytical and problem-solving skills.

Benefits
• Flexible working hours
,
• Remote work opportunity
,
• Competitive hourly pay ranging from $30 to $50 per hour","[""A bachelor's degree or higher in Mathematics or a related field"", 'Experience working as a mathematics professional', 'Fluency in English and Spanish, with the ability to write clearly about mathematical concepts', 'Experience in training AI models or working with AI technologies', 'Strong analytical and problem-solving skills', 'The role involves evaluating the factuality and relevance of AI-generated text, formulating and answering mathematics-related questions, and assessing and classifying domain-specific responses generated by AI models', 'Evaluate the factuality and relevance of AI-generated text in specific domains', 'Formulate and respond to mathematics-related questions', 'Assess and classify domain-specific responses generated by AI models']",[],,https://www.tealhq.com/job/matem-tico-aplicado_eb47e455-f899-470a-9557-9513cec1aaf3?utm_campaign=google_jobs_apply&utm_source=google_jobs_apply&utm_medium=organic,,[],2025-06-11
daecefb5b44c3e0546a2ec9a7c21381e,rapidapi1,Matemático Aplicado,Outlier,"Bismarck, US","Outlier ayuda a las empresas más innovadoras del mundo a mejorar sus modelos de IA proporcionando comentarios humanos. Es usted un experto en matemáticas y le gustaría aportar su experiencia para entrenar modelos de IA?

Sobre la oportunidad:
• Outlier busca un experto en matemáticas con talento para ayudar a entrenar modelos de inteligencia artificial generativa
• Esta oportunidad independiente es remota y los horarios son flexibles, por lo que puede trabajar cuando sea mejor para usted.

Puede contribuir con su experiencia al
• Evaluación de la factualidad y relevancia del texto de un dominio específico producido por modelos de IA
• Elaborar y responder preguntas relacionadas con las matemáticas.
• Evaluación y clasificación de respuestas de dominios específicos generadas por modelos de IA

Ejemplos de experiencia deseable:
• Una licenciatura o título superior en Matemáticas o una materia relacionada.
• Experiencia trabajando como profesional de las Matemáticas.
• Capacidad para escribir claramente sobre conceptos relacionados con las matemáticas en inglés y español con fluidez.

Pago:
• Actualmente, las tarifas salariales para el trabajo de proyectos básicos de los expertos en matemáticas son de hasta $30 - 50 por hora.
• Las tarifas varían según la experiencia, la evaluación de habilidades, la ubicación, la necesidad del proyecto y otros factores. Por ejemplo, se pueden ofrecer tarifas más altas a los doctores. Para trabajos no básicos, como durante la incorporación inicial del proyecto o las fases de horas extras del proyecto, se pueden aplicar tarifas más bajas. Ciertos proyectos ofrecen pagos de incentivos. Revise las condiciones de pago para cada proyecto.

PLEASE NOTE: We collect, retain and use personal data for our professional business purposes, including notifying you of opportunities that may be of interest and sharing with our affiliates. We limit the personal data we collect to that which we believe is appropriate and necessary to manage applicants' needs, provide our services, and comply with applicable laws. Any information we collect in connection with your application will be treated in accordance with the Outlier Privacy Policy and our internal policies and programs designed to protect personal data.

This is a 1099 contract opportunity on the Outlier.ai platform. Because this is a freelance opportunity, we do not offer internships, sponsorship, or employment. You must be authorized to work in your country of residence. If you are an international student, you may be able to sign up for Outlier if you are on a visa. You should contact your tax and/or immigration advisor with specific questions regarding your circumstances.",[],[],,https://talents.vaia.com/companies/outlier/matematico-aplicado-1246904/?utm_campaign=google_jobs_apply&utm_source=google_jobs_apply&utm_medium=organic,,[],2025-06-11
a337ba89d4ab814b3474ab8449bebefc,rapidapi1,Matemático Aplicado,Outlier,"Savannah, US","About the position

Outlier is seeking a talented mathematics expert to assist in training generative artificial intelligence models. This remote freelance opportunity offers flexible scheduling, allowing you to work at your convenience. The role involves evaluating the factuality and relevance of AI-generated text, formulating and answering mathematics-related questions, and assessing and classifying domain-specific responses produced by AI models.

Responsibilities
• Evaluate the factuality and relevance of AI-generated text in specific domains.
,
• Formulate and respond to mathematics-related questions.
,
• Assess and classify domain-specific responses generated by AI models.

Requirements
• A bachelor's degree or higher in Mathematics or a related field.
,
• Experience working as a mathematics professional.
,
• Fluency in English and Spanish, with the ability to write clearly about mathematical concepts.

Nice-to-haves
• Experience in AI model training or evaluation.
,
• Advanced degrees in Mathematics or related fields.

Benefits
• Flexible work hours
,
• Remote work opportunity
,
• Competitive hourly pay based on experience","[""A bachelor's degree or higher in Mathematics or a related field"", 'Experience working as a mathematics professional', 'Fluency in English and Spanish, with the ability to write clearly about mathematical concepts', 'Experience in AI model training or evaluation', 'Advanced degrees in Mathematics or related fields', 'The role involves evaluating the factuality and relevance of AI-generated text, formulating and answering mathematics-related questions, and assessing and classifying domain-specific responses produced by AI models', 'Evaluate the factuality and relevance of AI-generated text in specific domains', 'Formulate and respond to mathematics-related questions', 'Assess and classify domain-specific responses generated by AI models']",[],,https://www.tealhq.com/job/matem-tico-aplicado_cecce7c0-57eb-486f-9425-f03321980bcd?utm_campaign=google_jobs_apply&utm_source=google_jobs_apply&utm_medium=organic,,[],2025-06-11
67c66a925f1464f470f2b4dee9719ac1,rapidapi1,Matemático Aplicado,Outlier,"Fargo, US","About the position

Outlier is seeking a talented mathematics expert to assist in training generative artificial intelligence models. This remote freelance opportunity offers flexible scheduling, allowing you to work at your convenience while contributing your expertise to evaluate the factuality and relevance of AI-generated text, formulate and respond to mathematics-related questions, and assess and classify domain-specific responses generated by AI models.

Responsibilities
• Evaluate the factuality and relevance of text produced by AI models in specific domains.
,
• Formulate and respond to mathematics-related questions.
,
• Assess and classify domain-specific responses generated by AI models.

Requirements
• A bachelor's degree or higher in Mathematics or a related field.
,
• Experience working as a mathematics professional.
,
• Fluency in English and Spanish, with the ability to write clearly about mathematical concepts.

Nice-to-haves
• Experience in training AI models or working with AI technologies.
,
• Strong analytical and problem-solving skills.

Benefits
• Flexible work hours
,
• Remote work opportunity
,
• Competitive hourly pay ranging from $30 to $50 per hour","[""A bachelor's degree or higher in Mathematics or a related field"", 'Experience working as a mathematics professional', 'Fluency in English and Spanish, with the ability to write clearly about mathematical concepts', 'Experience in training AI models or working with AI technologies', 'Strong analytical and problem-solving skills', 'This remote freelance opportunity offers flexible scheduling, allowing you to work at your convenience while contributing your expertise to evaluate the factuality and relevance of AI-generated text, formulate and respond to mathematics-related questions, and assess and classify domain-specific responses generated by AI models', 'Evaluate the factuality and relevance of text produced by AI models in specific domains', 'Formulate and respond to mathematics-related questions', 'Assess and classify domain-specific responses generated by AI models']",[],,https://www.tealhq.com/job/matem-tico-aplicado_cbe7c972-c1e7-4196-8846-73587b5b81a6?utm_campaign=google_jobs_apply&utm_source=google_jobs_apply&utm_medium=organic,,[],2025-06-11
4d28875d870ca80c09f7f417295af48b,rapidapi1,Matemático Aplicado,Outlier,"Huntsville, US","About the position

Outlier is seeking a talented mathematics expert to assist in training generative artificial intelligence models. This remote freelance opportunity offers flexible scheduling, allowing you to work at your convenience. The role involves evaluating the factuality and relevance of AI-generated text, formulating and answering mathematics-related questions, and assessing and classifying domain-specific responses generated by AI models.

Responsibilities
• Evaluate the factuality and relevance of AI-generated text in specific domains.
,
• Formulate and respond to mathematics-related questions.
,
• Assess and classify domain-specific responses generated by AI models.

Requirements
• A bachelor's degree or higher in Mathematics or a related field.
,
• Experience working as a mathematics professional.
,
• Fluency in English and Spanish, with the ability to write clearly about mathematical concepts.

Nice-to-haves
• Experience in training AI models or working with AI technologies.
,
• Strong analytical and problem-solving skills.

Benefits
• Flexible work hours
,
• Remote work opportunity
,
• Competitive hourly pay based on experience","[""A bachelor's degree or higher in Mathematics or a related field"", 'Experience working as a mathematics professional', 'Fluency in English and Spanish, with the ability to write clearly about mathematical concepts', 'Experience in training AI models or working with AI technologies', 'Strong analytical and problem-solving skills', 'The role involves evaluating the factuality and relevance of AI-generated text, formulating and answering mathematics-related questions, and assessing and classifying domain-specific responses generated by AI models', 'Evaluate the factuality and relevance of AI-generated text in specific domains', 'Formulate and respond to mathematics-related questions', 'Assess and classify domain-specific responses generated by AI models']",[],,https://www.tealhq.com/job/matem-tico-aplicado_be1df412-5343-490e-9daf-1dbd4fabc1c0?utm_campaign=google_jobs_apply&utm_source=google_jobs_apply&utm_medium=organic,,[],2025-06-11
c36c478b467969b0708eaf25860bb313,rapidapi1,Matem/tico Aplicado,Outlier,"Nueva York, US","Outlier ajuda as empresas mais inovadoras do mundo a melhorar seus modelos de IA fornecendo feedback humano. Você é um especialista em Matemática experiente que gostaria de usar sua expertise para treinar modelos de IA?

Sobre a oportunidade:
• Outlier está procurando especialistas em Matemática talentosos para ajudar a treinar modelos de inteligência artificial generativa.
Esta oportunidade freelance é remota e as horas são flexíveis, então você pode trabalhar no horário que for melhor para você.

Você pode contribuir com sua expertise ao…
• Avaliar a factualidade e a relevância de textos específicos de domínio produzidos por modelos de IA
• Criar e responder perguntas relacionadas à Matemática
• Avaliar e classificar as respostas específicas de domínio geradas pelos modelos de IA

Exemplos de expertise desejada:
• Graduação ou superior em Matemática ou área relacionada
• Experiência de trabalho como profissional de Matemática
• Capacidade de escrever claramente sobre conceitos relacionados à Matemática em inglês e português

Pagamento:
• Atualmente, as taxas de pagamento para trabalho em projetos principais por especialistas em Matemática no Brasil variam de 12 a 20 dólares por hora.
• As taxas variam com base em expertise, avaliação de habilidades, localização, necessidade do projeto e outros fatores. Por exemplo, taxas mais altas podem ser oferecidas para doutores. Para trabalho não essencial, como durante a integração inicial de projetos ou fases de horas extras, taxas mais baixas podem ser aplicadas. Alguns projetos oferecem pagamentos por incentivos. Por favor, revise os termos de pagamento para cada projeto.

PLEASE NOTE: We collect, retain and use personal data for our professional business purposes, including notifying you of opportunities that may be of interest and sharing with our affiliates. We limit the personal data we collect to that which we believe is appropriate and necessary to manage applicants’ needs, provide our services, and comply with applicable laws. Any information we collect in connection with your application will be treated in accordance with the Outlier Privacy Policy and our internal policies and programs designed to protect personal data.

This is a 1099 contract opportunity on the Outlier.ai platform. Because this is a freelance opportunity, we do not offer internships, sponsorship, or employment. You must be authorized to work in your country of residence. If you are an international student, you may be able to sign up for Outlier if you are on a visa. You should contact your tax and/or immigration advisor with specific questions regarding your circumstances.

Original job Matem/tico Aplicado posted on GrabJobs ©. To flag any issues with this job please use the Report Job button on GrabJobs.",[],[],,https://grabjobs.co/us/job/full-time/others/matemtico-aplicado-137198433?utm_campaign=google_jobs_apply&utm_source=google_jobs_apply&utm_medium=organic,,[],2025-06-11
8ccacc25c4968e4284cd067c8919961d,rapidapi1,Matemático Aplicado,Outlier,"Billings, US","About the position

Outlier is seeking a talented mathematics expert to assist in training generative artificial intelligence models. This remote freelance opportunity offers flexible scheduling, allowing you to work at your convenience. The role involves evaluating the factuality and relevance of AI-generated text, formulating and answering mathematics-related questions, and assessing and classifying domain-specific responses produced by AI models.

Responsibilities
• Evaluate the factuality and relevance of AI-generated text in specific domains.
,
• Formulate and respond to mathematics-related questions.
,
• Assess and classify domain-specific responses generated by AI models.

Requirements
• A bachelor's degree or higher in Mathematics or a related field.
,
• Experience working as a mathematics professional.
,
• Fluency in English and Spanish, with the ability to write clearly about mathematical concepts.

Nice-to-haves
• Experience in training AI models or working with AI technologies.
,
• Strong analytical and problem-solving skills.

Benefits
• Flexible work hours
,
• Remote work opportunity
,
• Competitive hourly pay ranging from $30 to $50 per hour","[""A bachelor's degree or higher in Mathematics or a related field"", 'Experience working as a mathematics professional', 'Fluency in English and Spanish, with the ability to write clearly about mathematical concepts', 'Experience in training AI models or working with AI technologies', 'Strong analytical and problem-solving skills', 'The role involves evaluating the factuality and relevance of AI-generated text, formulating and answering mathematics-related questions, and assessing and classifying domain-specific responses produced by AI models', 'Evaluate the factuality and relevance of AI-generated text in specific domains', 'Formulate and respond to mathematics-related questions', 'Assess and classify domain-specific responses generated by AI models']",[],,https://www.tealhq.com/job/matem-tico-aplicado_a5bd022a-871d-4f68-b20c-59e5c1bd9edb?utm_campaign=google_jobs_apply&utm_source=google_jobs_apply&utm_medium=organic,,[],2025-06-11
6187897b6de83365be6db1d3537db3bc,rapidapi1,Matemático Aplicado,Outlier,"Green Bay, US","About the position

Outlier is seeking a talented mathematics expert to assist in training generative artificial intelligence models. This remote, independent opportunity offers flexible scheduling, allowing you to work at your convenience. Your contributions will include evaluating the factuality and relevance of AI-generated text, formulating and answering mathematics-related questions, and assessing and classifying domain-specific responses produced by AI models.

Responsibilities
• Evaluate the factuality and relevance of AI-generated text in specific domains.
,
• Formulate and respond to mathematics-related questions.
,
• Assess and classify domain-specific responses generated by AI models.

Requirements
• Bachelor's degree or higher in Mathematics or a related field.
,
• Experience working as a mathematics professional.
,
• Ability to write clearly about mathematical concepts in both English and Spanish.

Nice-to-haves
• Experience in training AI models or working with generative AI technologies.
,
• Familiarity with AI evaluation metrics and methodologies.

Benefits
• Flexible working hours
,
• Remote work opportunity
,
• Competitive hourly pay ranging from $30 to $50, depending on experience and project needs.","[""Bachelor's degree or higher in Mathematics or a related field"", 'Experience working as a mathematics professional', 'Ability to write clearly about mathematical concepts in both English and Spanish', 'Experience in training AI models or working with generative AI technologies', 'Familiarity with AI evaluation metrics and methodologies', 'Your contributions will include evaluating the factuality and relevance of AI-generated text, formulating and answering mathematics-related questions, and assessing and classifying domain-specific responses produced by AI models', 'Evaluate the factuality and relevance of AI-generated text in specific domains', 'Formulate and respond to mathematics-related questions', 'Assess and classify domain-specific responses generated by AI models']",[],,https://www.tealhq.com/job/matem-tico-aplicado_dbf071b1-8b12-4e95-8dae-8ae38bec03e8?utm_campaign=google_jobs_apply&utm_source=google_jobs_apply&utm_medium=organic,,[],2025-06-11
2f9712339ffd5fd75aa024dc9d6f48d3,rapidapi1,Matemático Aplicado,Outlier,"Tempe, US","About the position

Outlier is seeking a talented mathematics expert to assist in training generative artificial intelligence models. This remote, independent opportunity offers flexible scheduling, allowing you to work at your convenience. Your contributions will involve evaluating the factuality and relevance of AI-generated text, formulating and answering mathematics-related questions, and assessing and classifying domain-specific responses produced by AI models.

Responsibilities
• Evaluate the factuality and relevance of AI-generated text in specific domains.
,
• Formulate and respond to mathematics-related questions.
,
• Assess and classify domain-specific responses generated by AI models.

Requirements
• A bachelor's degree or higher in Mathematics or a related field.
,
• Experience working as a mathematics professional.
,
• Ability to write clearly about mathematics concepts in both English and Spanish.

Nice-to-haves
• Experience in training AI models or working with generative AI technologies.
,
• Familiarity with AI evaluation metrics and methodologies.

Benefits
• Flexible working hours allowing you to work when it suits you best.
,
• Competitive pay rates ranging from $30 to $50 per hour based on experience and project needs.","[""A bachelor's degree or higher in Mathematics or a related field"", 'Experience working as a mathematics professional', 'Ability to write clearly about mathematics concepts in both English and Spanish', 'Experience in training AI models or working with generative AI technologies', 'Familiarity with AI evaluation metrics and methodologies', 'Your contributions will involve evaluating the factuality and relevance of AI-generated text, formulating and answering mathematics-related questions, and assessing and classifying domain-specific responses produced by AI models', 'Evaluate the factuality and relevance of AI-generated text in specific domains', 'Formulate and respond to mathematics-related questions', 'Assess and classify domain-specific responses generated by AI models']",[],,https://www.tealhq.com/job/matem-tico-aplicado_fc521e95-12f9-40f6-9d85-0a5aecf05586?utm_campaign=google_jobs_apply&utm_source=google_jobs_apply&utm_medium=organic,,[],2025-06-11
e99734e592b370d2a77b0f16deeb66d5,rapidapi1,Matemático Aplicado – Portugal,Outlier,"Dover, US","Outlier ajuda as empresas mais inovadoras do mundo a melhorar seus modelos de IA, fornecendo feedback humano. Você é um especialista experiente em matemática e gostaria de emprestar seus conhecimentos para treinar modelos de IA? Sobre a oportunidade: Outlier está procurando um talentoso especialista em matemática para ajudar a treinar modelos generativos de inteligência artificial. Esta oportunidade freelance é remota e os horários são flexíveis, para que você possa trabalhar quando for melhor para você. Você pode contribuir com sua experiência… Avaliando a factualidade e a relevância do texto específico do domínio produzido por modelos de IA Elaborando e respondendo questões relacionadas à Matemática Avaliação e classificação de respostas específicas de domínio geradas por modelos de IA Exemplos de conhecimentos desejáveis: Um diploma de bacharel ou superior em Matemática ou assunto relacionado Experiência de trabalho como profissional de matemática Capacidade de escrever claramente sobre conceitos relacionados à Matemática em inglês fluente e Português Pagamento : Atualmente, as taxas de pagamento para trabalhos de projetos principais realizados por especialistas em matemática são de até 19,5-32,5 dólares americanos por hora As taxas variam com base na experiência, avaliação de habilidades, localização, necessidade do projeto e outros fatores. Por exemplo, taxas mais elevadas podem ser oferecidas aos doutores. Para trabalhos não essenciais, como durante a integração inicial do projeto ou fases de horas extras do projeto, podem ser aplicadas taxas mais baixas. Certos projetos oferecem pagamentos de incentivos. Por favor, revise as condições de pagamento de cada projeto. ATENÇÃO: Coletamos, retemos e usamos dados pessoais para nossos fins comerciais profissionais, incluindo notificá-lo sobre oportunidades que possam ser de seu interesse e compartilhá-los com nossos afiliados. Limitamos os dados pessoais que coletamos àqueles que acreditamos serem apropriados e necessários para gerenciar as necessidades dos candidatos, fornecer nossos serviços e cumprir as leis aplicáveis. Qualquer informação que coletarmos em relação à sua inscrição será tratada de acordo com a Política de Privacidade do Outlier e com nossas políticas e programas internos desenvolvidos para proteger dados pessoais. Esta é uma oportunidade de contrato 1.099 na plataforma Outlier.ai. Por se tratar de uma oportunidade freelance, não oferecemos estágios, patrocínio ou emprego. Você deve estar autorizado a trabalhar no seu país de residência. Se você for um estudante internacional, poderá se inscrever no Outlier se estiver com visto. Você deve entrar em contato com seu consultor fiscal e/ou de imigração com perguntas específicas sobre suas circunstâncias. PLEASE NOTE: We collect, retain and use personal data for our professional business purposes, including notifying you of opportunities that may be of interest and sharing with our affiliates. We limit the personal data we collect to that which we believe is appropriate and necessary to manage applicants’ needs, provide our services, and comply with applicable laws. Any information we collect in connection with your application will be treated in accordance with the Outlier Privacy Policy and our internal policies and programs designed to protect personal data. This is a 1099 contract opportunity on the Outlier.ai platform. Because this is a freelance opportunity, we do not offer internships, sponsorship, or employment. You must be authorized to work in your country of residence. If you are an international student, you may be able to sign up for Outlier if you are on a visa. You should contact your tax and/or immigration advisor with specific questions regarding your circumstances.",[],[],,https://talents.vaia.com/companies/outlier/matematico-aplicado-portugal-1568162/?utm_campaign=google_jobs_apply&utm_source=google_jobs_apply&utm_medium=organic,,[],2025-06-11
fa46e045b0fc09445f3d65b9fd18115e,rapidapi1,Matemático Aplicado,Outlier,"Omaha, US","About the position

Outlier is seeking a talented mathematics expert to assist in training generative artificial intelligence models. This remote freelance opportunity offers flexible scheduling, allowing you to work at your convenience while contributing your expertise to evaluate the factuality and relevance of AI-generated text, as well as to formulate and respond to mathematics-related questions.

Responsibilities
• Evaluate the factuality and relevance of domain-specific text produced by AI models.
,
• Formulate and respond to mathematics-related questions.
,
• Assess and classify domain-specific responses generated by AI models.

Requirements
• A bachelor's degree or higher in Mathematics or a related field.
,
• Experience working as a mathematics professional.
,
• Fluency in English and Spanish, with the ability to write clearly about mathematical concepts.

Nice-to-haves
• Experience in training AI models or working with AI technologies.
,
• Strong analytical and problem-solving skills.

Benefits
• Flexible working hours
,
• Remote work opportunity
,
• Competitive hourly pay ranging from $30 to $50 per hour","[""A bachelor's degree or higher in Mathematics or a related field"", 'Experience working as a mathematics professional', 'Fluency in English and Spanish, with the ability to write clearly about mathematical concepts', 'Experience in training AI models or working with AI technologies', 'Strong analytical and problem-solving skills', 'This remote freelance opportunity offers flexible scheduling, allowing you to work at your convenience while contributing your expertise to evaluate the factuality and relevance of AI-generated text, as well as to formulate and respond to mathematics-related questions', 'Evaluate the factuality and relevance of domain-specific text produced by AI models', 'Formulate and respond to mathematics-related questions', 'Assess and classify domain-specific responses generated by AI models']",[],,https://www.tealhq.com/job/matem-tico-aplicado_ee7da88b-edec-4246-85cb-3c447f070035?utm_campaign=google_jobs_apply&utm_source=google_jobs_apply&utm_medium=organic,,[],2025-06-11
c2bc31f0ab35eebf8ae0bcd0eb7d57f5,rapidapi1,Matemático Aplicado – Portugal,Outlier,"Lakeland, US","Outlier ajuda as empresas mais inovadoras do mundo a melhorar seus modelos de IA, fornecendo feedback humano. Você é um especialista experiente em matemática e gostaria de emprestar seus conhecimentos para treinar modelos de IA? Sobre a oportunidade: Outlier está procurando um talentoso especialista em matemática para ajudar a treinar modelos generativos de inteligência artificial. Esta oportunidade freelance é remota e os horários são flexíveis, para que você possa trabalhar quando for melhor para você. Você pode contribuir com sua experiência… Avaliando a factualidade e a relevância do texto específico do domínio produzido por modelos de IA Elaborando e respondendo questões relacionadas à Matemática Avaliação e classificação de respostas específicas de domínio geradas por modelos de IA Exemplos de conhecimentos desejáveis: Um diploma de bacharel ou superior em Matemática ou assunto relacionado Experiência de trabalho como profissional de matemática Capacidade de escrever claramente sobre conceitos relacionados à Matemática em inglês fluente e Português Pagamento : Atualmente, as taxas de pagamento para trabalhos de projetos principais realizados por especialistas em matemática são de até 19,5-32,5 dólares americanos por hora As taxas variam com base na experiência, avaliação de habilidades, localização, necessidade do projeto e outros fatores. Por exemplo, taxas mais elevadas podem ser oferecidas aos doutores. Para trabalhos não essenciais, como durante a integração inicial do projeto ou fases de horas extras do projeto, podem ser aplicadas taxas mais baixas. Certos projetos oferecem pagamentos de incentivos. Por favor, revise as condições de pagamento de cada projeto. ATENÇÃO: Coletamos, retemos e usamos dados pessoais para nossos fins comerciais profissionais, incluindo notificá-lo sobre oportunidades que possam ser de seu interesse e compartilhá-los com nossos afiliados. Limitamos os dados pessoais que coletamos àqueles que acreditamos serem apropriados e necessários para gerenciar as necessidades dos candidatos, fornecer nossos serviços e cumprir as leis aplicáveis. Qualquer informação que coletarmos em relação à sua inscrição será tratada de acordo com a Política de Privacidade do Outlier e com nossas políticas e programas internos desenvolvidos para proteger dados pessoais. Esta é uma oportunidade de contrato 1.099 na plataforma Outlier.ai. Por se tratar de uma oportunidade freelance, não oferecemos estágios, patrocínio ou emprego. Você deve estar autorizado a trabalhar no seu país de residência. Se você for um estudante internacional, poderá se inscrever no Outlier se estiver com visto. Você deve entrar em contato com seu consultor fiscal e/ou de imigração com perguntas específicas sobre suas circunstâncias. PLEASE NOTE: We collect, retain and use personal data for our professional business purposes, including notifying you of opportunities that may be of interest and sharing with our affiliates. We limit the personal data we collect to that which we believe is appropriate and necessary to manage applicants’ needs, provide our services, and comply with applicable laws. Any information we collect in connection with your application will be treated in accordance with the Outlier Privacy Policy and our internal policies and programs designed to protect personal data. This is a 1099 contract opportunity on the Outlier.ai platform. Because this is a freelance opportunity, we do not offer internships, sponsorship, or employment. You must be authorized to work in your country of residence. If you are an international student, you may be able to sign up for Outlier if you are on a visa. You should contact your tax and/or immigration advisor with specific questions regarding your circumstances.",[],[],,https://talents.vaia.com/companies/outlier/matematico-aplicado-portugal-1442064/?utm_campaign=google_jobs_apply&utm_source=google_jobs_apply&utm_medium=organic,,[],2025-06-11
f00087e22579ee21e3b0b5886711f4a8,rapidapi1,Matemático Aplicado,Outlier,"Fort Lauderdale, US","About the position

Outlier is seeking a talented mathematics expert to assist in training generative artificial intelligence models. This remote freelance opportunity offers flexible scheduling, allowing you to work at your convenience. The role involves evaluating the factuality and relevance of AI-generated text, formulating and answering mathematics-related questions, and assessing and classifying domain-specific responses generated by AI models.

Responsibilities
• Evaluate the factuality and relevance of AI-generated text in a specific domain.
,
• Formulate and respond to mathematics-related questions.
,
• Assess and classify domain-specific responses generated by AI models.

Requirements
• A bachelor's degree or higher in Mathematics or a related field.
,
• Experience working as a mathematics professional.
,
• Fluency in writing about mathematics concepts in both English and Spanish.

Nice-to-haves
• Experience in training AI models or working with AI technologies.
,
• Strong analytical and problem-solving skills.

Benefits
• Flexible working hours
,
• Remote work opportunity
,
• Competitive hourly pay ranging from $30 to $50 per hour","[""A bachelor's degree or higher in Mathematics or a related field"", 'Experience working as a mathematics professional', 'Fluency in writing about mathematics concepts in both English and Spanish', 'Experience in training AI models or working with AI technologies', 'Strong analytical and problem-solving skills', 'The role involves evaluating the factuality and relevance of AI-generated text, formulating and answering mathematics-related questions, and assessing and classifying domain-specific responses generated by AI models', 'Evaluate the factuality and relevance of AI-generated text in a specific domain', 'Formulate and respond to mathematics-related questions', 'Assess and classify domain-specific responses generated by AI models']",[],,https://www.tealhq.com/job/matem-tico-aplicado_44ced056-b676-4f9d-8487-86df85d22ad2?utm_campaign=google_jobs_apply&utm_source=google_jobs_apply&utm_medium=organic,,[],2025-06-11
3667a87a70f2126098449b655cc418cd,rapidapi1,Matemático Aplicado,Outlier,"Aurora, US","About the position

Outlier is seeking a talented mathematics expert to assist in training generative artificial intelligence models. This remote freelance opportunity offers flexible scheduling, allowing you to work at your convenience. The role involves evaluating the factuality and relevance of AI-generated text, formulating and answering mathematics-related questions, and assessing and classifying domain-specific responses produced by AI models.

Responsibilities
• Evaluate the factuality and relevance of text produced by AI models in specific domains.
,
• Formulate and respond to mathematics-related questions.
,
• Assess and classify domain-specific responses generated by AI models.

Requirements
• A bachelor's degree or higher in Mathematics or a related field.
,
• Experience working as a mathematics professional.
,
• Fluency in English and Spanish, with the ability to write clearly about mathematical concepts.

Nice-to-haves
• Experience in training AI models or working with AI technologies.
,
• Strong analytical and problem-solving skills.

Benefits
• Flexible work hours
,
• Remote work opportunity
,
• Competitive hourly pay based on experience","[""A bachelor's degree or higher in Mathematics or a related field"", 'Experience working as a mathematics professional', 'Fluency in English and Spanish, with the ability to write clearly about mathematical concepts', 'Experience in training AI models or working with AI technologies', 'Strong analytical and problem-solving skills', 'The role involves evaluating the factuality and relevance of AI-generated text, formulating and answering mathematics-related questions, and assessing and classifying domain-specific responses produced by AI models', 'Evaluate the factuality and relevance of text produced by AI models in specific domains', 'Formulate and respond to mathematics-related questions', 'Assess and classify domain-specific responses generated by AI models']",[],,https://www.tealhq.com/job/matem-tico-aplicado_dc71e6b0-5083-4f26-899a-9419f2f4b0c6?utm_campaign=google_jobs_apply&utm_source=google_jobs_apply&utm_medium=organic,,[],2025-06-11
9fe0e8a3f76142fd442bf871c636f27e,rapidapi1,Matemático Aplicado – Portugal,Outlier,"Denton, US","Outlier ajuda as empresas mais inovadoras do mundo a melhorar seus modelos de IA, fornecendo feedback humano. Você é um especialista experiente em matemática e gostaria de emprestar seus conhecimentos para treinar modelos de IA? Sobre a oportunidade: Outlier está procurando um talentoso especialista em matemática para ajudar a treinar modelos generativos de inteligência artificial. Esta oportunidade freelance é remota e os horários são flexíveis, para que você possa trabalhar quando for melhor para você. Você pode contribuir com sua experiência… Avaliando a factualidade e a relevância do texto específico do domínio produzido por modelos de IA Elaborando e respondendo questões relacionadas à Matemática Avaliação e classificação de respostas específicas de domínio geradas por modelos de IA Exemplos de conhecimentos desejáveis: Um diploma de bacharel ou superior em Matemática ou assunto relacionado Experiência de trabalho como profissional de matemática Capacidade de escrever claramente sobre conceitos relacionados à Matemática em inglês fluente e Português Pagamento : Atualmente, as taxas de pagamento para trabalhos de projetos principais realizados por especialistas em matemática são de até 19,5-32,5 dólares americanos por hora As taxas variam com base na experiência, avaliação de habilidades, localização, necessidade do projeto e outros fatores. Por exemplo, taxas mais elevadas podem ser oferecidas aos doutores. Para trabalhos não essenciais, como durante a integração inicial do projeto ou fases de horas extras do projeto, podem ser aplicadas taxas mais baixas. Certos projetos oferecem pagamentos de incentivos. Por favor, revise as condições de pagamento de cada projeto. ATENÇÃO: Coletamos, retemos e usamos dados pessoais para nossos fins comerciais profissionais, incluindo notificá-lo sobre oportunidades que possam ser de seu interesse e compartilhá-los com nossos afiliados. Limitamos os dados pessoais que coletamos àqueles que acreditamos serem apropriados e necessários para gerenciar as necessidades dos candidatos, fornecer nossos serviços e cumprir as leis aplicáveis. Qualquer informação que coletarmos em relação à sua inscrição será tratada de acordo com a Política de Privacidade do Outlier e com nossas políticas e programas internos desenvolvidos para proteger dados pessoais. Esta é uma oportunidade de contrato 1.099 na plataforma Outlier.ai. Por se tratar de uma oportunidade freelance, não oferecemos estágios, patrocínio ou emprego. Você deve estar autorizado a trabalhar no seu país de residência. Se você for um estudante internacional, poderá se inscrever no Outlier se estiver com visto. Você deve entrar em contato com seu consultor fiscal e/ou de imigração com perguntas específicas sobre suas circunstâncias. PLEASE NOTE: We collect, retain and use personal data for our professional business purposes, including notifying you of opportunities that may be of interest and sharing with our affiliates. We limit the personal data we collect to that which we believe is appropriate and necessary to manage applicants’ needs, provide our services, and comply with applicable laws. Any information we collect in connection with your application will be treated in accordance with the Outlier Privacy Policy and our internal policies and programs designed to protect personal data. This is a 1099 contract opportunity on the Outlier.ai platform. Because this is a freelance opportunity, we do not offer internships, sponsorship, or employment. You must be authorized to work in your country of residence. If you are an international student, you may be able to sign up for Outlier if you are on a visa. You should contact your tax and/or immigration advisor with specific questions regarding your circumstances.",[],[],,https://talents.vaia.com/companies/outlier/matematico-aplicado-portugal-1089759/?utm_campaign=google_jobs_apply&utm_source=google_jobs_apply&utm_medium=organic,,[],2025-06-11
264f74b94972519f05b3bde5228c09fb,rapidapi1,Matemático Aplicado,Outlier,"Nampa, US","About the position

Outlier is seeking a talented mathematics expert to assist in training generative artificial intelligence models. This remote, independent opportunity offers flexible scheduling, allowing you to work at your convenience. Your contributions will focus on evaluating the factuality and relevance of AI-generated text, formulating and answering mathematics-related questions, and assessing and classifying domain-specific responses produced by AI models.

Responsibilities
• Evaluate the factuality and relevance of AI-generated text in specific domains.
,
• Formulate and respond to mathematics-related questions.
,
• Assess and classify domain-specific responses generated by AI models.

Requirements
• A bachelor's degree or higher in Mathematics or a related field.
,
• Experience working as a mathematics professional.
,
• Ability to write clearly about mathematics concepts in both English and Spanish fluently.

Nice-to-haves
• Experience in training AI models or working with generative AI technologies.
,
• Familiarity with AI evaluation metrics and methodologies.

Benefits
• Flexible working hours
,
• Remote work opportunity
,
• Competitive hourly pay ranging from $30 to $50, depending on experience and project needs.","[""A bachelor's degree or higher in Mathematics or a related field"", 'Experience working as a mathematics professional', 'Ability to write clearly about mathematics concepts in both English and Spanish fluently', 'Experience in training AI models or working with generative AI technologies', 'Familiarity with AI evaluation metrics and methodologies', 'Your contributions will focus on evaluating the factuality and relevance of AI-generated text, formulating and answering mathematics-related questions, and assessing and classifying domain-specific responses produced by AI models', 'Evaluate the factuality and relevance of AI-generated text in specific domains', 'Formulate and respond to mathematics-related questions', 'Assess and classify domain-specific responses generated by AI models']",[],,https://www.tealhq.com/job/matem-tico-aplicado_d9117b7c-50b8-442a-947b-c119e9c5a9ab?utm_campaign=google_jobs_apply&utm_source=google_jobs_apply&utm_medium=organic,,[],2025-06-11
0f4558a482bb655a80d6408b09b6acdb,rapidapi1,Matemático Aplicado,Outlier,"Columbia, US","About the position

Outlier is seeking a talented mathematics expert to assist in training generative artificial intelligence models. This remote freelance opportunity offers flexible scheduling, allowing you to work at your convenience while contributing your expertise to evaluate the factuality and relevance of AI-generated text, formulate and respond to mathematics-related questions, and assess and classify domain-specific responses generated by AI models.

Responsibilities
• Evaluate the factuality and relevance of text produced by AI models in specific domains.
,
• Formulate and respond to mathematics-related questions.
,
• Assess and classify domain-specific responses generated by AI models.

Requirements
• A bachelor's degree or higher in Mathematics or a related field.
,
• Experience working as a mathematics professional.
,
• Ability to write clearly about mathematics concepts in both English and Spanish.

Nice-to-haves
• Experience in training AI models or working with AI technologies.
,
• Strong analytical skills and attention to detail.

Benefits
• Flexible work hours
,
• Remote work opportunity
,
• Competitive hourly pay based on experience","[""A bachelor's degree or higher in Mathematics or a related field"", 'Experience working as a mathematics professional', 'Ability to write clearly about mathematics concepts in both English and Spanish', 'Experience in training AI models or working with AI technologies', 'Strong analytical skills and attention to detail', 'This remote freelance opportunity offers flexible scheduling, allowing you to work at your convenience while contributing your expertise to evaluate the factuality and relevance of AI-generated text, formulate and respond to mathematics-related questions, and assess and classify domain-specific responses generated by AI models', 'Evaluate the factuality and relevance of text produced by AI models in specific domains', 'Formulate and respond to mathematics-related questions', 'Assess and classify domain-specific responses generated by AI models']",[],,https://www.tealhq.com/job/matem-tico-aplicado_e13b4c97-9d2d-448b-9337-4bdc994a40d7?utm_campaign=google_jobs_apply&utm_source=google_jobs_apply&utm_medium=organic,,[],2025-06-11
a2d760da921515d710ba1a57fd01d70f,rapidapi1,Matemático Aplicado,Outlier,"Fort Collins, US","About the position

Outlier is seeking a talented mathematics expert to assist in training generative artificial intelligence models. This remote freelance opportunity offers flexible scheduling, allowing you to work at your convenience while contributing your expertise to evaluate the factuality and relevance of AI-generated text, formulate and respond to mathematics-related questions, and assess and classify domain-specific responses generated by AI models.

Responsibilities
• Evaluate the factuality and relevance of text produced by AI models in specific domains.
,
• Formulate and respond to mathematics-related questions.
,
• Assess and classify domain-specific responses generated by AI models.

Requirements
• A bachelor's degree or higher in Mathematics or a related field.
,
• Experience working as a mathematics professional.
,
• Fluency in English and Spanish, with the ability to write clearly about mathematical concepts.

Nice-to-haves
• Experience in training AI models or working with generative AI technologies.
,
• Advanced degrees in Mathematics or related fields.

Benefits
• Flexible work hours allowing you to work when it suits you.
,
• Remote work opportunity.","[""A bachelor's degree or higher in Mathematics or a related field"", 'Experience working as a mathematics professional', 'Fluency in English and Spanish, with the ability to write clearly about mathematical concepts', 'Experience in training AI models or working with generative AI technologies', 'Advanced degrees in Mathematics or related fields', 'This remote freelance opportunity offers flexible scheduling, allowing you to work at your convenience while contributing your expertise to evaluate the factuality and relevance of AI-generated text, formulate and respond to mathematics-related questions, and assess and classify domain-specific responses generated by AI models', 'Evaluate the factuality and relevance of text produced by AI models in specific domains', 'Formulate and respond to mathematics-related questions', 'Assess and classify domain-specific responses generated by AI models']",[],,https://www.tealhq.com/job/matem-tico-aplicado_7bdc30b7-5c1d-40ac-b2da-6ce44c82924e?utm_campaign=google_jobs_apply&utm_source=google_jobs_apply&utm_medium=organic,,[],2025-06-11
a53279f4bb71ed45b45297909813568f,rapidapi1,Matemático Aplicado,Outlier,"Springdale, US","About the position

Outlier is seeking a talented mathematics expert to assist in training generative artificial intelligence models. This remote, independent opportunity offers flexible scheduling, allowing you to work at your convenience. Your contributions will focus on evaluating the factuality and relevance of AI-generated text, formulating and answering mathematics-related questions, and assessing and classifying domain-specific responses produced by AI models.

Responsibilities
• Evaluate the factuality and relevance of AI-generated text in specific domains.
,
• Formulate and respond to mathematics-related questions.
,
• Assess and classify domain-specific responses generated by AI models.

Requirements
• A bachelor's degree or higher in Mathematics or a related field.
,
• Experience working as a mathematics professional.
,
• Ability to write clearly about mathematics concepts in both English and Spanish fluently.

Nice-to-haves
• Experience in training AI models or working with generative AI technologies.
,
• Familiarity with AI evaluation metrics and methodologies.

Benefits
• Flexible working hours allowing you to work when it suits you best.
,
• Competitive pay rates ranging from $30 to $50 per hour based on experience and project needs.","[""A bachelor's degree or higher in Mathematics or a related field"", 'Experience working as a mathematics professional', 'Ability to write clearly about mathematics concepts in both English and Spanish fluently', 'Experience in training AI models or working with generative AI technologies', 'Familiarity with AI evaluation metrics and methodologies', 'Your contributions will focus on evaluating the factuality and relevance of AI-generated text, formulating and answering mathematics-related questions, and assessing and classifying domain-specific responses produced by AI models', 'Evaluate the factuality and relevance of AI-generated text in specific domains', 'Formulate and respond to mathematics-related questions', 'Assess and classify domain-specific responses generated by AI models']",[],,https://www.tealhq.com/job/matem-tico-aplicado_278e0bfe-ba8b-4da9-98ec-6ea0720273db?utm_campaign=google_jobs_apply&utm_source=google_jobs_apply&utm_medium=organic,,[],2025-06-11
2ab4d3de8408c2dacb44b2fc900bbfba,rapidapi1,Matemático Aplicado,Outlier,"East Grand Rapids, US","Outlier ayuda a las empresas más innovadoras del mundo a mejorar sus modelos de IA proporcionando comentarios humanos. Es usted un experto en matemáticas y le gustaría aportar su experiencia para entrenar modelos de IA?

Sobre la oportunidad:
• Outlier busca un experto en matemáticas con talento para ayudar a entrenar modelos de inteligencia artificial generativa
• Esta oportunidad independiente es remota y los horarios son flexibles, por lo que puede trabajar cuando sea mejor para usted.

Puede contribuir con su experiencia al
• Evaluación de la factualidad y relevancia del texto de un dominio específico producido por modelos de IA
• Elaborar y responder preguntas relacionadas con las matemáticas.
• Evaluación y clasificación de respuestas de dominios específicos generadas por modelos de IA

Ejemplos de experiencia deseable:
• Una licenciatura o título superior en Matemáticas o una materia relacionada.
• Experiencia trabajando como profesional de las Matemáticas.
• Capacidad para escribir claramente sobre conceptos relacionados con las matemáticas en inglés y español con fluidez.

Pago:
• Actualmente, las tarifas salariales para el trabajo de proyectos básicos de los expertos en matemáticas son de hasta $30 - 50 por hora.
• Las tarifas varían según la experiencia, la evaluación de habilidades, la ubicación, la necesidad del proyecto y otros factores. Por ejemplo, se pueden ofrecer tarifas más altas a los doctores. Para trabajos no básicos, como durante la incorporación inicial del proyecto o las fases de horas extras del proyecto, se pueden aplicar tarifas más bajas. Ciertos proyectos ofrecen pagos de incentivos. Revise las condiciones de pago para cada proyecto.

PLEASE NOTE: We collect, retain and use personal data for our professional business purposes, including notifying you of opportunities that may be of interest and sharing with our affiliates. We limit the personal data we collect to that which we believe is appropriate and necessary to manage applicants' needs, provide our services, and comply with applicable laws. Any information we collect in connection with your application will be treated in accordance with the Outlier Privacy Policy and our internal policies and programs designed to protect personal data.

This is a 1099 contract opportunity on the Outlier.ai platform. Because this is a freelance opportunity, we do not offer internships, sponsorship, or employment. You must be authorized to work in your country of residence. If you are an international student, you may be able to sign up for Outlier if you are on a visa. You should contact your tax and/or immigration advisor with specific questions regarding your circumstances.",[],[],,https://talents.vaia.com/companies/outlier/matematico-aplicado-1246887/?utm_campaign=google_jobs_apply&utm_source=google_jobs_apply&utm_medium=organic,,[],2025-06-11
b2a7853c4c0a8f60b0e5cfead383bbf8,rapidapi1,Matemático Aplicado,Outlier,"Birmingham, US","About the position

Outlier is seeking a talented mathematics expert to assist in training generative artificial intelligence models. This remote freelance opportunity offers flexible scheduling, allowing you to work at your convenience. Your contributions will include evaluating the factuality and relevance of AI-generated text, formulating and answering mathematics-related questions, and assessing and classifying domain-specific responses generated by AI models.

Responsibilities
• Evaluate the factuality and relevance of AI-generated text in specific domains.
,
• Formulate and respond to mathematics-related questions.
,
• Assess and classify domain-specific responses generated by AI models.

Requirements
• A bachelor's degree or higher in Mathematics or a related field.
,
• Experience working as a mathematics professional.
,
• Fluency in writing about mathematics concepts in both English and Spanish.

Nice-to-haves
• Experience in training AI models or working with AI technologies.
,
• Strong analytical and problem-solving skills.

Benefits
• Flexible working hours
,
• Remote work opportunity
,
• Competitive hourly pay based on experience","[""A bachelor's degree or higher in Mathematics or a related field"", 'Experience working as a mathematics professional', 'Fluency in writing about mathematics concepts in both English and Spanish', 'Experience in training AI models or working with AI technologies', 'Strong analytical and problem-solving skills', 'Your contributions will include evaluating the factuality and relevance of AI-generated text, formulating and answering mathematics-related questions, and assessing and classifying domain-specific responses generated by AI models', 'Evaluate the factuality and relevance of AI-generated text in specific domains', 'Formulate and respond to mathematics-related questions', 'Assess and classify domain-specific responses generated by AI models']",[],,https://www.tealhq.com/job/matem-tico-aplicado_00f5e56c-43b2-4aaf-8c2b-b3b73f3ab5d9?utm_campaign=google_jobs_apply&utm_source=google_jobs_apply&utm_medium=organic,,[],2025-06-11
557ef1381a835437ad1cca161f6eb8ff,rapidapi1,Matemático Aplicado,Outlier,"Cleveland, US","About the position

Outlier is seeking a talented mathematics expert to assist in training generative artificial intelligence models. This remote, independent opportunity offers flexible scheduling, allowing you to work at your convenience. Your contributions will focus on evaluating the factuality and relevance of AI-generated text, formulating and answering mathematics-related questions, and assessing and classifying domain-specific responses produced by AI models.

Responsibilities
• Evaluate the factuality and relevance of AI-generated text in specific domains.
,
• Formulate and respond to mathematics-related questions.
,
• Assess and classify domain-specific responses generated by AI models.

Requirements
• A bachelor's degree or higher in Mathematics or a related field.
,
• Experience working as a mathematics professional.
,
• Ability to write clearly about mathematical concepts in both English and Spanish fluently.

Nice-to-haves
• Experience in training AI models or working with generative AI technologies.
,
• Familiarity with AI evaluation metrics and methodologies.

Benefits
• Flexible working hours allowing you to work when it suits you.
,
• Competitive pay rates ranging from $30 to $50 per hour based on experience and project needs.","[""A bachelor's degree or higher in Mathematics or a related field"", 'Experience working as a mathematics professional', 'Ability to write clearly about mathematical concepts in both English and Spanish fluently', 'Experience in training AI models or working with generative AI technologies', 'Familiarity with AI evaluation metrics and methodologies', 'Your contributions will focus on evaluating the factuality and relevance of AI-generated text, formulating and answering mathematics-related questions, and assessing and classifying domain-specific responses produced by AI models', 'Evaluate the factuality and relevance of AI-generated text in specific domains', 'Formulate and respond to mathematics-related questions', 'Assess and classify domain-specific responses generated by AI models']",[],,https://www.tealhq.com/job/matem-tico-aplicado_6f3eed75-4981-4522-92e6-c6d8b1484627?utm_campaign=google_jobs_apply&utm_source=google_jobs_apply&utm_medium=organic,,[],2025-06-11
8cca73cd648799b83ce9ab999d47a45e,rapidapi1,Auxiliar de almacén,Kelly Services,"Carol Stream, US","¿Estás listo para agilizar tu búsqueda de empleo? En Kelly®, lo hacemos sin complicaciones y gratificante. Estamos buscando activamente Asociados de almacén de selección y embalaje entusiastas para unirse a una reconocida empresa de distribución en Carol Stream, IL. If you’ve been waiting for the right opportunity, this might be it!

Shift Options:

Weekend Full-Time:
• 6am-6:30pm, 12 hours | Fri to Sun at $17.50/hr
• 4am-4:30pm, 12 hours | Fri to Sun at $17.50/hr

Days Full-Time:
• 6am-4:30pm, 10 hours | Mon to Thu at $16.50/hr
• 4am-2:30pm, 10 hours | Mon to Thu at $16.50/hr

Why You Should Apply:
• Experience the thrill of working in a fast-paced, metric-driven environment.
• Want OT (mandatory)

Your Daily Duties Will Include:
• Engaging in diverse distribution tasks like checking, picking, packing, and more
• Skillfully operating a pallet jack to mobilize products
• Upholding a safe workspace with keen housekeeping and safety practices

Your Fit for the Role:
• Fluent communication in English, both verbal and written
• Physical capability to lift up to 50 pounds
• Basic math proficiency (counting, addition, subtraction, multiplication)
• At least 1 year of warehouse experience, including RF Scanner expertise
• Previous pick/pack experience is a plus
• Endurance to stand throughout your shift

Next Steps:

Submit your application and see if your skills align with our needs. Y no te preocupes si este puesto se adapta a ti o no, mantenemos tu perfil activo en nuestra red. That means increased visibility for future opportunities!

We’re committed to helping you uncover your next career milestone. Let’s get started!

Ready to make an impact?","['Experience the thrill of working in a fast-paced, metric-driven environment', 'Want OT (mandatory)', 'Fluent communication in English, both verbal and written', 'Physical capability to lift up to 50 pounds', 'Basic math proficiency (counting, addition, subtraction, multiplication)', 'At least 1 year of warehouse experience, including RF Scanner expertise', 'Endurance to stand throughout your shift', 'Engaging in diverse distribution tasks like checking, picking, packing, and more', 'Skillfully operating a pallet jack to mobilize products', 'Upholding a safe workspace with keen housekeeping and safety practices']",[],,https://www.mykelly.com/es/job/9865011-warehouse-associate-carol-stream-il-united-states/?utm_campaign=google_jobs_apply&utm_source=google_jobs_apply&utm_medium=organic,,[],2025-06-11
