job_id,source,job_title,company,location,description,skills,careers_required,date_posted,url,career_tag,soft_skills_detected,extraction_date
e79cb6b40c8137e8ad13c1e17f565e37,jooble,Ingeniero Especialista en Aplicación de Químicos (Agroindustria) en USA - FU,3 Amigos Recruiting LLC,"Tolna, ND","&nbsp;...clientes. 
 Descripción del empleo 

 Estamos en el proceso de contratación de un Ingeniero Especialista en Aplicación de Químicos (<b>Agroindustria)</b> para trabajar en una empresa líder fundada en 1937, es una cooperativa propiedad de sus miembros que brinda servicios a las...&nbsp;",[],[],2025-05-17T00:00:00.0000000,https://jooble.org/away/769099338546534267,,[],2025-06-11
e9f3c6a092db59d7a3150cc105b0af6b,jooble,Executive Director,Confidential,"Carbondale, CO","&nbsp;...Education 
 Español 
 Universidades 
 Higher Education 
 Universities 
 Specialties 
 administración de agronegocios 
 <b>agroindustria </b>alimentaria 
 ambiente y desarrollo 
 ciencia y producción agropecuaria 
 aprender haciendo 
 and pasantías 
 About the Role...&nbsp;",[],[],2025-06-08T00:00:00.0000000,https://jooble.org/jdp/-4056684438246657884,,[],2025-06-11
