job_id,source,job_title,company,location,description,skills,careers_required,date_posted,url,career_tag,soft_skills_detected,extraction_date
fbc993b3b7d30a7043636dbee2ee4713,rapidapi1,Geólogo Sénior / Científico Ambiental / Ingeniero Senior,HYDRO-ENVIRONMENTAL TECHNOLOGIES INC,"San Francisco, US","Beneficios:
• 401(k)
• Bonificación basada en el rendimiento
• Seguro dental
• Horario flexible
• Seguro de enfermedad
• Participación en las utilidades

HETI tiene una gran oportunidad para un Geólogo Senior / Científico Ambiental Senior / Ingeniero Senior con 10+ años de experiencia en el campo ambiental.

Este rol será responsable de proporcionar habilidades técnicas y comerciales y contribuir a soluciones avanzadas en los sectores ambiental, químico, comercial, manufacturero, gubernamental, energético, financiero, de seguros y/o legal. Este trabajo es 100% remoto.

El candidato debe tener experiencia en la gestión de tareas de consultoría, debe trabajar eficazmente en equipos multidisciplinarios, se espera que sea competente en el análisis y la comunicación de información, y debe ser capaz de trabajar en cooperación con agencias, organizaciones e individuos para guiar la toma de decisiones. También se espera que el candidato seleccionado sea competente en todas las facetas de la gestión de proyectos. Debe demostrar colaboración con colegas de toda la organización.

Las responsabilidades clave incluyen, entre otras, las siguientes:

Gestión y Comunicación con Clientes:
• Servir como el principal punto de contacto para clientes y partes interesadas, proporcionando actualizaciones periódicas sobre el estado y los resultados del proyecto.
• Colabore con los equipos del proyecto, incluidos ingenieros ambientales, geólogos y técnicos.
• Comunicar información técnica compleja a clientes y partes interesadas de manera clara y concisa.

Cumplimiento normativo e informes:
• Interactúe y coordine con las agencias reguladoras para obtener las aprobaciones, permisos y documentación de cierre necesarios.
• Preparar y presentar informes completos, incluidos informes de investigación del sitio, informes de evaluación de riesgos, planes de acción correctiva, informes de progreso e informes de cierre.
• Estar al día y seguir estando al día con las regulaciones y directrices ambientales.

Planificación/Implementación de Remediación:
• Desarrollar e implementar planes de remediación efectivos basados en los hallazgos de las investigaciones del sitio y las evaluaciones de riesgos.
• Diseñar y supervisar la implementación de estrategias de remediación, que pueden incluir excavación, extracción de vapor de suelo, tratamiento de aguas subterráneas, biorremediación in situ u otros métodos apropiados.
• Garantizar el cumplimiento de todas las regulaciones, pautas y permisos aplicables durante el proceso de remediación.

Evaluaciones del sitio:
• Gestionar/llevar a cabo investigaciones exhaustivas del sitio para identificar posibles fuentes de contaminación, evaluar los riesgos y desarrollar estrategias de remediación adecuadas.
• Recoja muestras de suelo, agua subterránea y otras muestras ambientales y analícelas de acuerdo con los protocolos y regulaciones estándar.
• Realizar la interpretación de datos, la evaluación de riesgos y la modelización para determinar el alcance y la naturaleza de la contaminación y su posible impacto en la salud humana y el medio ambiente.

Control de calidad:
• Implemente medidas de control y garantía de calidad para garantizar la recopilación, el análisis y la elaboración de informes de datos precisos y fiables.
• Realizar auditorías y revisiones periódicas de las actividades del proyecto para verificar el cumplimiento de los planes y reglamentos del proyecto.
• Identifique y aborde cualquier desviación o discrepancia en la ejecución del proyecto con prontitud.

El Candidato Ideal debe tener:
• Licencia actual de PE o PG
• Licenciatura en ciencias ambientales, geología, ingeniería o un campo relacionado.
• 10+ años de experiencia en la realización de investigaciones, remediación y evaluaciones de terceros
• Comprensión sólida de las regulaciones ambientales, las pautas y las mejores prácticas relacionadas con la limpieza de sitios contaminados.
• Excelentes habilidades de gestión de proyectos, incluida la capacidad de priorizar tareas, cumplir con los plazos y administrar múltiples proyectos simultáneamente.
• Fuertes habilidades de comunicación e interpersonales, con la capacidad de colaborar eficazmente con clientes, agencias reguladoras y equipos de proyectos.
• Atención al detalle, pensamiento crítico y capacidad de resolución de problemas.
• Conocimiento de las técnicas de muestreo ambiental y de los métodos de análisis de laboratorio.

Fundada en 1986, HETI es una empresa de servicios ambientales de servicio completo a nivel nacional que se especializa en la evaluación de sitios de calidad del aire interior y ambiental, remediación de sitios, caracterización de riesgos, servicios de salud y seguridad ocupacional y apoyo de testigos expertos y litigios. A través de nuestra red de oficinas en todo Estados Unidos, servimos a una variedad de empresas grandes y pequeñas.

Somos un empleador que ofrece igualdad de oportunidades y ofrecemos un paquete de beneficios competitivo que incluye salario base más oportunidades de bonificación y un entorno de trabajo amigable y flexible.

Opciones flexibles de trabajo desde casa disponibles.",[],[],,https://hydro-environmental-technologies-inc.careerplug.com/jobs/2420308/apps/new?loc=es&utm_campaign=google_jobs_apply&utm_source=google_jobs_apply&utm_medium=organic,,[],2025-06-11
a9bfd96b862b0796b27f140d8b43af45,rapidapi1,Ingeniero/a geólogo obra ferroviaria- Vigo,SICE,"None, None","Técnico de Selección, Formación y Desarrollo en SICE

Dentro del Grupo SICE TyS, nuestra división de OFITECO busca incorporar a un ingeniero/a de minas, geología o equivalente.

Las especialidades de OFITECO son servicios relacionados con infraestructuras de transporte por carretera y ferrocarril.

Desde OFITECO, multinacional española del sector de ingeniería, se requiere incorporar a sus equipos un ingeniero/a de minas, geología o equivalente.

Funciones:
• Realización de estudios geotécnicos para evaluar las condiciones del terreno y su idoneidad para la construcción ferroviaria.
• Monitorear el movimiento de tierras y la estabilidad del terreno durante la construcción.
• Asistencia técnica en la planificación y ejecución de obras, asegurando el cumplimiento de las especificaciones geotécnicas y geológicas.
• Formar parte de una empresa multinacional que ofrece soporte a numerosos proyectos nacionales e internacionales.
• Trabajar en un equipo multidisciplinar en todas las fases del proyecto, desde el diseño inicial hasta la puesta en marcha.
• Participar en proyectos dinámicos e inspiradores.
• Formar parte de una empresa con más de 100 años de trayectoria, consolidada y con proyección.
• Acceder a formación continua mediante sesiones, cursos y planes formativos.
• Oportunidad de crecimiento profesional y desarrollo personal.

Requisitos:
• Ingeniero/a de minas, geólogo o similar.
• Experiencia mínima de dos años en trabajos similares como geólogo.
#J-18808-Ljbffr",[],[],,https://www.recruit.net/job/ingeniero-geologo-obra-ferroviaria-vigo-jobs/0FBB693F1EDF51FA?utm_campaign=google_jobs_apply&utm_source=google_jobs_apply&utm_medium=organic,,[],2025-06-11
