job_id,source,job_title,company,location,description,skills,careers_required,date_posted,url,career_tag,soft_skills_detected,extraction_date
3467211ea1172a1da9131a4c9686f7d5,rapidapi1,Tecnólogo médico - Banco de sangre - NIH,Kelly Services,"Bethesda, US","Kelly Government Solutions es un proveedor estratégico y socio comercial del gobierno federal y sus proveedores clave. A través de nuestra asociación con los Institutos Nacionales de Salud, Kelly Government Solutions ofrece a los profesionales administrativos, de TI, de ingeniería, científicos y de atención médica la oportunidad de trabajar con el centro de investigación médica líder en el mundo. ""Estamos buscando un tecnólogo médico para el banco de sangre para apoyar al Centro Clínico en los Institutos Nacionales de Salud en Bethesda, MD. El puesto se desempeñará en el lugar (turno de día) en el Centro Clínico de los NIH en Bethesda, MD, y puede incluir horas de fin de semana (el horario se publica mensualmente y se actualiza según sea necesario para garantizar la cobertura)

Este es un puesto con contrato a largo plazo que ofrece:
ߝ Compensación competitiva y paquete integral de beneficios
&#0; Planes opcionales de salud, visión y dentales
&#0; Licencia de vacaciones, así como feriados federales pagos y plan 8211K.
– Acceso a recursos incomparables de los NIH e iniciativas científicas de nicho

TAREAS/SERVICIOS. El contratista deberá: (0) Realizar pruebas de laboratorio en las fases preanalíticas, analíticas y posanalíticas de acuerdo con los requisitos de las agencias reguladoras y de acreditación en el Centro Clínico del NIH. (1) Evaluar las órdenes de transfusión de sangre para determinar su idoneidad según los criterios de selección. (2) Comunicarse con los pacientes. (3) Realizar pruebas de compatibilidad cruzada de muestras de donantes y pacientes-receptores utilizando métodos automatizados y manuales. (2019) Resolver de forma independiente problemas rutinarios de anticuerpos contra el grupo sanguíneo de glóbulos rojos. (4) Realizar pruebas moderadamente complejas para resolver problemas complejos de anticuerpos contra el grupo sanguíneo de glóbulos rojos en consulta con un especialista técnico. (0) Realizar tareas de fabricación de componentes, incluyendo la preparación de componentes sanguíneos como plasma congelado, crioprecipitado, glóbulos rojos leucorreducidos y capas leucocíticas de recolecciones de sangre completa y plaquetas reducidas en patógenos. (5) Realizar la liberación y etiquetado de lotes para componentes sanguíneos. (6) Operar, calibrar o mantener equipos utilizados en análisis cuantitativos o cualitativos, como espectrofotómetros, calorímetros, fotómetros de llama o analizadores controlados por computadora. (0) Gestionar unidades especiales mediante la supervisión del inventario de glóbulos rojos para glóbulos rojos compatibles con antígenos que satisfagan las necesidades de los pacientes con anemia falciforme que requieren intercambio. transfusión.§
(8) Preparar la lista de reclutamiento de donantes o coordinar la compra de glóbulos rojos compatibles con antígenos para satisfacer las necesidades de transfusión.
(9) Gestionar el intercambio de células séricas y fluidos raros (SCARF): supervisar la página web de SCARF para obtener sueros raros y fenotipos de grupos sanguíneos raros que sean adecuados para complementar el inventario actual de células/sueros del laboratorio de referencia de inmunohematología.

REQUISITOS. El contratista debe tener:
(0) Licenciatura en Biología, Tecnología Médica o disciplina relacionada con la ciencia de laboratorio clínico
(1) Mínimo de tres (2019) años de experiencia en banco de sangre como tecnólogo médico
(2) Certificación a través de la Sociedad Estadounidense de Patología Clínica (ASCP)

POR FAVOR SOLICITE EN LÍNEA
Cuando presente su solicitud, tenga en cuenta que un reclutador de Kelly Government Solutions revisará su currículum y se comunicará con usted directamente, si sus habilidades y experiencia coinciden con los requisitos de este puesto; una descripción completa del trabajo puede estar disponible en ese momento.
Debido al gran volumen de consultas, lamentamos no poder aceptar llamadas telefónicas. Incluso si no lo contactan para este puesto, sigue siendo parte de nuestra red de talentos. ""Todos los reclutadores de Kelly tienen acceso a su perfil, lo que amplía aún más sus oportunidades.

Como parte de nuestra promesa al talento, Kelly apoya a quienes trabajan con nosotros a través de una variedad de beneficios, ventajas y recursos relacionados con el trabajo.",[],[],,https://www.mykelly.com/es/job/9864213-medical-technologist-blood-bank-nih-bethesda-md-united-states/?utm_campaign=google_jobs_apply&utm_source=google_jobs_apply&utm_medium=organic,,[],2025-06-11
0edc3a4e8f6aa788bedd433cf18f798d,rapidapi1,Asistente Técnico/a ASH,Hias,"Silver Spring, US","About the position

El Asistente Técnico/a ASH es responsable de la planificación técnica diaria, ejecución, seguimiento y elaboración de reportes para la implementación de proyectos relacionados con la construcción y mejora de instalaciones de agua y saneamiento, promoción de higiene y desarrollo de capacidades en instituciones y comunidades. Este rol garantiza una adecuada coordinación con los beneficiarios y departamentos relacionados con el proyecto ASH de HIAS.

Responsibilities
• Contribuir en la identificación de necesidades en ASH en comunidades e instituciones.
,
• Elaborar documentación de proyectos de construcción y mejora de sistemas de agua y saneamiento.
,
• Realizar documentos técnicos necesarios durante la ejecución de la obra.
,
• Supervisar la ejecución de obras de construcción y mejora de sistemas de agua y saneamiento.
,
• Realizar seguimiento y control de la ejecución financiera de las obras.
,
• Preparar reportes de avance de las obras y reportar indicadores.
,
• Mantener actualizados y archivados los expedientes de obras.
,
• Establecer relaciones con beneficiarios y representantes de instituciones.
,
• Proveer información y promoción de higiene en comunidades.
,
• Llevar a cabo talleres y capacitación en temas de higiene comunitaria e institucional.
,
• Distribuir kits de limpieza e higiene institucional.
,
• Contribuir a la preparación de materiales informativos sobre ASH.
,
• Registrar información y data de actividades en bases de datos.
,
• Participar en reuniones de equipo y con el equipo técnico.
,
• Realizar trámites administrativos requeridos para las actividades.
,
• Cumplir con el código de conducta y políticas de la organización.

Requirements
• Título profesional en Ingeniería Civil, Arquitectura, o similar.
,
• Tres años de experiencia en la ejecución de obras.
,
• Conocimientos en procesos de contratación, control de costos y presupuesto de obras.
,
• Manejo de computadoras bajo ambiente Windows.
,
• Manejo de Autocad y programas para elaboración de estimados de costos.
,
• Conocimiento y experiencia en promoción de higiene y saneamiento.
,
• Experiencia en movilización comunitaria y participación de la comunidad.
,
• Habilidades de comunicación oral y escrita.
,
• Capacidad para trabajar bajo presión y en equipo.
,
• Disponibilidad para viajar.

Nice-to-haves
• Conocimiento en metodologías de promoción de higiene como PHAST, SANTOLIC, RANAS.
,
• Habilidades para transmitir conocimientos.

Benefits
• Oportunidades de desarrollo profesional.
,
• Ambiente de trabajo inclusivo y diverso.
,
• Compromiso con la ética y la transparencia.",[],[],,https://www.tealhq.com/job/asistente-t-cnico-a-ash_090cd9c8-2e8d-4d45-8740-50889f502c9e?utm_campaign=google_jobs_apply&utm_source=google_jobs_apply&utm_medium=organic,,[],2025-06-11
6de34302df24336d54562e8b55ea9c09,rapidapi1,Job Posting Title Webber - Tunnel Operator (Full-time)- Infrastructure Management,Webber,"Washington D. C., US","About us:

Founded in 1963, Webber is a leading construction company that specializes in heavy civil, waterworks, energy and infrastructure management and is dedicated to safely providing intelligent solutions to its clients and community.Webber is headquartered in Houston, Texas, with offices and projects in the United States and Canada. Webber supports a wide range of project models to meet client needs, including traditional design bid build, design build, alternative delivery models and public private partnership (P3) solutions. Webber also has an in-house engineering services department to help optimize building efficiency and quality while solving complex project challenges using field experience, innovative construction methods and BIM technology. As a subsidiary of Ferrovial, Webber has access to a global network of skilled engineers, best-in-class technology and vast resources.

Job Description:

Job Description

Position Summary

Responsible for the efficient and safe workings of the traffic flow through the roadways and tunnels, including the coordination and management of complex tunnel safety systems in response to incidents and Emergencies from the Tunnel Control Centers.
Primary Duties and Responsibilities
• Ensure safe, effective and efficient ongoing traffic operations, Maintenance of Traffic (MOT), incident response, and maintenance access of the Tunnel
• Coordinate detection, assessment, and verification of incidents and emergencies
• Provide accurate incident notification/dispatch to IRC and 911 dispatch communications
• Communicate and transmit real-time traffic information to the TMC regarding any incidents or emergencies upon occurrence and coordinate the response of other supporting emergency agencies
• Initiate appropriate action per the incident response protocol including operation of life safety systems and coordinated response to on-road incidents with incident response personnel and external Agencies in accordance with approved IMP's
• Monitor roadway surface to ensure the tunnel is free from hazards and debris
• Perform security monitoring of tunnel and equipment regularly
• Participate in testing of TSI critical operational systems and tunnel emergency drills
• Develop and maintain an expert working knowledge of the tunnel SCADA and TSCS control systems, including their criticality in performance monitoring, data accuracy, and availability metrics
• Participate in frequent training opportunities including induction, cross skilling, toolbox, and NIMS
• Keep work environment free of distractions
• Participate in control room shift handover at end of every shift
• Provide feedback on opportunities for implementing Better Way and Continuous Improvement
• Assist with logging subcontractor and approved visitor access to the Project via the Tunnel Operations Center.
• Avoids legal challenges by complying with federal, state, and local legal requirements.
• Positively contribute to a diverse, inclusive and fair work environment, free from discrimination, bullying and harassment.
• Carry out all duties in line with Company policies and procedures as amended from time to time.
Knowledge, Skills & Abilities
• Knowledge of traffic and real-time incident management operations (Preferred)
• Must be driven to achieve and take great pride in providing a high level of service to tunnel patrons and the general public.
• Must be able to change and adapt quickly within a constantly evolving and fast-paced work environment.
• The candidate must possess strong focus and resilience working under pressure within very limited time constraints while balancing ongoing multiple priorities.
• Ability to take appropriate action prior to arrival of first responders is a must. The individual should have strong communication skills.
• The candidate will be flexible changing roles between leading as well as supporting other tunnel operators, responding entities, and maintenance response crews during all phases of incident management.
• This position requires the ability to implement prescribed incident response emergency procedures. Must have the ability to recognize hazards inherent in routine and non-routine tasks and make adjustments to avoid loss, injury or accident.
• Must be able to observe safety requirements in the workplace. Must be able to think clearly and focus on your safety in your immediate surroundings, while using tools and equipment, driving, or operating equipment. Will be required to wear Personal Protective Equipment (PPE) appropriate to the tasks per site policy.
• Comfortable with the frequent use of communication equipment, i.e. two-way radios and landline telephones
• Comfortable with entering real-time data via computers
• Comfortable in the operation, control, viewing, and interpretation of static screen displays and video systems displaying real-time information, images, and events at variable distances
• May change priorities frequently mid-task to provide an immediate response to events unfolding in real-time
• Ability to process and analyze data for reports
• Excellent oral and written communication skills
• An ability to liaise at all levels: with staff, incident response crews, maintenance crews, first responders, contractors, visitors
• Must have the ability to recognize hazards inherent in tasks and avoid loss, injury or accident
Education and Experience
• High School Diploma or GED
• A minimum of three (3) years' experience in a control center operations role providing critical, strategic infrastructure support services or related field
• Moderate level computer skill with MS Excel and in the reading and interpretation of process flowcharts
• Valid Driver's License with good driving record essential
• Prior work experience in a transportation management / traffic operations control center preferred Serious consideration will also be given to applicants with a background in one of the following critical, strategic control center environments: 911 operator, first responder support, casino security, energy utility, or military/intelligence operations.

Work Conditions / Physical Demands

Work Environment
• Office and Field Environment
• Limited Access Environments
• 24/7 Operations-Nights, Weekends, Holidays, Overtime
• Minimum travel required

Physical Demands
• Prolonged periods of sitting
• Prolonged periods of watching computer monitors
• Minimum lifting-30 pounds

The Statements herein are intended to describe the general nature and levels of work performed by employees, but are not a complete list of responsibilities, duties and skills required of personnel so classified. Furthermore, they do not establish a contract for employment and are subject to change at the discretion of the employer.

Webber, LLC provides equal employment opportunities to all applicants and employees without regard to race, color, religion, sex, gender, national origin, age, disability, or status as a Vietnam Era or special disabled veteran in accordance with applicable federal and state laws. Webber, LLC complies with applicable local, state and federal laws governing nondiscrimination in employment at each location the Company operates. This policy applies to all terms and conditions of employment, including, but not limited to: hiring, placement, promotion, termination, leaves of absence, compensation, and training.

The Statements herein are intended to describe the general nature and levels of work performed by employees, but are not a complete list of responsibilities, duties and skills required of personnel so classified. Furthermore, they do not establish a contract for employment and are subject to change at the discretion of the employer.","['Must be driven to achieve and take great pride in providing a high level of service to tunnel patrons and the general public', 'Must be able to change and adapt quickly within a constantly evolving and fast-paced work environment', 'The candidate must possess strong focus and resilience working under pressure within very limited time constraints while balancing ongoing multiple priorities', 'Ability to take appropriate action prior to arrival of first responders is a must', 'The individual should have strong communication skills', 'The candidate will be flexible changing roles between leading as well as supporting other tunnel operators, responding entities, and maintenance response crews during all phases of incident management', 'This position requires the ability to implement prescribed incident response emergency procedures', 'Must have the ability to recognize hazards inherent in routine and non-routine tasks and make adjustments to avoid loss, injury or accident', 'Must be able to observe safety requirements in the workplace', 'Must be able to think clearly and focus on your safety in your immediate surroundings, while using tools and equipment, driving, or operating equipment', 'Comfortable with the frequent use of communication equipment, i.e', 'two-way radios and landline telephones', 'Comfortable with entering real-time data via computers', 'Comfortable in the operation, control, viewing, and interpretation of static screen displays and video systems displaying real-time information, images, and events at variable distances', 'Ability to process and analyze data for reports', 'Excellent oral and written communication skills', 'An ability to liaise at all levels: with staff, incident response crews, maintenance crews, first responders, contractors, visitors', 'Must have the ability to recognize hazards inherent in tasks and avoid loss, injury or accident', 'High School Diploma or GED', ""A minimum of three (3) years' experience in a control center operations role providing critical, strategic infrastructure support services or related field"", 'Moderate level computer skill with MS Excel and in the reading and interpretation of process flowcharts', ""Valid Driver's License with good driving record essential"", 'Minimum travel required', 'Prolonged periods of watching computer monitors', 'Minimum lifting-30 pounds', 'Responsible for the efficient and safe workings of the traffic flow through the roadways and tunnels, including the coordination and management of complex tunnel safety systems in response to incidents and Emergencies from the Tunnel Control Centers', 'Ensure safe, effective and efficient ongoing traffic operations, Maintenance of Traffic (MOT), incident response, and maintenance access of the Tunnel', 'Coordinate detection, assessment, and verification of incidents and emergencies', 'Provide accurate incident notification/dispatch to IRC and 911 dispatch communications', 'Communicate and transmit real-time traffic information to the TMC regarding any incidents or emergencies upon occurrence and coordinate the response of other supporting emergency agencies', ""Initiate appropriate action per the incident response protocol including operation of life safety systems and coordinated response to on-road incidents with incident response personnel and external Agencies in accordance with approved IMP's"", 'Monitor roadway surface to ensure the tunnel is free from hazards and debris', 'Perform security monitoring of tunnel and equipment regularly', 'Participate in testing of TSI critical operational systems and tunnel emergency drills', 'Develop and maintain an expert working knowledge of the tunnel SCADA and TSCS control systems, including their criticality in performance monitoring, data accuracy, and availability metrics', 'Participate in frequent training opportunities including induction, cross skilling, toolbox, and NIMS', 'Keep work environment free of distractions', 'Participate in control room shift handover at end of every shift', 'Provide feedback on opportunities for implementing Better Way and Continuous Improvement', 'Assist with logging subcontractor and approved visitor access to the Project via the Tunnel Operations Center', 'Avoids legal challenges by complying with federal, state, and local legal requirements', 'Positively contribute to a diverse, inclusive and fair work environment, free from discrimination, bullying and harassment', 'Carry out all duties in line with Company policies and procedures as amended from time to time', 'Will be required to wear Personal Protective Equipment (PPE) appropriate to the tasks per site policy', 'May change priorities frequently mid-task to provide an immediate response to events unfolding in real-time', 'Prolonged periods of sitting']",[],,https://www.ferrovial.com/es/ofertas-empleo/job-posting-title-webber-tunnel-operator-full-time-infrastructure-management-es/?utm_campaign=google_jobs_apply&utm_source=google_jobs_apply&utm_medium=organic,,[],2025-06-11
345e1616a22e730900d1c5103427bb2b,rapidapi1,Ingeniero Civil de Proyectos,Top Echelon,"Newark, US","¿Por qué trabajar para esta organización?

Este cliente no es solo otra empresa de ingeniería multidisciplinaria; ¡es un equipo vibrante de innovadores que dan forma al futuro! Fundada hace más de cinco décadas, es una empresa de ingeniería consultora ENR Top 8217 donde la individualidad impulsa la innovación y el crecimiento.",[],[],,https://redsealrecruiting.com/es/trabajo/ingeniero-civil-de-proyectos/?utm_campaign=google_jobs_apply&utm_source=google_jobs_apply&utm_medium=organic,,[],2025-06-11
73eeaaf59a7be912dc1bb2acb9531188,rapidapi1,"Heifer International: Technician in water, sanitation and hygiene – Washington",Heifer International,"Washington D. C., US","Description

RESUMEN GENERAL DE LA POSICIÓN:

El técnico especialista de agua, saneamiento e higiene será el responsable de dar asistencia técnica, acompañamiento y capacitación a familias que serán beneficiadas mediante el proyecto PWI Fase II, que forman parte del Programa Green Business Belt en el suministro, funcionamiento, uso adecuado y mantenimiento de diferentes tecnologías que les serán proporcionadas (Eco filtros, estufas ahorradoras de leña, etc), así como en temas de higiene, salud, calidad de agua y saneamiento. Y elaborar el diagnóstico y evaluación de sistemas de agua para consumo humano, en las comunidades, en cuanto a características principales de infraestructura, cobertura, calidad, cantidad, continuidad, costo del servicio, sistemas de saneamiento en relación con estado de infraestructura, y condiciones de higiene y salubridad.

REQUISITOS MÍNIMOS DE LA POSICIÓN:

Estudiante de los primeros años de la carrera de Ingeniería Civil o Trabajo Social.

Experiencia laboral comprobable de al menos tres años, en procesos formación comunitaria y municipal sobre el mejoramiento, mantenimiento y cuidado de sistemas de agua, implementación de alternativas para garantizar la calidad de agua para consumo humano (filtros de agua, captadores de agua de lluvia etc..), saneamiento (letrinización, estufas mejoradas), salud rural y manejo de aguas servidas, así mismo en el ámbito de conocimiento sobre funcionamiento de infraestructuras básicas para sistemas de abastecimiento de agua y saneamiento, levamiento de información en campo (encuestas a hogares y/o personas, censos).

Experiencia comprobable en mejoras, construcción, o implementación de alternativas de sistemas de abastecimiento de sistemas de agua para consumo humano.

Experiencia comprobable en temas de calidad del agua.

Conocimientos y aplicación de metodologías de educación para personas de todas las edades, relacionadas a salud e higiene, tomando en cuenta el empoderamiento de la mujer, enfoque de género y pertinencia cultural y desarrollo económico.

Experiencia comprobable en la gestión y coordinación con los diferentes niveles (Municipal, ministerial, institucional, empresarial y comunitario)

Manejo de herramientas para recopilación de datos.

Facilidad de expresión oral y escrita.

Excelente manejo del idioma Q´eqchi’

Licencia de conducir vehículos de dos ruedas

Adjunto CV actualizado, cierre de convocatoria, sábado 31 de mayo.

qualifications: Bachelor’s Degree

workHours: 40 hours per week

experienceRequirements: No experience required",[],[],,https://unjoblink.org/job/details/318254/?utm_campaign=google_jobs_apply&utm_source=google_jobs_apply&utm_medium=organic,,[],2025-06-11
9f1497d289613d1b439be416340b501f,rapidapi1,INGENIERO DE ESTUDIOS AGUA INDUSTRIAL,Veolia,"Washington D. C., US","INGENIERO DE ESTUDIOS AGUA INDUSTRIAL

El grupo Veolia tiene la ambición de volverse la empresa de referencia de la transformación ecológica. Presente en los cinco continentes con cerca de 179 000 empleados, el Grupo diseña e implementa soluciones útiles y concretas para la gestión de agua, residuos y energía que ayudan a cambiar radicalmente el panorama. Con sus tres actividades complementarias, Veolia contribuye al desarrollo del acceso a los recursos así como a la preservación y renovación de los recursos disponibles. En 2020, el grupo Veolia abasteció de agua potable a 95 millones de personas y prestó servicio de saneamiento a 62 millones, produjo cerca de 43 millones de MWh y valorizó 47 millones de toneladas de residuos.

Veolia Latam-Iberia está especializada en la gestión integral de Agua y Residuos y energía para clientes municipales e industriales de toda América Latina, España y Portugal. Actualmente está presente en 11 países (Argentina, Brasil, Chile, Colombia, Ecuador, México, Panamá, Perú, Uruguay, Portugal y España).

Veolia en México consolida su presencia y liderazgo local con soluciones medio ambientales de agua, residuos y energía para municipios e industrias.

Nuestra misión es generar valor para nuestros clientes ofreciendo las soluciones más completas en la gestión integral de agua, residuos y energía para contribuir a la mejora de la calidad de vida de las personas y al cuidado del ambiente.

La empresa gestiona anualmente en el país 2.3 millones de toneladas de Residuos Sólidos en tratamiento y 800 mil en recolección y potabiliza aproximadamente 500MMm3 de agua, alcanzando más de 20 ciudades atendidas y 13 millones de usuarios en sus dos actividades.

En cuanto al sector industrial, Veolia México garantiza un servicio responsable y eficiente en el tratamiento y disposición final de residuos sólidos y residuos peligrosos.

Muestra de ello son los más de 7,000 clientes satisfechos en México y América latina, con los que estamos comprometidos, dando servicio a grandes corporaciones multinacionales como a empresas locales

Solicitamos:

INGENIERO DE ESTUDIOS AGUA INDUSTRIAL

Roles & Responsabilidades:

Realización de levantamientos, asesorías, estudios técnicos y económicos de tratamiento de agua (agua de proceso, efluentes industriales, reuso, operación y mantenimiento, refacciones, etc.) asociados al proceso de desarrollo de oferta y de negocio para el sector industrial (edificios o plantas industriales).

Coordinación, planificación, gestión, construcción, seguimiento y control de la elaboración de dichos estudios y levantamientos al involucrar otros expertos (internos o externos)

Soporte y apoyo a los gerentes de desarrollo para las presentaciones comerciales y las revisiones necesarias a la elaboración de propuestas y contratos

Elaborar y mantener herramientas y métodos de trabajo para agilizar la elaboración de los mismos en el futuro (hojas de calculo, informe estándares etc)

Elaboración de informes, cálculos, proformas etc en aplicación de los procedimientos tantos internos (presupuesto, informe técnico) como externos (oferta técnica, licitación).

Participar de manera efectiva en la comunicación y el trabajo de los equipos y frentes funcionales en la elaboración del proyecto (compras, finanzas, dirección técnica etc)

Coordinar las actividades que deben ser ejecutadas durante el proceso de cotización para cumplir con los requisitos de los clientes.

Requisitos

Perfil académico: Ingeniería o Master (química, Obra Civil, Mecánica, Medio Ambiente, Procesos Industriales). Al no contar con esta educación se considerará la experiencia laboral y cargos anteriores respecto a los conocimientos académicos que se requieren y la experiencia práctica comprobable:
• 5 años en puesto similar o afín.

Conocimientos:
• Desarrollo de propuestas
• Tren de tratamiento de aguas industriales
• MBR
• MBBR
• Analisis Financieros

Competencias duras:
• Tratamiento de aguas industriales
• Levantamiento técnico y capacitad de análisis
• Operación y mantenimiento instalaciones de agua
• DAF, Lodos activados, Reverso Osmosis Inversa, Biodigestor, Biogas etc
• Diseño y ingeniería

As an inclusive company, Veolia is committed to diversity and gives equal consideration to all applications, without discrimination.

Postuler",[],[],,https://www.getro.org/companies/veolia-2-bf8b8cd5-e8db-4807-a266-5be8f37a8282/jobs/47389221-ingeniero-de-estudios-agua-industrial?utm_campaign=google_jobs_apply&utm_source=google_jobs_apply&utm_medium=organic,,[],2025-06-11
fb4e5ee265a73cf160a60cebd08f5c66,rapidapi1,▷ Solo Quedan 15h: Ingeniero Civil,Whatjobs,"None, None","Ingenieros de Caminos, Canales y PuertosUbicación:
FerrolResponsabilidades:
- Redacción de informes técnicos y de consultoría en infraestructuras portuarias.- Redacción y firma de anteproyectos, proyectos básicos y proyectos de ejecución de infraestructuras portuarias.- Elaboración de documentación técnica aplicando normativas específicas.- Documentación técnica para obras civiles y reparación de infraestructuras navales.- Direcciones de obra, control de plazos y gestión de recursos.- Coordinaciones de Seguridad y Salud.- Presupuestos y control económico de ejecuciones de obras.Requisitos:
- Titulación:
Ingeniero de Caminos, Canales y Puertos o Grado en Ingeniería Civil y Territorial + Máster Universitario en Ingeniería de Caminos, Canales y Puertos.- Formación:
Metodología de trabajo y modelado BIM para la realización de proyectos de ejecución de construcción (100horas lectivas).- Experiencia:
Mínimo de 6 años en puestos de ingeniería civil y al menos 2 proyectos Navales o de obras marítimasBeneficios:
- Jornada continua- Jornada laboral media de 37.5 horas semanales.",[],[],,https://www.recruit.net/job/solo-quedan-h-ingeniero-civil-jobs/6AE9774C0A7EEF7D?utm_campaign=google_jobs_apply&utm_source=google_jobs_apply&utm_medium=organic,,[],2025-06-11
d39c68679ea2f426a438226cad3f9b03,rapidapi1,Investment Analysis - Ferrovial Airports,Airports,"Washington D. C., US","Join Ferrovial: Where Innovation Meets Opportunity

Are you ready to elevate your career with a global leader in infrastructure solving complex problems and generating a positive outcome on people’s lives? At Ferrovial, we are not just a company; we are a community of innovators and trailblazers. Listed on three major stock markets: Nasdaq (US), Euronext Amsterdam (Netherlands) and IBEX 35 (Spain), we are also member of the Dow Jones Sustainability Index and FTSE4Good. We operate in more than 15 countries and have a workforce of over 24,000 professionals worldwide. Ferrovial’s activity is carried out through our business units, including Highways, Airports, Construction, and Energy.

The Airport business unit has over 25 years of experience investing in and managing some of the world's most complex airports, including London Heathrow Airport. Today, our diverse portfolio includes Dalaman International Airport in Türkiye, and the lead investor and industrial partner in the consortium appointed to design, construct, and operate the New Terminal One at New York’s John F. Kennedy International Airport in the United States. We also participate in FMM, providing facility management services, notably under a main contract with Hamad International Airport in Doha, Qatar. We are currently in the process is expanding the global airport investment portfolio and anticipate new additions to come soon.

Why Ferrovial?
• Global presence, local impact: Be part of a company that is shaping the future of infrastructure worldwide, with challenging roles and projects that make a real difference.
• Collaborative excellence: Work alongside talented professionals in a collaborative environment where your ideas and contributions are valued.
• Diverse and inclusive culture: Thrive in an innovative and respectful workplace that celebrates cultural diversity and fosters creativity.
• Career growth: Benefit from global and cross-business unit mobility, with development processes designed to ensure your professional growth.
• Compelling benefits and employee wellbeing: Enjoy a comprehensive benefits package that rewards your hard work and dedication and take advantage of initiatives designed to support your physical and psychological health.
• Productivity tools: Utilize cutting-edge tools like Microsoft Copilot to enhance your productivity and efficiency.

Job Description:

The Investment Analysis professional will play a key role in driving the economic and financial evaluation of both new investment opportunities and the optimization of existing portfolio assets. This position bridges the pre-acquisition and post-acquisition phases, ensuring robust financial modeling, strategic decision-making support, and compliance with internal and external procedures, while collaborating with multidisciplinary teams and external stakeholders.

Functions:
• Develop and coordinate detailed financial models for the valuation of both new investment projects and existing portfolio assets, including complex financing structures.
• Conduct economic and financial analyses for new acquisitions, divestments, and the ongoing performance of assets in the portfolio.
• Participate in financial due diligence processes, collaborating with external advisors, partners, and internal stakeholders.
• Maintain and update financial models for portfolio assets, including P&L, cash flow, and balance sheet projections.
• Participate in refinancing processes, impairment analyses, and integration efforts for newly acquired assets.
• Work closely with the Corporate Development team to evaluate new investment opportunities and optimize existing assets.
• Prepare valuation and performance reports for internal purposes and third-party processes.
• Conduct ""ad hoc"" financial analyses and studies relevant to Senior Management decision-making.
• Ensure compliance with internal and external procedures in financial reporting, investment analysis, and valuation processes.
• Establish procedures and controls to ensure the robustness and accuracy of financial models.
• Stay updated on market trends, financial structures, and investment opportunities to improve the analysis and management of assets.

Requirements:
• Degree in Business, Economics, Mathematics, or Engineering (with subsequent finance training) and high motivation for investment analysis and project finance.
• Valuable master's in finance or MBA in a prestigious business school or CFA
• Essential expert level in the elaboration of financial models of the valuation of investments in the infrastructure sector with complex financing structures
• Essential expert level of programming in Visual Basic
• At least 5 years of experience in functions similar to those described

Seize the challenge. Move the world together! Innovative, creative, respectful, and diverse are some of the ways we describe ourselves. We are motivated by challenges, and we collaborate across our business units to move the world together. Your journey to a fulfilling career starts here!

Ferrovial is an equal opportunity employer.  We treat all jobs applications equally, regardless of gender, color, race, ethnicity, religion, national origin, age, disability, pregnancy, sexual orientation, gender identity and expression, covered veteran status or protected genetic information (each, a “Protected Class”), or any other protected class in accordance with applicable laws.

#WeAreFerrovial","['Degree in Business, Economics, Mathematics, or Engineering (with subsequent finance training) and high motivation for investment analysis and project finance', ""Valuable master's in finance or MBA in a prestigious business school or CFA"", 'Essential expert level in the elaboration of financial models of the valuation of investments in the infrastructure sector with complex financing structures', 'Essential expert level of programming in Visual Basic', 'At least 5 years of experience in functions similar to those described', 'The Investment Analysis professional will play a key role in driving the economic and financial evaluation of both new investment opportunities and the optimization of existing portfolio assets', 'This position bridges the pre-acquisition and post-acquisition phases, ensuring robust financial modeling, strategic decision-making support, and compliance with internal and external procedures, while collaborating with multidisciplinary teams and external stakeholders', 'Develop and coordinate detailed financial models for the valuation of both new investment projects and existing portfolio assets, including complex financing structures', 'Conduct economic and financial analyses for new acquisitions, divestments, and the ongoing performance of assets in the portfolio', 'Participate in financial due diligence processes, collaborating with external advisors, partners, and internal stakeholders', 'Maintain and update financial models for portfolio assets, including P&L, cash flow, and balance sheet projections', 'Participate in refinancing processes, impairment analyses, and integration efforts for newly acquired assets', 'Work closely with the Corporate Development team to evaluate new investment opportunities and optimize existing assets', 'Prepare valuation and performance reports for internal purposes and third-party processes', 'Conduct ""ad hoc"" financial analyses and studies relevant to Senior Management decision-making', 'Ensure compliance with internal and external procedures in financial reporting, investment analysis, and valuation processes', 'Establish procedures and controls to ensure the robustness and accuracy of financial models', 'Stay updated on market trends, financial structures, and investment opportunities to improve the analysis and management of assets']",[],,https://www.ferrovial.com/es/ofertas-empleo/investment-analysis-ferrovial-airports-es/?utm_campaign=google_jobs_apply&utm_source=google_jobs_apply&utm_medium=organic,,[],2025-06-11
2255159eaf3e9bf9817ac955fb1caef5,rapidapi1,Ingeniero Civil - Recursos Hídricos,Top Echelon,"Milton, US","¿Por qué trabajar para esta organización?

Este cliente no es simplemente otra firma de ingeniería multidisciplinaria; ¡es un equipo vibrante de innovadores que dan forma al futuro! Fundada hace más de cinco décadas, es una empresa de ingeniería consultora ENR Top 8217 donde la individualidad impulsa la innovación y el crecimiento.",[],[],,https://redsealrecruiting.com/es/trabajo/ingeniero-civil-de-recursos-h%C3%ADdricos/?utm_campaign=google_jobs_apply&utm_source=google_jobs_apply&utm_medium=organic,,[],2025-06-11
4b119934c898445b5efeb4fb607e0362,rapidapi1,"Field Service Technician, ATC Program - Western US","Rohde & Schwarz USA, Inc.","Columbia, US","• Conduct on-site or in-house site surveys, installation and repair of equipment/systems to ensure it meets Rohde & Schwarz’ high standards of performance
• Diagnose equipment malfunctions, perform repairs and complete preventative maintenance
• Provide remote support to customers and complete service tickets in the ticketing system
• Available to support a 24x7 on-call schedule together with a team, and respond to on-demand travel for service actions
• Understand complex system architecture and apply that to diagnostic process
• Read and interpret blueprints, specifications, and electrical schematics to ensure proper installation
• Represent the company in a customer support role and is responsible for customer’s satisfaction with equipment and servicing
• Accurately prepare daily logs and reports of work performed, including hours spent and inventory used for each assignment
• Ability to work independently on moderately complex projects
• Effectively communicate with customers in a professional business environment","['Conduct on-site or in-house site surveys, installation and repair of equipment/systems to ensure it meets Rohde & Schwarz’ high standards of performance', 'Diagnose equipment malfunctions, perform repairs and complete preventative maintenance', 'Provide remote support to customers and complete service tickets in the ticketing system', 'Available to support a 24x7 on-call schedule together with a team, and respond to on-demand travel for service actions', 'Understand complex system architecture and apply that to diagnostic process', 'Read and interpret blueprints, specifications, and electrical schematics to ensure proper installation', 'Represent the company in a customer support role and is responsible for customer’s satisfaction with equipment and servicing', 'Accurately prepare daily logs and reports of work performed, including hours spent and inventory used for each assignment', 'Ability to work independently on moderately complex projects', 'Effectively communicate with customers in a professional business environment']",[],,https://www.rohde-schwarz.com/es/carrera/empleos/field-service-technician-atc-program-western-us-job-detailpage_251563-1567232.html?utm_campaign=google_jobs_apply&utm_source=google_jobs_apply&utm_medium=organic,,[],2025-06-11
7759fee1e3960cef1bec9eeb01871bc9,rapidapi1,Ingeniero Civil Senior,Whatjobs,"None, None","¡Reúne tus habilidades técnicas como Ingeniero Civil y une tu pasión por la innovación en una carrera con proyectos desafiantes!Descripción del PuestoSomos una empresa líder en infraestructuras portuarias, y estamos buscando un Ingeniero Civil experimentado para unirse a nuestro equipo de diseño y construcción. El candidato ideal tendrá experiencia en el desarrollo de informes técnicos, anteproyectos, proyectos básicos y ejecución de obras civiles.Tendrás la oportunidad de trabajar en equipos interdisciplinarios, colaborar con expertos en seguridad y salud, y gestionar presupuestos y control económico de ejecuciones de obras.Responsabilidades Claves- Redacción de informes técnicos y consultoría en infraestructuras portuarias- Diseño y firma de anteproyectos y proyectos básicos- Elaboración de documentación técnica según normativas específicas- Gestión de recursos y dirección de obraRequisitos del CandidatoNecesitamos alguien con sólidas habilidades técnicas, experiencia en puestos de ingeniería civil y conocimientos en metodología de trabajo y modelado BIM. También es importante tener al menos 6 años de experiencia en proyectos navales o marítimos.Cualificaciones Requeridas- Titulación:
Ingeniero de Caminos, Canales y Puertos o Grado en Ingeniería Civil y Territorial + Máster Universitario en Ingeniería de Caminos, Canales y Puertos- Experiencia:
Mínimo 6 años en puestos de ingeniería civil y al menos 2 proyectos Navales o de obras marítimasBeneficiosOfrecemos una jornada laboral media de 37.5 horas semanales y una ambiente de trabajo continuo. ¡No te pierdas esta oportunidad de crecer profesionalmente y hacer parte de un equipo dinámico!",[],[],,https://www.recruit.net/job/ingeniero-civil-senior-jobs/5BC36E7C480E73E9?utm_campaign=google_jobs_apply&utm_source=google_jobs_apply&utm_medium=organic,,[],2025-06-11
df0c1695559c2022c04d5789cd22eca8,rapidapi1,Ingeniero de puentes del personal,Top Echelon,"Newark, US","¿Por qué trabajar para esta organización?

Este cliente no es solo otra empresa de ingeniería multidisciplinaria; ¡es un equipo vibrante de innovadores que dan forma al futuro! Fundada hace más de cinco décadas, es una empresa de ingeniería consultora ENR Top 8217 donde la individualidad impulsa la innovación y el crecimiento. Nuestro objetivo es ayudarte a construir tu carrera y, al mismo tiempo, fomentar una excelente cultura en el lugar de trabajo: aquí trabajarás con compañeros de equipo talentosos y que te apoyarán, y te sentirás orgulloso de tus contribuciones. ¡Únete a ellos para formar parte de un equipo que valora tus habilidades únicas e impulsa la excelencia en cada proyecto!

Rango salarial

$8217 a $85

¿Cuáles son tus expectativas salariales?
• Este cliente pagará más por candidatos calificados*

Beneficios completos
• Plan de propiedad de acciones para empleados (ESOP)
• Seguro médico y de recetas
• Seguro dental
• Seguro de la vista
• Seguro de vida
• Discapacidad a corto y largo plazo
• Tiempo libre remunerado (PTO)
• Días festivos
• Plan de jubilación 100(k)
• Programa de asistencia al empleado
• Reembolso de matrícula
• Cuentas de gastos flexibles
Descripción del puesto
• Realizar el diseño de puentes como parte de proyectos multidisciplinarios con un enfoque en el diseño de puentes, rehabilitación y proyectos de clasificación de carga mientras se asesora y desarrolla personal junior y se proporciona supervisión técnica.
• Supervisar múltiples proyectos y/o tareas concurrentes, incluyendo diseño e inspecciones de puentes para múltiples clientes en toda la región del Atlántico Medio con un enfoque en Delaware y los estados circundantes.
• Asesorar al personal a nivel de proyecto con respecto al desempeño y progreso del personal.
• Interactuar con los clientes con respecto a los desafíos técnicos con oportunidades para realizar la gestión de proyectos si se desea.
• Generar propuestas, incluyendo el desarrollo de alcances de trabajo y estimaciones de horas-hombre.",[],[],,https://redsealrecruiting.com/es/trabajo/ingeniero-de-puentes-del-personal/?utm_campaign=google_jobs_apply&utm_source=google_jobs_apply&utm_medium=organic,,[],2025-06-11
6382f62651eefb888a61259d658328fd,rapidapi1,Ingeniero de Campo,Top Echelon,"Newark, US","Ingeniero de campo - Aeropuerto de Newark

Rango salarial: $120,000 - $8211, según la experiencia

Descripción del puesto: Como ingeniero de campo que reporta al ingeniero de proyectos, desempeñará un papel clave en la gestión de proyectos de construcción con las siguientes responsabilidades:

¹,000; Revisar los planes del proyecto y desarrollar cronogramas de construcción alineados con las actividades del proyecto.

– Coordinar con los subcontratistas la adquisición de materiales y los entregables previos a la construcción.

– Obtener cotizaciones, redactar contratos y garantizar el cumplimiento de los requisitos del proyecto.

– Preparar paquetes de planes de trabajo, realizar reuniones previas a la construcción y confirmar que se cumplan todos los prerrequisitos.

– Supervisar las operaciones diarias de campo, realizar verificaciones de diseño y verificar el trabajo contra los requisitos técnicos, consultando a los ingenieros de diseño según sea necesario.

– Apoyar la administración de subcontratos y proveedores de materiales mediante la gestión de correspondencia, presentaciones, RFI y registros de rendimiento; mantener registros de pago precisos.

– Contribuir a los informes de progreso mensuales, actualizaciones de cronogramas y seguimiento de problemas, proporcionando evaluaciones precisas del rendimiento del proyecto.

– Identificar y abordar las condiciones cambiantes del sitio u otros impactos durante la planificación del proyecto.

– Implementar controles de calidad, obtener los permisos necesarios y garantizar el cumplimiento de las regulaciones.

– Gestionar los procesos de cierre del proyecto, coordinando con clientes y terceros.
• *Requisitos:**

– Licenciatura en Ingeniería Civil de una institución acreditada.

– 8211-3+ años de experiencia en construcción civil.

Conocimiento de la seguridad en la construcción y los requisitos federales y de OSHA actuales.

– Competencia en controles de proyectos (contabilidad de costos, estimaciones, pronósticos y contratos).

– Sólida comprensión del método de la ruta crítica y la programación de recursos.

– Experiencia con Microsoft Office y Primavera P8211.

Excelentes habilidades de organización y gestión del tiempo.

– Sólidas habilidades de comunicación escrita y verbal.

– Gran atención al detalle y capacidad para identificar discrepancias.

– Sólida ética de trabajo, automotivado y comprometido con el logro de los objetivos del proyecto.

– Capacidad para trabajar de forma independiente y colaborativa dentro de un equipo.• La capacidad de trabajar de forma independiente y como parte de un equipo.",[],[],,https://redsealrecruiting.com/es/job/field-engineer-2/?utm_campaign=google_jobs_apply&utm_source=google_jobs_apply&utm_medium=organic,,[],2025-06-11
e73a40724bf577ca4de463221d359636,rapidapi1,Proyecto de ingeniería de instalaciones,Kelly Services,"Parsippany-Troy Hills, US","Kelly's Engineering está buscando un ingeniero de instalaciones para un excelente proyecto de más de 6 meses con una empresa farmacéutica en crecimiento en Parsippany, Nueva Jersey. This position offers a full benefits package through Kelly, a payrate of $45-$55 per hour and a positive team environment.

The Facilities Engineer provides day-to-day technical and operational assistance to the Facilities Manager to ensure the safe, reliable, and compliant operation of facility systems.

Facilities Engineer Responsibilities:
• Write, update and maintain preventative maintenance plans
• Provide support for capital and expense projects, including budget tracking, timelines, and communication.
• Deviation investigations and corrective actions related to facilities equipment
• Develop and update SOPs related to facilities equipment and processes
• Maintain facility documentation and records in accordance with regulatory and internal requirements.
• Support operation of the Building Management System (BMS) and Environmental Management System (EMS) for data trending, troubleshooting, and system checks.

Facilities Engineer Requirements:
• Experience in facility maintenance or engineering support within a regulated industry- pharmaceutical, food, cosmetics/personal care or medical device
• Maintenance planning and CMMS systems.
• A self-starter with excellent communication skills

What happens next:

Once you apply, you’ll proceed to next steps if your skills and experience look like a good fit. Pero no te preocupes ’ incluso si esta posición no funciona, todavía está en la red de Kelly Engineering.","['Experience in facility maintenance or engineering support within a regulated industry- pharmaceutical, food, cosmetics/personal care or medical device', 'Maintenance planning and CMMS systems', 'A self-starter with excellent communication skills', 'The Facilities Engineer provides day-to-day technical and operational assistance to the Facilities Manager to ensure the safe, reliable, and compliant operation of facility systems', 'Write, update and maintain preventative maintenance plans', 'Provide support for capital and expense projects, including budget tracking, timelines, and communication', 'Deviation investigations and corrective actions related to facilities equipment', 'Develop and update SOPs related to facilities equipment and processes', 'Maintain facility documentation and records in accordance with regulatory and internal requirements', 'Support operation of the Building Management System (BMS) and Environmental Management System (EMS) for data trending, troubleshooting, and system checks']",[],,https://www.mykelly.com/es/job/9852942-facilities-engineer-project-parsippany-nj-united-states/?utm_campaign=google_jobs_apply&utm_source=google_jobs_apply&utm_medium=organic,,[],2025-06-11
