job_id,source,job_title,company,location,description,skills,careers_required,date_posted,url,career_tag,soft_skills_detected,extraction_date
928ebcb320397bba5a9a5386c3e67195,jooble,Lider Mecánico y Tuberías Proyecto,AtkinsRéalis,"Greenlawn, NY","&nbsp;...Otros afines a la responsabilidad del cargo.

Requisitos:
Formación Académica: Profesional Titulado(a) en Ingeniería Mecánica o <b>Mecatrónica.</b>
Manejo de Software: Ms Office intermedio, Fathom intermedio, Hammer intermedio.
Nivel de Inglés: Intermedio
Experiencia: 15 años...&nbsp;",[],[],2025-06-07T00:00:00.0000000,https://jooble.org/jdp/-4043999977824455286,,[],2025-06-11
4922dae8e05e036a4763f9e3291f86a3,jooble,Internship in Automation (12 months),Hologic,United States,"&nbsp;...durante los próximos 12 - 18 meses.
**Requisitos:**
+ Estar actualmente matriculado en la Universidad en la Carrera de **Ingeniería <b>Mecatrónica,</b> Eléctrica o Electrónica.**
+ Mantenerse como estudiante activo en la Universidad durante el tiempo de la práctica profesional, o...&nbsp;",[],[],2025-05-21T00:00:00.0000000,https://jooble.org/jdp/4241410559729600805,,[],2025-06-11
