job_id,source,job_title,company,location,description,skills,careers_required,date_posted,url,career_tag,soft_skills_detected,extraction_date
9ba8671bfdbe64ddc3fc6061179c51c7,rapidapi1,Especialista/Coordinador de Investigación de Mercados,Kelly Services,"Summit, US","En Kelly® Ciencia, ingeniería, tecnología y amp; Telecom (SETT), nos apasiona ayudarlo a encontrar un trabajo que funcione para usted. Estamos contratando a unEspecialista/Coordinador de investigación de mercado para un contrato de más de 2019 meses enSummit, NJ.",[],Economía,2025-06-27T00:00:00.000Z,https://www.mykelly.com/es/job/9855645-clinical-research-program-coordinator-summit-nj-united-states/?utm_campaign=google_jobs_apply&utm_source=google_jobs_apply&utm_medium=organic,,[],2025-07-18
675043ec1acda546a47834c4e748bcd3,rapidapi1,Encuestadores,Temapromotion,"None, US","Durante todo el mes de marzo, lanzaremos pequeñas campañas de estudios de mercado en importantes centros comerciales de la comunidad de Madrid, para cubrir estas campañas necesitamos un total de 10 personas, sociólogos o psicólogos con o sin experiencia o incluso que estén en últimos años de carrera para realizar encuestas de estudio de mercado en Madrid. Atención a todos los encuestadores en Madrid, os buscamos a vosotros.

Encuestadores en Madrid para cubrir campañas durante el mes de marzo

Durante todo el año en TEMA es muy habitual y sobre todo en Madrid, campañas como esta de estudio de mercado en el que necesitamos personas con o sin experiencia con estudios arriba indicados. Pero durante todo el mes de marzo, sobre todo desde mediados de mes, hasta principios de abril, estas campañas serán mucho más habituales por lo que necesitamos reforzar nuestra plantilla de encuestadores en Madrid.

Requisitos imprescindibles a la hora de contratar encuestadores en Madrid

Cada ves es más importante el papel de encuestador en los estudios o investigaciones de mercado, la mejor campaña de investigación de mercado puede ser un fracaso si los encuestadores no desarrollan su trabajo de la forma indicada o no son disciplinados y escrupulosos a la hora de realizar su trabajo exactamente como está indicado.

La tolerancia al no: otro gran requisito para los encuestadores en Madrid

La tarea de campo es complicada, sin duda es la parte que luce menos dentro de todo el computo del proyecto y desarrollo del mismo de un estudio de mercado, y son muchas las personas que por falta de entrenamiento o por incluso inseguridades propias y personales no han desarrollado una buena tolerancia hacia el no ajeno, en este tipo de trabajos siempre buscamos personas con una fuerte personalidad que no se desmotiven con la negación de aquellos a los que hay que preguntar.

Es por todo esto por lo que uno de los requisitos a la hora de contratar a estos profesionales es sin lugar a duda su alta capacidad de disciplina y respeto a la hora de seguir las indicaciones e instrucciones del cuestionario.

Buscamos personas muy dinámicas, con muchas ganas de trabajar y una actitud proactiva. Con disponibilidad para trabajar en horario partido y de lunes a sábado y residentes en la comunidad de Madrid.

Condiciones salariales, horario y otros detalles importantes de esta oferta de empleo

El salario estipulado para esta campaña por hora trabajada es de 6,32€ brutos, y la jornada de trabajo es completa en horario partido de lunes a sábado. El horario concretamente es de 11 de la mañana a 14 y de 5 de la tarde a 9 de la noche.

Contrato en la seguridad social y por supuesto, la posibilidad de repetir este tipo de campañas con TEMA. Manda el CV a seleccion@temapromotion.com",[],Economía,2025-06-21T00:00:00.000Z,"https://www.glassdoor.com/job-listing/encuestadores-temapromotion-JV_KO0,13_KE14,27.htm?jl=1005821171146&utm_campaign=google_jobs_apply&utm_source=google_jobs_apply&utm_medium=organic",,[],2025-07-18
1c641d70c54fa33794756aeb50b7024d,rapidapi1,Encuestadores para Valladolid,Temapromotion,"None, US","TEMA, una de las agencias de marketing integral más importantes de España, con más de 35 años de experiencia y una media de fidelidad de clientes de 8 años, necesita seleccionar encuestadores para Valladolid para una importante campaña de estudio de mercado en centros comerciales. Infórmate.

¿Estás buscando empleo en Valladolid en el sector de los estudios de mercado?

¡¡Perfecto!! En TEMA llevamos más de 35 años trabajando un sinfín de campañas de estudio de mercado en Valladolid y toda España, así que ahora tienes la oportunidad de unirte a un equipo de trabajo joven, con el respaldo de una empresa de referencia.

Podrás trabajar para grandes marcas que necesitan recopilar datos, es por eso que buscamos personas para cubrir más de 10 puestos de encuestadores para Valladolid y alrededores.

Si quieres formar parte de este proceso de selección tan sólo necesitas rellenar un formulario que encontrarás al terminar toda la descripción general de esta oferta de empleo de encuestadores para Valladolid, adjuntando tu CV totalmente actualizado.

¿Qué buscamos para esta oferta de encuestadores para Valladolid?

Estamos buscando personas que estén cursando o hayan terminado psicología, sociología o cualquier tipo de carrera de la rama de humanidades. Buscamos personas con o sin experiencia para crecer en nuestra empresa. Hay posibilidad de continuar en la empresa para otras campañas del estilo de esta en la que buscamos encuestadores para Valladolid.

Es imprescindible residir en Valladolid, tener buena presencia, y don de gentes, a la vez que una gran habilidad de comunicación.

¡¡Buscamos personas con una gran empatía!! ¿Eres tú uno de ellos?

Horario y condiciones salariales de esta oferta de empleo en Valladolid

Fechas de trabajo desde el próximo 13 al 19 noviembre (con posibilidad de que se amplíe un día más) No se trabaja el domingo. Jornada laboral de 7 horas al día en horario de 11 a 14 y de 17 a 21 horas. ¿tienes disponibilidad para trabajar en estas fechas y estos horarios? ¡¡Perfecto!! ¡¡Ya sabes lo que tienes que hacer!! Si estás interesado/a no tardes en enviar tu CV ya que la incorporación al puesto de trabajo es una fecha bastante cercana.

El salario bruto por hora trabajada será de 6,32€

Si al recibir tu CV nuestros compañeros de recursos humanos te seleccionan, serás contactado o contactada por teléfono en los próximos días.

¡¡Estamos deseando conocer nuevos encuestadores para Valladolid!!",[],Economía,2025-06-21T00:00:00.000Z,"https://www.glassdoor.com/job-listing/encuestadores-para-valladolid-temapromotion-JV_KO0,29_KE30,43.htm?jl=1005967681994&utm_campaign=google_jobs_apply&utm_source=google_jobs_apply&utm_medium=organic",,[],2025-07-18
6b99a2c5caf10ad92576852374af7106,rapidapi1,Economista Finanziario,beBeeFinanziamento,"None, US","Il ruolo di Financial Accountant è una grande opportunità per chi desidera affrontare nuove sfide e contribuire alla crescita del team italiano.

Le responsabilità principali:
• Collaborare con il team finanziario per le chiusure mensili, rispettando i plafond di reporting per diversi paesi
• Supportare l'amministrazione finanziaria del mercato

I requisiti richiesti:
• Collaborazione con il team finance
• Amministrazione finanziaria del mercato

I benefici offerti:
• Merceo di carriera ricca di prospettive
• Ambiente di lavoro dinamico e motivante",[],Economía,2025-07-18T00:00:00.000Z,https://www.recruit.net/job/economista-finanziario-jobs/B4E63CAEE8492D95?utm_campaign=google_jobs_apply&utm_source=google_jobs_apply&utm_medium=organic,,[],2025-07-18
563a73495c4d5cb06c545955dcfb1e00,rapidapi1,Economista,GES CONSULTORES,"None, None","PUESTO :ECONOMISTA
DEPARTAMENTO: ECONÓMICO CONTABLE
DEPENDENCIA :RESPONSABLE DE DEPARTAMENTO
EQUIPO A CARGO :NO
UBICACIÓN: A CORUÑA
OBJETIVOS DEL PUESTO :
Experto contable que gestione, registre y controle toda la información contable de las distintas áreas de negocio del grupo empresarial
FUNCIONES :
- Contabilización y revisión de procesos contables y registros.
- Análisis de cuentas, realización de cierres mensuales y anuales
- Preparación de impuestos, tanto IVA como IRPF, Operaciones intracomunitarias, dominio del SII (suministro inmediato de información a la AEAT), atención de requerimientos en general de la AEAT y en particular de impuestos de matriculación.
- Preparación de información y revisión de operaciones vinculadas (empresas del grupo), casuística fiscal y contable y datos para consolidación.
- Atención de auditores y planificación de auditorías con otros departamentos (vehículos, recambios, trabajo en curso, RRHH, etc.)
- Mantener actualizado el Gestor Documental con documentos permanentes (escrituras, contratos, acuerdos, convenios, etc.)
- Ejecutar y velar por el correcto funcionamiento de los procesos internos establecidos por la Dirección de la empresa
- Confección anual de presupuestos en base a las directrices marcadas por la dirección de la empresa
- Preparación de reporting mensual a la marca y el interno de cada sociedad
Requisitos :
- Titulación :Graduado en ADE, economía o empresariales valorando máster o cursos en áreas fiscal, contable y financiera.
- Experiência :Mínimo de 3 años como en departamento financiero realizando las funciones descritas.
- Idiomas y nível : Valorable otros idiomas
- Informática :Nível experto de Office (excel) / Gestión BI - Cuadro de Mando / ERP's
SE OFRECE :
- Salario negociable según experiência",[],Economía,2025-07-18T00:00:00.000Z,https://www.recruit.net/job/economista-jobs/CFFF612CF42EDEA3?utm_campaign=google_jobs_apply&utm_source=google_jobs_apply&utm_medium=organic,,[],2025-07-18
30d303f0027c43fec0f447bdc46e4156,rapidapi1,Economista Atención Al Cliente,Ges Consultores,"None, None","Tareas
- Alta de datos de Socios y Operaciones
- Recepción y Verificación de documentación de operaciones
- Relación con los socios y bancos para la resolución de dudas
- Asesoramiento financiero
- Elaboración de informes comerciales de visitas
- Elaboración de informes de terceros
- Elaboración de informes comerciales sobre operaciones y realización de propuesta para analistas
Requisitos :
- Titulación: Graduados en ADE, Empresariales, relacionadas
- Experiência: Mínima de 1 año ejerciendo funciones similares.
- Idiomas y nível: Valorable otros idiomas.
- Informática: Nível Profesional en Microsoft Office (Excel, Word, PPoint, etc.)
- Valorable: Formación especializada en gestión
Beneficios
Banda Salarial : 22.000 - 24.000 €/b/a",[],Economía,2025-07-15T00:00:00.000Z,https://www.recruit.net/job/economista-atencion-al-cliente-jobs/E64B8AAD09946358?utm_campaign=google_jobs_apply&utm_source=google_jobs_apply&utm_medium=organic,,[],2025-07-18
1028f8137811fd1c4680f8fd576366c5,rapidapi1,(10/7/2025) Abogado/A-Economista De 2 A 4 Años De Experiencia Para Departamento Fiscal En Sevilla,Whatjobs,"None, US","Buscamos un/a abogado/a-economista con una experiencia de entre 2 y 4 años en el departamento fiscal de un despacho de abogados de ámbito nacional o multinacional para incorporación inmediata en nuestra oficina de Sevilla.Funciones:
- Realizar todo tipo de tareas jurídicas formando parte de un equipo de trabajo con otros profesionales de categorías superiores y en casos con un grado de dificultad medio.- Atención de comprobaciones tributarias y procedimientos de inspección.- Redacción de escritos:
informes, alegaciones, recursos, reclamaciones, etc.- Elaboración de declaraciones del Impuesto sobre Sociedades e Impuesto sobre la Renta de las Personas Físicas. Manejo de aplicaciones habituales.- Planificación y ejecución de operaciones de M&A.- Participación en due diligence.- Búsqueda de doctrina y jurisprudencia.Perfil/Requisitos- Licenciatura/Grado en Derecho, Economía y/o ADE- Formación de postgrado en tributación o tributación internacional o acreditación de preparación a oposiciones por un periodo mínimo de 2 años- Dominio del idioma inglés (se solicitará acreditación académica y se realizará prueba de nivel) – mínimo C1.- Manejo a nivel avanzado del paquete office (Word, Power Point y Excel)- Compañerismo, lealtad, apertura, entusiasmo, deseo de participar activamente en un atractivo proyecto de despacho son, junto a las debidas capacidades intelectuales y cualificación profesional, las credenciales que MONTERO ARAMBURU & GÓMEZ-VILLARES ATENCIA ABOGADOS exige.- La capacidad de organización del trabajo y trabajo en equipo, el afán por mejorar y hacer mejorar la firma, la iniciativa y la creatividad, la capacidad de escucha y la ilusión de lograr el debido equilibrio entre profesión, ocio y familia son los valores que principalmente demanda.- Capacidad de resolución de problemas- Buenas dotes interpersonales y de comunicación tanto verbal como escrita.- Iniciativa y proactividad en la toma de decisiones- Responsabilidad y compromiso con el trabajo a realizarQué ofrecemos:
- Trabajar en un equipo dinámico y joven.- Contrato indefinido, jornada completa con horario flexible.Los datos personales de los interesados serán tratados por MONTERO ARAMBURU & GÓMEZ-VILLARES ATENCIA ABOGADOS, S.L.P. con la finalidad de llevar a cabo este proceso de selección de personal. En las condiciones legales, tiene derecho a acceder, rectificar y suprimir los datos, a la limitación de su tratamiento, a oponerse al mismo y a su portabilidad. Puede ampliar información en la Política de Privacidad de nuestra página web en",[],Economía,2025-07-16T00:00:00.000Z,https://www.recruit.net/job/abogado-economista-de-anos-de-jobs/0A65D92237E2CE91?utm_campaign=google_jobs_apply&utm_source=google_jobs_apply&utm_medium=organic,,[],2025-07-18
b288883fd843c03b73d37798f78f6ee8,rapidapi1,Economista dei trasporti,BV TECH,"None, US","Il Gruppo BV TECH è un gruppo innovativo, fondato nel 2005, interamente italiano ed uno dei principali attori del mercato italiano dell’Information & Communication Technology e della Sicurezza delle Informazioni.

Il Gruppo comprende società di ingegneria, servizi informatici e sicurezza con più di 1000 dipendenti e ha sedi su tutto il territorio italiano (le principali a Milano, Roma, Genova e Grottaglie) e internazionale (Londra e Boston).

Particolarmente focalizzato sui temi della Cybersecurity, il gruppo è partner fondatore di (IC)3, il consorzio creato dal Massachusetts Institute of Technology (ora Cybersecurity At MIT Sloan - CAMS) per diffondere e sviluppare la cultura della sicurezza informatica nel settore della protezione delle infrastrutture critiche.

Il Gruppo BV TECH sviluppa tecnologie «nazionali» nel settore ICT in ambito sia civile sia militare (C4ISTAR), con l’ambizione di contribuire significativamente all’innovazione e alla crescita del Paese.

Le principali aree di expertise del Gruppo BV TECH sono:

Sviluppo soluzioni

Progettazione e realizzazione di soluzioni “turn-key” (HW e SW) in ambito Reti e Infrastrutture di sicurezza, Sistemi di rilevamento delle frodi, Big Data, Intelligenza Artificiale, Cybersecurity, Connected Care.

Gestione Servizi

Prodotti e Tecnologie

Sistemi per la Cybersecurity e per la comunicazione sicura

T Bridge, società del gruppo BV Tech, operante nel settore della consulenza direzionale ed ICT, è alla ricerca di un/una:

Economista dei trasporti

La nuova figura opererà in merito ad Enti e soggetti pubblici sui temi del quadro normativo della Pubblica Amministrazione nel settore trasporti; sulle procedure di affidamento nel settore trasporti pubblici e dei relativi elementi economici;

Avrà autonomia nella conduzione operativa di progetti su temi tecnico / economici con interlocuzioni dirette con il cliente.

Requisiti richiesti per la copertura della posizione:
• Laurea Magistrale in Economia dei Trasporti o Ingegneria dei Trasporti, o simili;
• Esperienza di almeno 2 anno nel ruolo;
• Conoscenza del quadro normativo della Pubblica Amministrazione nel settore trasporti (Autorità di Regolazione dei Trasporti);
• Conoscenza delle procedure di affidamento nel settore trasporti pubblici e dei relativi elementi economici;
• Conoscenza della lingua inglese (almeno B2 sia parlato che scritto).

Sede di progetto: Genova ma si può lavorare in smart working

Inquadramento a tempo indeterminato, RAL e livello saranno commisurati all'effettiva esperienza maturata dal candidato selezionato.

Ambiente di lavoro stimolante e sfidante che punta a valorizzare le competenze e qualità, e premia la proattività e lo spirito di collaborazione.

Pacchetto benefit base:

Buoni pasto

Formazione - certificazioni tecnico specifiche

Laptop aziendale e Telefono aziendale

Smart Working previsto in modalità ibrida

Il presente annuncio è rivolto a candidati ambosessi (L.903/77 - D. Lgs. n.198/2006).

I candidati ambosessi L. 903/77 – D.Lgs. n. 198/2006, sono invitati a leggere informativa privacy ex art.13 REG. UE 2016/679.
Livello di anzianità
• Livello di anzianitàLivello medio
Tipo di impiegoFunzione lavorativa
• Funzione lavorativaIngegneria, Consulenza e Project Management
Settori
• SettoriServizi IT e consulenza IT

Le referenze raddoppiano le tue probabilità di ottenere un colloquio presso BV TECH

Ricevi una notifica quando viene pubblicata una nuova offerta di lavoro.

Imposta avviso
Accedi per impostare avvisi di offerte di lavoro per i ruoli “Economista”.

Stiamo creando un modo nuovo per condividere le conoscenze della community. Gli esperti aggiungono informazioni direttamente a ogni articolo, che all’inizio viene generato con l’aiuto dell’intelligenza artificiale.
#J-18808-Ljbffr",[],Economía,2025-07-15T00:00:00.000Z,https://www.recruit.net/job/economista-dei-trasporti-jobs/C4224C5EEE18AC64?utm_campaign=google_jobs_apply&utm_source=google_jobs_apply&utm_medium=organic,,[],2025-07-18
79bda0d9a8495291a4ccd753bb60454c,rapidapi1,Laureato/Economista Gestionale,beBeeInnovazione,"Rome, US","Doppio consiglio nasce nel giugno 2005 come iniziativa di professionisti con esperienza in aziende multinazionali leader nel settore della consulenza. DBC collabora con i propri clienti aiutandoli a gestire il cambiamento e l'innovazione per sostenere il loro vantaggio competitivo attraverso un approccio end-to-end dal disegno alla messa a terra della soluzione.

Double è focalizzata sul mercato dei servizi finanziari, ma opera anche in altri settori.

Da aprile 2022 Double Consulting fa parte del gruppo Lynx, sistema integratore italiano specializzato nella progettazione e realizzazione di soluzioni informatiche a supporto di grandi realtà che conta numerosi sedi in Italia, Spagna e America Latina.

Stiamo alla ricerca di giovani laureati/laureandi fortemente interessati al mondo della consulenza direzionale.

Requisiti minimi richiesti:
• Laurea magistrale in discipline economiche o ingegneria gestionale conseguita negli ultimi 6 mesi o in fase di conseguimento;
• Capacità di analisi e problem solving ottime;
• Buona padronanza del pacchetto Office;
• Conoscenza della lingua inglese ottima;
• Propensione al lavoro in team e spirito d'iniziativa;
• Proattività;
• Interesse per il mondo dei servizi finanziari (banche, assicurazioni);
• Standing professionale;
• Voto di laurea non inferiore a 105/110.

Sede e modalità di lavoro:

Richiesta la presenza fisica su Roma dal cliente tre volte a settimana - modalità ibrida.

Disponibilità immediata.

Cosa offriamo:

Offriamo un percorso di inserimento finalizzato all'assunzione.

L'annuncio è rivolto a tutti i candidati, nel rispetto del principio di uguaglianza e di non discriminazione senza distinzione di genere, razza, origine etnica, religione o orientamento sessuale.

Double Consulting si impegna a promuovere la parità di genere e ad abbracciare la diversità e l'inclusione. Crediamo fermamente che un ambiente di lavoro inclusivo e diversificato sia fondamentale per l'innovazione e il successo della nostra organizzazione.

GDPR - protezione dati personali.

A decorrere dal 25 maggio 2018 è operativo il Regolamento UE 2016/679 in materia di protezione dei dati personali (",[],Economía,2025-07-12T00:00:00.000Z,https://www.recruit.net/job/laureato-economista-gestionale-jobs/E2DA2FC60CBEF8E1?utm_campaign=google_jobs_apply&utm_source=google_jobs_apply&utm_medium=organic,,[],2025-07-18
0997c74db46d8e77fc9880f9601f09b3,rapidapi1,Economistas que Inspiram,Conexaomulhereseconomia,"Champaign, US","Nosso quadro “Economistas que Inspiram” apresenta Paula Pedro:
Paula é bacharel em Ciências Econômicas pela Pontifícia Universidade Católica do Rio de Janeiro (PUC-Rio), e é mestre em administração pública e desenvolvimento internacional pela Kennedy School of Government da Universidade de Harvard, onde foi bolsista Lemann. A economista tem experiência na condução de experimentos aleatorizados (RCT – randomized control trials) em diversos setores. Entre os anos de 2013 e 2017 participou do projeto The E2e Project, o qual é uma iniciativa conjunta entre as universidades UC Berckley, MIT e Universidade de Chicago, que tem como foco avaliar programas de eficiência energética.…Continue

a ler » Economistas que Inspiram – Paula Pedro

Nosso quadro “Economistas que inspiram” de hoje apresenta Joana Monteiro! Joana Monteiro é bacharel em economia pela Universidade Federal do Rio de Janeiro (UFRJ) e é doutora e mestre em economia pela PUC-Rio. Entre os anos de 2009 e 2012 foi pesquisadora visitante do Center for International Development da Universidade de Harvard. Atualmente, é professora da FGV/EBAPE, coordenadora do Centro de Ciência Aplicada à Segurança da FGV e pesquisadora associada no Instituto de Estudos para a América Latina na Columbia University.

A economista também trabalhou por seis anos em cargos de confiança no governo do estado do Rio de Janeiro.…Continue a ler » Economistas que Inspiram – Joana Monteiro

O nosso quadro “Economistas que Inspiram” de hoje lhes apresenta Débora Freire Cardoso. Débora atualmente é professora adjunta do Departamento de Ciências Econômicas da Universidade Federal de Minas Gerais (UFMG). Possui doutorado em Economia pelo CEDEPLAR/UFMG ), com estágio sanduíche na Universidade de Illinois em Urbana-Champaign (UIUC). Graduada em Ciências Econômicas pela UFSJ (2009) e mestrado em Economia Aplicada pela UFV ).

A nossa economista de hoje tem experiência nas áreas de:
Crescimento e Desenvolvimento Econômico, Economia Regional, Renda e Tributação, Finanças públicas, Economia dos Programas de Bem-Estar Social, Métodos e modelos matemáticos e Contabilidade Nacional, atuando principalmente nos seguintes…Continue a ler » Economistas que Inspiram

O quadro Economias que Inspiram apresenta Emily Oster Emily Oster é uma economista norte-americana e autora de diversos best-sellers. Oster concluiu seu mestrado em 2002 e o doutorado em 2006, ambos na área de Economia pela Universidade de Harvard. Atualmente, é professora no departamento de Economia da Brown University e é afiliada ao National Bureau of Economics Research (NBER). Ela também já integrou o corpo docente da Booth School of Business da Universidade de Chicago.

O trabalho acadêmico de Oster se concentra em temas relacionados ao desenvolvimento econômico, economia da saúde e métodos estatísticos. Sua pesquisa mais recente busca compreender…Continue a ler » Economistas que Inspiram:
Emily Oster

O nosso quadro “Economistas que Inspiram” de hoje apresenta Regina Madalozzo Regina é uma economista brasileira. possui PhD em Economia pela Universidade de Illinois em Urbana-Champaign (EUA). Graduada em economia pela PUC-Rio e mestrado, também em economia na Universidade Federal do Rio Grande do Sul (UFRGS). Atualmente, Madalozzo é professora associada ao Instituto de Ensino e Pesquisa (Insper) cargo que ocupa desde 2002.

Regina é coordenadora do Núcleo de Estudos de Gênero dentro do Centro de Estudos em Negócios. Participa de diversos fóruns ligados ao empoderamento feminino e presença de mulheres na liderança das empresas. Do lado acadêmico, possui diversos trabalhos…Continue a ler » Economistas que Inspiram

O quadro “Economistas que Inspiram” de hoje apresenta Lisa D Cook. Lisa

D. Cook é uma economista norte-americana formada pela Universidade de Oxford, já o seu doutorado foi concluído na Universidade da Califórnia, Berkeley com ênfase nas áreas de macroeconomia e economia internacional. Lisa já trabalhou em diversas instituições públicas e privadas. A economista já trabalhou nas agências do Federal Reserve Bank de Nova Iorque, Chicago e Minneapolis e Filadélfia. Além disso, a economista também já foi docente na Universidade…",[],Economía,,https://www.learn4good.com/jobs/champaign/illinois/business/4203213951/e/?utm_campaign=google_jobs_apply&utm_source=google_jobs_apply&utm_medium=organic,,[],2025-07-18
404f824233e3f63c33a2cd19bf4ad054,rapidapi1,Economista para Análisis de Clausula Suelo,beBee Careers,"Malaga, US","Contratación de Perito/a Economista para Cálculo Claúsula Suelo
Bienvenido a esta oportunidad de trabajo como perito/a economista. La contratación consiste en la ratificación del cálculo de la clausula suelo para su presentación en una demanda judicial.
Tipo de servicio requerido:
• Perito/a economista.

Datos importantes del cliente:
• Tipo de cliente: particular.
• Necesidad de realización del servicio: En los próximos días.

Preferencia del cliente:
El mejor precio .
Requisitos y características del puesto:
• Tipo de perito/a necesitado/a: economista.

Descripción del puesto:
Estamos buscando un experto/a en economía con experiencia en el cálculo de la clausula suelo para realizar un estudio completo y preciso. El objetivo principal es que el resultado sea utilizados como evidencia en una demanda judicial.
Responsabilidades del puesto:
• Ratificar el cálculo de la clausula suelo.

Beneficios del empleo:
• Excelente oportunidad de trabajar en una demanda judicial.
• Posibilidad de desarrollar habilidades en el ámbito económico.

Otros detalles:
• Tipo de trabajo: remoto o presencial.

Si estás interesado/a en esta oportunidad, no dudes en contactarnos.",[],Economía,2025-07-13T00:00:00.000Z,https://www.recruit.net/job/economista-para-analisis-de-clausula-jobs/3321FDC461415CCF?utm_campaign=google_jobs_apply&utm_source=google_jobs_apply&utm_medium=organic,,[],2025-07-18
b17d73f8b48214faee7c2448e034970b,rapidapi1,Abogado / A-Economista De 2 A 4 Años De Experiencia Para Departamento Fiscal En Sevilla,Montero Aramburu & Gómez-Villares Atencia,"Seville, US","Buscamos un / a abogado / a-economista con una experiencia de entre 2 y 4 años en el departamento fiscal de un despacho de abogados de ámbito nacional o multinacional para incorporación inmediata en nuestra oficina de Sevilla.

Funciones :
• Realizar todo tipo de tareas jurídicas formando parte de un equipo de trabajo con otros profesionales de categorías superiores y en casos con un grado de dificultad medio.
• Atención de comprobaciones tributarias y procedimientos de inspección.
• Redacción de escritos : informes, alegaciones, recursos, reclamaciones, etc.
• Elaboración de declaraciones del Impuesto sobre Sociedades e Impuesto sobre la Renta de las Personas Físicas. Manejo de aplicaciones habituales.
• Planificación y ejecución de operaciones de M&A.
• Participación en due diligence.
• Búsqueda de doctrina y jurisprudencia.
• Licenciatura / Grado en Derecho, Economía y / o ADE
• Formación de postgrado en tributación o tributación internacional o acreditación de preparación a oposiciones por un periodo mínimo de 2 años
• Dominio del idioma inglés (se solicitará acreditación académica y se realizará prueba de nivel) – mínimo C1.
• Manejo a nivel avanzado del paquete office (Word, Power Point y Excel)
• Compañerismo, lealtad, apertura, entusiasmo, deseo de participar activamente en un atractivo proyecto de despacho son, junto a las debidas capacidades intelectuales y cualificación profesional, las credenciales que MONTERO ARAMBURU & GÓMEZ-VILLARES ATENCIA ABOGADOS exige.
• La capacidad de organización del trabajo y trabajo en equipo, el afán por mejorar y hacer mejorar la firma, la iniciativa y la creatividad, la capacidad de escucha y la ilusión de lograr el debido equilibrio entre profesión, ocio y familia son los valores que principalmente demanda.
• Capacidad de resolución de problemas
• Buenas dotes interpersonales y de comunicación tanto verbal como escrita.
• Iniciativa y proactividad en la toma de decisiones
• Responsabilidad y compromiso con el trabajo a realizar
• Trabajar en un equipo dinámico y joven.
• Contrato indefinido, jornada completa con horario flexible.

Los datos personales de los interesados serán tratados por MONTERO ARAMBURU & GÓMEZ-VILLARES ATENCIA ABOGADOS, S.L.P. con la finalidad de llevar a cabo este proceso de selección de personal. En las condiciones legales, tiene derecho a acceder, rectificar y suprimir los datos, a la limitación de su tratamiento, a oponerse al mismo y a su portabilidad. Puede ampliar información en la Política de Privacidad de nuestra página web en

Crear una alerta de empleo para esta búsqueda

Departamento Fiscal • Sevilla, Provincia de Sevilla, Spain
#J-18808-Ljbffr",[],Economía,2025-07-15T00:00:00.000Z,https://www.recruit.net/job/abogado-economista-de-anos-de-jobs/6CACCBB44DD658C2?utm_campaign=google_jobs_apply&utm_source=google_jobs_apply&utm_medium=organic,,[],2025-07-18
04707de0615992fcda7c48281b68080a,rapidapi1,"Abogado/a-Economista especializado en el ámbito fiscal, concretamente en el área de entretenimiento",Montero Aramburu & Gómez-Villares Atencia,"Andalusia, US","Buscamos un/a abogado/a-economista con una experiencia de entre 2 y 4 años en el ámbito fiscal, concretamente en el área de entretenimiento, asesorando a todo tipo de operadores del sector y en la gestión de la estructuración de la cesión de deducciones culturales para incorporación inmediata en nuestra oficina de Sevilla.

Funciones:
• Realizar todo tipo de tareas jurídicas formando parte de un equipo de trabajo con otros profesionales de diferentes categorías profesionales y grado de experiencia y en asuntos con un grado de dificultad medio – medio bajo.
• Elaboración de declaraciones del Impuesto sobre Sociedades e Impuesto sobre la Renta de las Personas Físicas.
• Manejo de aplicaciones habituales.
• Gestión de proyectos de cesión de deducciones culturales.

Perfil/Requisitos

• Licenciatura/Grado en Derecho, Economía y/o ADE

• Formación de postgrado en tributación o tributación internacional o acreditación de preparación a oposiciones por un periodo mínimo de 2 años

• Dominio del idioma inglés (se solicitará acreditación académica y se realizará prueba de nivel) – mínimo C1.

• Manejo a nivel avanzado del paquete office (Word, Power Point y Excel)

• Compañerismo, lealtad, apertura, entusiasmo, deseo de participar activamente en un atractivo proyecto de despacho son, junto a las debidas capacidades intelectuales y cualificación profesional, las credenciales que MONTERO ARAMBURU & GÓMEZ-VILLARES ATENCIA ABOGADOS exige.

• La capacidad de organización del trabajo y trabajo en equipo, el afán por mejorar y hacer mejorar la firma, la iniciativa y la creatividad, la capacidad de escucha y la ilusión de lograr el debido equilibrio entre profesión, ocio y familia son los valores que principalmente demanda.

• Capacidad de resolución de problemas

• Buenas dotes interpersonales y de comunicación tanto verbal como escrita.

• Iniciativa y proactividad en la toma de decisiones

• Responsabilidad y compromiso con el trabajo a realizar

Qué ofrecemos:

• Trabajar en un equipo dinámico y joven.

• Contrato indefinido, jornada completa con horario flexible.

Los datos personales de los interesados serán tratados por MONTERO ARAMBURU & GÓMEZ-VILLARES ATENCIA ABOGADOS, S.L.P. con la finalidad de llevar a cabo este proceso de selección de personal. En las condiciones legales, tiene derecho a acceder, rectificar y suprimir los datos, a la limitación de su tratamiento, a oponerse al mismo y a su portabilidad. Puede ampliar información en la Política de Privacidad de nuestra página web en",[],Economía,2025-07-16T00:00:00.000Z,https://www.recruit.net/job/abogado-economista-especializado-en-el-jobs/ECDA3A060EC6849B?utm_campaign=google_jobs_apply&utm_source=google_jobs_apply&utm_medium=organic,,[],2025-07-18
dbe503833bb31d2c4f96ae0508ecb488,rapidapi1,Specialista in Economia e Finanza,beBeeEconomia,"Mantua, US","Specialista in Economia e Finanza

Nell'ambito del settore finanziario, ricerciamo un professionista dinamico e proattivo che voglia intraprendere un percorso di crescita professionale e contribuire allo sviluppo della nostra area di competenza.

I nostri obiettivi sono:
• Analisi di situazioni economiche complesse;
• Proposta di strategie di sviluppo e crescita per le aziende cliente;
• Lavoro in team e collaborazione con gli stakeholder per raggiungere gli obiettivi prefissati.

Possiedi la capacità di analizzare dati e informazioni, di comunicare efficacemente e di lavorare in team? Sei all'albo degli avvocati o hai un diploma universitario riconosciuto?

Il nostro gruppo di consulenza finanziaria e organizzativa offre opportunità di crescita e sviluppo professionali ai nostri dipendenti. Lavora con noi e scopri come possiamo aiutarti a raggiungere i tuoi obiettivi!",[],Economía,2025-07-18T00:00:00.000Z,https://www.recruit.net/job/specialista-economia-e-finanza-jobs/6BDADEF6E8AEB4C7?utm_campaign=google_jobs_apply&utm_source=google_jobs_apply&utm_medium=organic,,[],2025-07-18
1f4f7e1e87f1b83fb684c5447dbbbf33,rapidapi1,Neolaureato in Economia e Finanza,Umana spa,"None, US","Per importante azienda del settore credito in zona Roma Tiburtina cerchiamo un NEOLAUREATO IN ECONOMIA E FINANZA.
- attività di back office bancario,
- gestione flussi di cassa,
- attività di tesoreria,
- elaborazione di relativa reportistica,
- supporto alla risoluzione di eventuali criticità.
Si richieelaurea in Economia e Finanza, conoscenza discreta della lingua inglese, precisione e approccio analitico.
Si offre iniziale contratto di somministrazione a tempo determinato.",[],Economía,2025-07-18T00:00:00.000Z,https://www.recruit.net/job/neolaureato-economia-e-finanza-jobs/C23D9ECEB33FBFC6?utm_campaign=google_jobs_apply&utm_source=google_jobs_apply&utm_medium=organic,,[],2025-07-18
b3d36e6f7afd3ba2de6b40ea35676138,rapidapi1,"Profesores de Economía, Finanzas, Contabilidad",CornerJob,"Oco, US","Detalles de la oferta :
Tipo de jornada
- Por horas Tipo de contrato
- Otro Años de experiência
- 0 Salario
- 25€ Hora Vacantes
- 15 Modo de trabajo
- Híbrido Descripción y responsabilidades :
Buscamos profesor/a de Economía y Contabilidad para impartir clases particulares online. Estudiantes de todos los níveles. preparación exámenes, Apoyo escolar, corrección y supervisión de trabajos.
Somo una plataforma educativa que conecta estudiantes y profesores en todo el mundo, brindando la posibilidad de aprender y enseñar desde cualquier punto. Promovemos la enseñanza, el compartir conocimientos ,aprender y enseñar desde la tranquilidad de tu casa, escogiendo a tus alumnos/profesores que mejor se adapten a tus criterios.
Requisitos :
...
Otros beneficios :
- Determina tu propia tarifa por clase. - Escoge el horario y la ubicación de tus clases (en tu domicilio, domicilio del alumno o en línea) - Las clases se pueden realizar después de tu horario laboral o durante el fin de semana. Las horas son flexibles y se pueden planificar de acuerdo a su agenda.",[],Economía,2025-07-18T00:00:00.000Z,https://www.recruit.net/job/profesores-de-economia-finanzas-contabilidad-jobs/BA9533A6AB8DF3BD?utm_campaign=google_jobs_apply&utm_source=google_jobs_apply&utm_medium=organic,,[],2025-07-18
b481bc8eb71e2120cf33b9396cb34606,rapidapi1,Neolaureato/a in Economia,Sika Corporation,"None, US","Sika è un'azienda chimica specializzata con una posizione leader nello sviluppo e nella produzione di sistemi e prodotti per incollare, sigillare, smorzare, rinforzare e proteggere nel settore dell'edilizia e dell'industria automobilistica. Sika ha filiali in 100 paesi del mondo e produce in oltre 300 fabbriche. I suoi 25.000 dipendenti hanno generato un fatturato annuo di 7,88 miliardi di franchi nel 2020. Alla fine del 2019, Sika ha vinto lo Swiss Technology Award per una nuova tecnologia adesiva innovativa.
Le sfide che ti attendono
Siamo alla ricerca di una neolaureato/a o laureato/a con esperienza anche breve in contesti aziendali strutturati da inserire all'interno del nostro Ufficio Procurement che si occupi di:
- Supportare nel coordinamento delle attività di gestione delle codifiche di nuovi articoli sul gestionale di rifermento (Qualiware);
- Collaborare nella gestione delle non conformità dei prodotti, interfacciandosi con il responsabile logística, Technical Service e responsabile Qualità;
- Elaborare le informazioni e gestire le comunicazioni relative alle forniture con gli altri dipartimenti;
- Aggiornamento costante dei report;
- Supportare nella raccolta delle specifiche di fornitura necessaria da caricare nei sistemi interni;
- Contribuire al miglioramento continuo delle analisi e della reportistica dei processi di acquisto;
- Supporto nel controllo e registrazione delle fatture.
Competenze richieste
- Laurea triennale e/o magistrale in Economia o Ingegneria o similari;
- Approccio analitico e capacità di elaborare le informazioni con precisione;
- Problem Solving;
- Predisposizione al lavoro in team;
- Buona conoscenza della lingua inglese sia scritta che parlata;
- Pacchetto Office.
Costruire Fiducia
- Diamo elevata priorità alla formazione e alla crescita professionale dei nostri dipendenti
- Sika conta più di 100 filiali e 20.000 dipendenti in tutto il mondo. Numerose sono le possibilità di carriera e le posizioni aperte presso le sedi Sika di tutto il mondo
- Il nostro clima di lavoro favorisce aspirazione e ispirazione. Consentiamo ai nostri collaboratori di sviluppare e promuovere nuove idee. Deleghiamo decisioni e responsabilità al giusto livello di competenza
- Amichevole, piacevole e spesso sorprendentemente semplice: è così che molti dei nostri dipendenti descrivono il rapporto di lavoro in Sika. Lo chiamiamo Sika Spirit
Categoria
Altro, Acquisti / Logistica, Traineeship
ID autom.
11015BR",[],Economía,2025-07-18T00:00:00.000Z,https://www.recruit.net/job/neolaureato-economia-jobs/DD694AC6E8964ACF?utm_campaign=google_jobs_apply&utm_source=google_jobs_apply&utm_medium=organic,,[],2025-07-18
7bd14c9ec78d211dca6795983c2a3f3b,rapidapi1,"Collaboratore Técnico Vi Livello, a Tempo",CONSIGLIO PER LA RICERCA IN AGRICOLTURA E L'ANALISI DELL'ECONOMIA AGRARIA,"None, None","E' indetta selezione pubblica, per titoli ed esame-colloquio, per
l'assunzione di una unita' di personale a tempo determinato (dodici
mesi), a tempo pieno - trentasei ore settimanali -, idoneo
all'esercizio di funzioni ascrivibili al profilo di collaboratore
tecnico degli enti di ricerca VI livello, nell'ambito del progetto di
ricerca QUINOA PUGLIA - PSR 2014/2020 Regione Puglia d.d. n. 116 del
18 giugno 2020 - CUP B79J20000100009, presso la sede del CREA
- Centro di ricerca cerealicoltura e colture industriali di Foggia.
(Codice bando: PTR-CI_Bando-23-2021).
Il termine per la presentazione delle domande di partecipazione
al concorso, redatte in carta semplice e inviate esclusivamente per
al bando di concorso, scade perentoriamente il trentesimo giorno
successivo a quello della data di pubblicazione del presente avviso
nella Gazzetta Ufficiale della Repubblica italiana - 4ª Serie
speciale «Concorsi ed esami».
Il bando di selezione, in versione integrale, e' disponibile sul
«Amministrazione Trasparente - Bandi di concorso - Bandi a tempo
determinato» e costituisce l'unico testo definitivo che prevale in
caso di discordanza.",[],Economía,2025-07-18T00:00:00.000Z,https://www.recruit.net/job/collaboratore-tecnico-livello-tempo-jobs/0FCB85F4766CAE84?utm_campaign=google_jobs_apply&utm_source=google_jobs_apply&utm_medium=organic,,[],2025-07-18
26d74d4d330aeb1dbea32e288bfc6b07,rapidapi1,"Profesores de Economía, Finanzas, Contabilidad",Apprentus Ltd,"None, None","Compartir Facebook
Empresa

Apprentus Ltd
Descripción de la Empresa

Mucho más que una plataforma colaborativa, Apprentus es hoy una magnífica comunidad de aprendizaje, que propicia encuentros y crea vínculos educativos. Únete a una comunidad de profesores talentosos, satisfechos con su trabajo, y que se enorgullecen de compartir sus conocimientos y sus pasiones a diario.
Provincia

Santa Cruz de Tenerife
Localidad

Tenerife
Salario

15-35€/hora
Tipo de Contratación

Freelance
Descripción de la Plaza

Buscamos profesor/a de Economía y Contabilidad para impartir clases particulares online. Estudiantes de todos los niveles, preparación de exámenes, apoyo escolar, corrección y supervisión de trabajos.

Somo una plataforma educativa que conecta estudiantes y profesores en todo el mundo, brindando la posibilidad de aprender y enseñar desde cualquier punto. Promovemos la enseñanza, el compartir conocimientos, aprender y enseñar desde la tranquilidad de tu casa, escogiendo a tus alumnos/profesores que mejor se adapten a tus criterios.
• Determina tu propia tarifa por clase.
• Escoge el horario y la ubicación de tus clases (en tu domicilio, domicilio del alumno o en línea).
• Las clases se pueden realizar después de tu horario laboral o durante el fin de semana. Las horas son flexibles y se pueden planificar de acuerdo a tu agenda.

Mínimo Nivel Académico Requerido

Técnico Graduado
#J-18808-Ljbffr",[],Economía,2025-07-16T00:00:00.000Z,https://www.recruit.net/job/profesores-de-economia-finanzas-contabilidad-jobs/8838A22EC8B3E628?utm_campaign=google_jobs_apply&utm_source=google_jobs_apply&utm_medium=organic,,[],2025-07-18
b3554d28f69f284df5161d45e62b36a0,rapidapi1,Laureato/ a Economia e Commercio Aspirante,Innovative Management Services s.r.l.,"None, US","Ricerchiamo risorsa con Laurea Economia e Commercio o Commercialista con recente abilitazione da far crescere, da inserire all’interno del Team importante Studio Commercialisti di Milano.
Potresti essere un neolaureato in materie economiche, un Tirocinante o un Dottore Commercialista neoabilitato con esperienza in ambito contabile ed ora vuoi crescere come professionista.
Per iniziare serve solo che tu abbia un’ottima conoscenza della contabilità e del soggetto dell’IVA. Se non hai familiarità con la parte fiscale non è un problema, lo imparerai strada facendo.
L’inserimento prevede un percorso di carriera personalizzato ed una collaborazione stretta con i diversi professionisti e dipendenti dello Studio stesso.
LAUREATO/ A ECONOMIA E COMMERCIO ASPIRANTE COMMERCIALISTA :
Lo Studio ha più di 40 anni di presenza, nel tempo ha saputo aggiornarsi, modernizzare la gestione telematica della contabilità e degli aspetti fiscali, garantendo un buon servizio ai clienti. Grazie alla sua costante crescita attualmente gestisce un parco clienti con circa 500 posizioni molto diversificate, con un giro d’affari importante, fornisce consulenza contabile e fiscale a 360 gradi, cura azioni straordinarie e varie perizie. Per sostenere la crescente richiesta sta consolidando la sua struttura e valuta professionisti capaci, interessati a questa carriera, che possano contribuire attivamente e crescere in un ambiente sfidante e premiante.
La Direzione si impegna costantemente per mantenere un ambiente di lavoro produttivo e sereno. Si prende cura dei suoi collaboratori e professionisti, della loro crescita professionale, adotta una politica meritocratica, che premia la crescita di competenze e risultati con aumenti retributivi, promozioni, incarichi di fiducia, continuando a mantenere in clima lavorativo collaborativo.
Negli anni hanno formato e fatto crescere diversi dottori tirocinanti che hanno poi continuato aperto un loro studio o sono entrati nella struttura societaria dello studio. Il percorso di crescita include aggiornamenti costanti sulle normative ed i regolamenti con circolari interne; corsi di aggiornamento interni, formazione ed affiancamento.
REQUISITI
- Laurea in Economia e Commercio o laureando/a;
- Forte interesse a crescita all'interno di studio.
- Padronanza in ambito contabilità ed IVA.
- Buon utente pc, uso Office, Excel, navigazione Internet;
- Gradita conoscenza gestionale PROFIS;
- Abita in zona da cui raggiungere Mi centro o valuta trasferimento in zona;
- Disponibilità immediata o nel breve
LO STUDIO OFFRE :
- Studio consolidato con ampio pacchetto clienti diversificato;
- Un ambiente molto dinamico, stimolante e premiante con vocazione naturale a formare nuovi professionisti
- Un contratto in regime di Libera Professione, continuità nell’attività a tempo pieno, compenso commisurato a competenza e risultati;
- Possibilità di crescita professionale sia in termini di carriera che economica;
L’offerta è rivolta ad ambosessi (L.903/77)",[],Economía,2025-07-18T00:00:00.000Z,https://www.recruit.net/job/laureato-economia-e-commercio-aspirante-jobs/592BE5313240B5F1?utm_campaign=google_jobs_apply&utm_source=google_jobs_apply&utm_medium=organic,,[],2025-07-18
1408233ff00baab4cc48981058d971d7,rapidapi1,Laureato - Laureando in Economia,S.T.Ambiente - dott.ssa Liliana Molino,"None, US","COSA FACCIAMO
S.T.Ambiente è uno studio professionale di PROGETTAZIONE e CONSULENZA, che opera nel settore della gestione dei rifiuti e offre servizi alle AMMINISTRAZIONI LOCALI e agli GLI ENTI PUBBLICI. In particolare, ci occupiamo di:
- progettazione SISTEMI INTEGRATI DI RACCOLTA RIFIUTI,
- redazione PIANI ECONOMICO FINANZIARI dei servizi di raccolta rifiuti,
- redazione CAPITOLATI D'APPALTO E CONTRATTI,
- pianificazione territoriale,
- studio e implementazione SISTEMI DI TARIFFAZIONE dei rifiuti,
- adempimenti ARERA,
- consulenza normativa.
DI COSA TI OCCUPERAI
E' richiesta la laurea magistrale (anche laureandi o neolaureati) in economia. Costituiscono titoli preferenziali: la conoscenza della contabilità degli Enti Locali, della normativa sui rifiuti e/o delle norme ARERA per il settore rifiuti.
IL NOSTRO OBBIETTIVO
Contratto di lavoro: Tempo pieno, Apprendistato
Durata contratto: 36 mesi
Benefit:
- Lavoro da casa
Domande di preselezione:
- max 30 anni (età compatibile con contratto di apprendistato)
- Residenza/domicilio in Provincia di Torino",[],Economía,2025-07-18T00:00:00.000Z,https://www.recruit.net/job/laureato-laureando-economia-jobs/F5907D0A506F5C4A?utm_campaign=google_jobs_apply&utm_source=google_jobs_apply&utm_medium=organic,,[],2025-07-18
b6ed1e62cb77c7bff1e0a320a7a33fba,rapidapi1,Jr Ict Project Manager / Neolaureati in Economia,Gruppo SCAI,"None, US","Nato a Torino nel 1973, il Gruppo SCAI è un network di 15 aziende che operano nel mondo dell'ICT e della System Integration, con sedi in tutta Italia e progetti di respiro internazionale. Con i ricavi che ad oggi superano i 100 Milioni di Euro, è stato caratterizzato da importanti cicli di crescita sia in termini crescita organica, oltre 1400 dipendenti, sia di nuove acquisizioni, grazie ad una forte accelerazione ed una altrettanto forte spinta verso la digital innovation e l’experience design.
Posizione :
In un'ottica di potenziamento del team della sede di Torino, SCAI Fast, società del Gruppo SCAI specializzata nella Consulenza SAP e nell'ICT Project Management, ricerca brillanti laureandi/neolaureati da far crescere nel ruolo di Junior ICT Project Manager.
La risorsa, in affiancamento ai nostri migliori Senior Manager, acquisirà le principali conoscenze e competenze in ambito Governance ICT fino a diventare totalmente autonomo nella raccolta e gestione dei fabbisogni del Business.
Principali attività e mansioni:
- Apprendimento dei processi ICT e business utili alla governance del servizio;
- Monitoraggio degli applicativi e dei progetti di area, con annessa gestione degli incident legati al mantenimento applicativo;
- Redazione e aggiornamento della documentazione técnica;
- Partecipazione a meeting di allineamento e interfaccia con i vari stakeholders coinvolti sulle attività.
Requisiti :
- Laurea magistrale in Economia e discipline affini
- Spiccata motivazione a lavorare nel mondo ICT - esperienze pregresse anche minime nel settore saranno considerate un plus
- Ottime capacità comunicative, gestionali e di problem solving
- Spiccata dinamicità e spirito d’iniziativa
- Conoscenza fluente della lingua italiana e inglese, parlata e scritta
Altre informazioni :
SCAI Fast crede profondamente che il successo di ogni azienda risieda nella soddisfazione e nella motivazione dei propri collaboratori; per questo motivo offriamo:
- Interessanti percorsi di crescita basati su piani individuali di raggiungimento degli obiettivi
- Un ambiente di lavoro giovane, dinamico e sempre disponibile all'ascolto attivo delle proprie risorse
- Una realtà in forte crescita sul mercato e attività di respiro nazionale e internazionale
Contratto d'inserimento: Stage finalizzato all'assunzione
Orario di lavoro: Full Time
Sede di lavoro: Torino
La ricerca è intesa per entrambi i sessi (L. 903/77).
#LI-DP1",[],Economía,2025-07-15T00:00:00.000Z,https://www.recruit.net/job/jr-ict-project-manager-neolaureati-jobs/D269565FDF72F1E1?utm_campaign=google_jobs_apply&utm_source=google_jobs_apply&utm_medium=organic,,[],2025-07-18
51cf8e5390d29cdcce816efd7371fcc5,rapidapi1,Estudiante en practicas - economia y organizacion CTG/ICO,Bosch Group,"None, US","Descripcion de la empresa

'Made by Bosch' representa la extraordinaria calidad de una compania global. Beneficiese de la multitud de oportunidades de carrera en una compania posicionada internacionalmente.

Descripcion del empleo
• Actividades de Control Economico (70%)
• Apoyo en el control economico del desarrollo de sensores ultrasonicos con un presupuesto anual de aproximadamente 30 millones de euros.
• Analisis de los costos de produccion en la planta.
• Asistencia en el reporting de indicadores clave.
• Desarrollo y mantenimiento de bases de datos y paneles de control para analizar datos de COGS y posiblemente de SG&A.
• Apoyo en la creacion de presentaciones de resultados.
• Actividades de Informacion, Coordinacion y Organizacion (30%)
• Documentacion e implementacion de nuevos proyectos en el grupo de informacion, coordinacion y organizacion industrial.
• Proyectos de mejora de diferencia de inventario para la Fabrica de Madrid (TOPs).
• Proyectos de mejora/analisis de los costes de IT de RBEM.
• Colaboracion en la realizacion de inventarios fisicos en taller /oficinas.

Requisitos
• Estudiante de Economia, Administracion de Empresas, Ingenieria Industrial, Organizacion Industrial o campos similares.
• Alto nivel de ingles y espanol (aleman deseable).
• Conocimientos avanzados de Excel.
• Habilidades informaticas basicas.
• Conocimientos de Power-BI y SAP seran considerados como un plus.

Informacion adicional

Fecha de inicio: 01.09.2025

Duracion: 6 meses

Beca mensual: 600 brutos / mes

30h semanales

Jornada: 08:00h - 15:00h, 1 hora de comer",[],Economía,,"https://www.ziprecruiter.com/c/Bosch-Group/Job/Estudiante-en-practicas-economia-y-organizacion-CTG-ICO/-in-Denver,NC?jid=52d3d2c47402f406&utm_campaign=google_jobs_apply&utm_source=google_jobs_apply&utm_medium=organic",,[],2025-07-18
8219a96e9539673dc1d2dc877c41bba2,rapidapi1,Laureato/a in Economia Per Ruolo Amministrativo,Solidea Srl,"None, US","Solidea, agenzia per il lavoro ricerca, per una nostra azienda cliente, una figura da inserire come assistente amministrativa.
La risorsa si occuperà di:
- Supporto nell'attività di controllo di gestione;
- Segreteria amministrativa;
- Contabilità clienti e fornitori;
- Analisi e report dati:
La risorsa ideale ha conseguito una laurea in Economia e i seguenti requisiti:
- Ottima conoscenza della lingua inglese (livello minimo CEFR B2);
- Ottima capacità di lavorare con gli strumenti informatici;
Sede di lavoro: Zona EUR
Orario di lavoro: Tempo pieno
Il presente annuncio è rivolto ad entrambi i sessi, ai sensi delle leggi 903/77 e 125/91, e a persone di tutte le età e tutte le nazionalità, ai sensi dei decreti legislativi 215/03 e 216/03.
Contratto di lavoro: Tempo pieno",[],Economía,2025-07-18T00:00:00.000Z,https://www.recruit.net/job/laureato-economia-ruolo-amministrativo-jobs/A39953C8623AF958?utm_campaign=google_jobs_apply&utm_source=google_jobs_apply&utm_medium=organic,,[],2025-07-18
3ee3592c9fcaf27c7aa689e8f73ab4da,rapidapi1,Impiegato Amministrativo con Laurea in Giurisprudenza/economia,MELION CAPITAL,"None, US","MeLion Capital , realtà imprenditoriale internazionale in piena espansione, cerca una persona che non si limiti a cercare un lavoro, ma che voglia entrare davvero in gioco. Non ci interessano solo titoli accademici o righe di CV: ci interessa la passione, quella vera, quella che ti fa rimanere un’ora in più perché stai costruendo qualcosa in cui credi.
Stiamo cercando un talento con spirito imprenditoriale, pronto a crescere accanto a noi in progetti ambiziosi che spaziano dal real estate alla logística, dall’alimentare alla fintech.
Che tu venga da Giurisprudenza o da Economia, ciò che conta è che tu senta questo mondo come tuo, che tu voglia imparare, scoprire, contribuire davvero.
Ti troverai a lavorare in un team dove le idee si ascoltano, le iniziative si premiano e ogni giorno è una nuova sfida da affrontare con entusiasmo. Sarai a Roma, ma con uno sguardo che guarda lontano: Miami, Montevideo, Praga, Bolognaperché il nostro è un progetto globale, e cerchiamo persone con lo stesso respiro.
Non offriamo comfort zone. Offriamo traiettorie!
Se hai determinazione, intelligenza viva, energia positiva e quella voglia irrefrenabile di dimostrare chi sei, potresti aver trovato il tuo posto.
Se ti si accende qualcosa dentro leggendo queste righe, scrivici. Se non senti nulla, probabilmente non sei tu la persona che cerchiamo.
Contratto di lavoro: Tempo pieno
Retribuzione: €28.000,00 - €35.000,00 all'anno
Disponibilità:
- Dal lunedì al venerdì
Sede di lavoro: Di persona",[],Economía,2025-07-15T00:00:00.000Z,https://www.recruit.net/job/impiegato-amministrativo-con-laurea-giurisprudenza-jobs/2365339D4982872B?utm_campaign=google_jobs_apply&utm_source=google_jobs_apply&utm_medium=organic,,[],2025-07-18
8e06c1aef5a68317fd8cfdc63982377e,rapidapi1,Editor Area Lavoro Ed Economia Per Lexplain,Ciao People srl,"New York, US","Ciaopeople , è un gruppo editoriale leader in Italia nel campo digitale. Opera nell’informazione online, nella produzione multimediale e nei servizi di intrattenimento.
Ciaopeople è editore di Fanpage.it, the Jackal, Cookist, Ohga, Kodami, Geopop, Lexplian e Deepinto.
Ciaopeople ha sedi a Napoli, Roma, Milano.
Posizione :
Sei laureata/o in Economia e sei interessata/o a lavorare nell’ambito della comunicazione digitale? Allora fermati un attimo e leggi attentamente questo annuncio!
Per la redazione di Lexplain, siamo alla ricerca di un redattore che possa svolgere l’attività di:
Editor area Lavoro ed Economia
L'obiettivo di Lexplain, progetto editoriale del gruppo Ciaopeople, è quello di rendere la legge alla portata di tutti, raccontando la legislazione italiana con un linguaggio semplice e accessibile.
Cerchiamo una persona dinamica, motivata e propositiva con conoscenza del settore _Lavoro ed Economia _- tutte le sfera del diritto del lavoro e dell’economia - e spiccato interesse per la comunicazione e l’informazione digitale.
La risorsa si occuperà sia della ricerca che della realizzazione di contenuti editoriali su temi legati al diritto del lavoro (soprattutto contratti collettivi, orientamento) e dell’economia aziendale, sempre in accordo con le logiche di distribuzione SEO e Social, e con la linea editoriale del progetto.
Requisiti :
- laurea in ambito economico;
- conoscenza o spiccato interesse per la comunicazione digitale;
- capacità di scrittura per il web;
- propensione alla semplificazione di tematiche complesse.
- Requisiti preferenziali:_
- esperienza pregressa in comunicazione digitale o scrittura per il web;
- esperienza pregressa accademica e/o professionale come Consulente del Lavoro o Dottore Commercialista;
- predisposizione alla comunicazione in video;
- conoscenza base delle tecniche editing foto/video;
- conoscenza dell’inglese e/o altra lingua straniera.
_
_ In Ciaopeople crediamo che il potere della condivisione sia in grado di creare valore e generare il cambiamento._ :
_ Con questa esperienza potrai entrare a far parte di una realtà che ha rivoluzionato il mondo dell’editoria e della creazione dei contenuti, con possibilità di crescita ed apprendimento non solo con il tuo team di riferimento ma anche con il costante confronto con i tuoi colleghi il tutto, divertendoti!_ :
_ Allora, cosa stai aspettando?_ :
Altre informazioni :
Sede e tipo di lavoro:
La collaborazione sarà full time e si svolgerà a Napoli.
Tipologia di ricerca/inserimento:
Stage retribuito",[],Economía,2025-07-15T00:00:00.000Z,https://www.recruit.net/job/editor-area-lavoro-ed-economia-jobs/4306EF62CC724440?utm_campaign=google_jobs_apply&utm_source=google_jobs_apply&utm_medium=organic,,[],2025-07-18
d6fdaeec54762090fa8f33584f5d4011,rapidapi1,Docente/Investigador Con Especialidad En Empresa Y Economía,buscojobs España,"None, US","Buscamos profesores con posibilidad de obtener el sexenio en la próxima convocatoria. Asumirá un papel transversal en la impartición de asignaturas en diferentes titulaciones, según su perfil académico y profesional.

Detalles del Puesto :
• Docencia interdisciplinar adaptada a las necesidades académicas de diversas titulaciones.
• Enviar o adjuntar el listado de publicaciones que incluirías en la solicitud de sexenio.
• Experiencia en docencia universitaria y capacidad para adaptarse a diversos programas de estudios.
• Incorporación a un equipo docente dinámico y comprometido con la excelencia educativa.
• Oportunidad de contribuir al desarrollo académico en un entorno innovador y colaborativo.

Únete a nuestro equipo!
Crear una alerta de empleo para esta búsqueda

Con Especialidad En • Villanueva de la Cañada, Area Metropolitana (comarca), España
#J-18808-Ljbffr",[],Economía,2025-07-15T00:00:00.000Z,https://www.recruit.net/job/docente-investigador-con-especialidad-en-jobs/F00E7F7AC89D190A?utm_campaign=google_jobs_apply&utm_source=google_jobs_apply&utm_medium=organic,,[],2025-07-18
a6184168b9aa026b477ecae444967d88,rapidapi1,Clases particulares de economía para grado universitario,Cronoshare,"None, US","Necesito un servicio de Clases Particulares Economía con las siguientes características:
• Tipo de clases Clases grupales de 2 a 3 personas
• Tipo de grupo Me da igual
• ¿Qué materia(s) quieres reforzar con las clases? Economía
• ¿Qué curso está estudiando el alumno(a)? Grado universitario
• Perfil del profesor(a) que se prefiere Licenciado o titulado universitario
• ¿Cuántas horas de clases se quieren tomar por semana? 2 horas
• Lugar(es) de preferencia para realizar las clases En el local o despacho del profesional
• ¿Cuándo se quiere empezar las clases? En los próximos días
• Días de la semana de preferencia Sábado
• Horario de preferencia para las clases Mañana (08:00 - 12:00)

Preferencia para el servicio: La mejor calidad",[],Economía,2025-07-16T00:00:00.000Z,https://www.recruit.net/job/clases-particulares-de-economia-para-jobs/62D2B27303A8D348?utm_campaign=google_jobs_apply&utm_source=google_jobs_apply&utm_medium=organic,,[],2025-07-18
b7907dbdb68ac98f6ca588169ebb4689,rapidapi1,Neolaureato In Economia E Mercati Finanziari,UMANA SPA,"Milano, US","Per importante Gruppo Bancario con sede ad Assago (MI), cerchiamo n.1 NEOLAUREATO IN ECONOMIA E MERCATI FINANZIARI da inserire nella divisione Investment & Market Operation.

Il candidato si occuperà di:
• Trasferimento titoli domestici ed esteri e fondi di diritto estero (SICAV);
• Gestione e contabilizzazione delle operazioni legate alle gestioni patrimoniali individuali;
• Gestione operazioni societarie (OPA, OPV, …),",[],Economía,2025-07-18T00:00:00.000Z,https://www.recruit.net/job/neolaureato-economia-e-mercati-finanziari-jobs/16DBA635CBD9BF1C?utm_campaign=google_jobs_apply&utm_source=google_jobs_apply&utm_medium=organic,,[],2025-07-18
f31b8ef5d0c596617cc44e606c96cde8,rapidapi1,Amministratore/Funzionario Economico,beBeeECONOMISTA,"None, US","Descrizione del Lavoro

Il Sole 24 Ore affonda le sue radici nell'800 ed è da sempre il punto di riferimento per tutti gli italiani che desiderano orientarsi tra economia, politica e finanza con una guida salda e competente.

Cogliendo le sfide del mercato e della multimedialità al giornale ed al sito abbiamo affiancato l'agenzia di stampa Radiocor, leader di settore, Radio 24, la prima radio news&talk italiana, Radio24-IlSole24OreTv,

Competenze Richieste:
• Conoscenza approfondita dell'economia e delle finanze;
• Abilità analitiche e capacità di lavorare sotto pressione;
• Flessibilità nel lavoro quotidiano.

Vantaggi del Lavoro:

Abbiamo a disposizione strumenti tecnologici innovativi e un team collaborativo.

Ambiente di lavoro aperto alle novità e ai cambiamenti. Offriamo corsi di formazione continua e occasioni di sviluppo professionale.",[],Economía,2025-07-16T00:00:00.000Z,https://www.recruit.net/job/amministratore-funzionario-economico-jobs/FE122994AADD3244?utm_campaign=google_jobs_apply&utm_source=google_jobs_apply&utm_medium=organic,,[],2025-07-18
235163cd0eee1704507f9feed4e014ba,rapidapi1,Neolaureati/e Economia per Back Office Fondi,Adecco Italia,"Pavia Township, US","Adecco Credit & Banking seleziona per realtà bancaria internazionale, leader nei servizi finanziari globali, una risorsa da inserire nel:
Neolaureati/e Economia per Back Office Fondi
La risorsa selezionata verrà inserita all'interno del team Fund Administrator e si occuperà delle seguenti attività:
-Controllo sulla gestione delle anagrafiche titoli identificazione delle principali caratteristiche delle diverse tipologie di strumenti finanziari;
-Controllo operatività sulle sottoscrizioni e rimborsi identificazione dell'impatto sulla variazione del NAV generato dal relativo rimborso;
-Supervisione alla registrazione ed alla riconciliazione delle operazioni in titoli e cambi - garantire la corretta registrazione delle transazioni nel sistema contabile (Equity, Bond, MBS, Pik, I/L Bond, FX Spot, FX FWD, OICR sulle posizioni dei vari fondi per tutti i clienti);
-Supervisione alla registrazione ed alla riconciliazione delle operazioni di Corporate actions - garantire la corretta registrazione di corporate actions, stacco ed incasso dei dividendi e dei coupon sulle posizioni dei vari fondi per tutti i clienti;
-Supervisione alla registrazione ed alla riconciliazione delle operazioni in derivati;
-Supervisione alla registrazione ed alla riconciliazione delle operazioni in derivati OTC;
-Valorizzazioni dei portafogli - Assicurarsi che la valorizzazione dei portafogli dei fondi sia accurata nel rispetto delle tempistiche NAV, delle politiche di prezzo e delle regole contabili applicate;
-Commissioni - Identificare e gestire le commissioni specifiche registrate in NAV sulle posizioni dei vari fondi per tutti i clienti;
-Supervisione dell'attività di prestito titoli - garantire la corretta contabilizzazione delle commissioni e delle garanzie;
-Fondi di Investimento Alternativi - garantire la corretta gestione degli eventi sui FIA (Capital Call, Distribution, Equalization, ecc.);
-Controllo NAV (Net Asset Value Patrimonio netto del fondo): controllo di secondo livello e validazione del calcolo del NAV per ciascun fondo, come da procedure e check list, compresa l'analisi critica della variazione del NAV;
-Diffusione della reportistica ai clienti - invio del pacchetto di reporting NAV, del flusso di cassa, dei portafogli, del valore NAV e di qualsiasi altro report necessario ai clienti (SGR) ed ai loro gestori delegati;
-Diffusione dei valori NAV a quotidiani per la pubblicazione.
Responsabilità:
I candidati con cui vorremmo entrare in contatto possiedono le seguenti caratteristiche:
- laurea in ambito economico, finanziario o percorsi affini
- preferibile esperienza pregressa sui servizi amministrativi relativi al calcolo del NAV
- buona conoscenza della lingua inglese e dimestichezza nell'utilizzo del pacchetto Office
- precisione e capacità di analisi completano il profilo
Si offre contratto a tempo determinato in somministrazione fino al 12 dicembre 2025, con possibilità di proroga.
Terza Area Primo Livello, CCNL Credito, RAL 35K
Full Time - 37h settimanali
Sede di lavoro Milano.
Data inizio prevista: 04/08/2025
Categoria Professionale: Banche / Assicurazioni / Istituti di Credito
Città: Milano (Milano)
Disponibilità oraria:
• Full Time

I candidati, nel rispetto del D.lgs. 198/2006, D.lgs 215/2003 e D.lgs 216/2003, sono invitati a leggere l'informativa sulla privacy consultabile sotto il form di richiesta dati della pagina di candidatura (Regolamento UE n. 2016/679).
ATTENZIONE: Abbiamo rilevato la presenza in rete di molti annunci falsi; prendi visione dei nostri consigli per riconoscere i tentativi di truffa sulla pagina dedicata al phishing su adecco.it.
Adecco Italia S.p.A. (Aut. Min. Prot. N.1100-SG del 26.11.2004). by helplavoro.it",[],Economía,2025-07-10T00:00:00.000Z,https://www.recruit.net/job/neolaureati-e-economia-back-office-jobs/26FC7CB9052F76EB?utm_campaign=google_jobs_apply&utm_source=google_jobs_apply&utm_medium=organic,,[],2025-07-18
3a77e582d74d1527ea270e95c5463e64,rapidapi1,Neolaureato/a in Economia,GIGROUP,"Parma, US","QiBit, divisione ICT di Gi Group S.P.A., Agenzia per il Lavoro (Aut. Min. 26/11/04 Prot. n. 1101-SG), è specializzata nella selezione, formazione, inserimento e sviluppo professionale dei profili IT per il mercato italiano.
Il nostro obiettivo è generare valore e crescita professionale per le nostre Persone e garantire la sostenibilità nei progetti IT dei nostri Clienti e Partner tecnologici, presenti e attivi principalmente nei settori bancario, assicurativo, telecomunicazioni, utilities, e-commerce.
Per importante azienda cliente operante nel settore bancario ricerchiamo un/una:
NEOLAUREATO/A IN ECONOMIA
La risorsa verrà inserita all’interno della Direzione Risk Management e si occuperà di:
- Partecipare al processo di convalida dei modelli di stima del rischio credito;
- Partecipare al processo di convalida delle metodologie di stima e misurazione dei rischi finanziari;
- Valutare l’impatto e la gestione dei parametri di rischio stimati internamente.
Requisiti :
- Laurea Triennale o Magistrale in Economia;
- Gradita tesi sperimentale e/o partecipazione a stage aziendali;
- Conoscenza di base di alcuni linguaggi di programmazione (Python, SAS);
- Conoscenzabase dei principali modelli di stima del rischio credito;
- Conoscenza della lingua inglese a livello B1;
- Alta capacità di resilienza;
- Team working.
Inquadramento :
previsto inserimento diretto in azienda a tempo determinato
Sede di lavoro :
PARMA
lavoro temporaneo, Permanent e Professional Staffing, Ricerca e Selezione, Consulenza HR, Formazione, Outsourcing, supporto alla ricollocazione e attività complementari. Siamo presenti in più di 30 Paesi in Europa, Asia e America con un team di oltre 6000 persone. I valori che ci contraddistinguono:
Gi Group S.P.A. è autorizzata ad operare dal Ministero del Lavoro (Aut. Min. 26/11/2004 PROT. 1101 - SG).",[],Economía,2025-07-15T00:00:00.000Z,https://www.recruit.net/job/neolaureato-economia-jobs/128C0914AB870F6C?utm_campaign=google_jobs_apply&utm_source=google_jobs_apply&utm_medium=organic,,[],2025-07-18
4edcbca9beee129f9fa3cdc21dcdef92,rapidapi1,"[Multiple Location] Wind Tre - Candidatura Spontanea (Marketing, Economia, Ingegneria, Comunica[]",Joinrs Italia,"None, US","(Multiple Location) Wind Tre - Candidatura Spontanea (Marketing, Economia, Ingegneria, Comunicazione)(Multiple Location) Wind Tre - Candidatura Spontanea (Marketing, Economia, Ingegneria, Comunicazione)

Questa posizione è nel team di WINDTRE, operatore mobile numero uno in Italia. WINDTRE pubblica su Joinrs i suoi annunci di lavoro per attrarre i migliori candidati.

Il riassunto dell'opportunità da parte della Joinrs AI : WINDTRE cerca candidati per future posizioni con contratto da definire, valutando profili laureati (STEM, Economia, Marketing, Comunicazione, Risorse Umane) e con esperienze e competenze varie. Il candidato sarà considerato per ruoli coerenti con il proprio profilo. Offre retribuzione commisurata, welfare aziendale, benefit, formazione e smartworking.

l processo di selezione sarà interamente gestito da WINDTRE.

In questa sezione potrai inviare la tua Candidatura qualora tra le Posizioni attualmente aperte non ne avessi trovata una coerente con il tuo profilo ed esperienze. Ci consentirai così di prendere in considerazione il tuo CV nel momento in cui avvieremo ricerche coerenti con il tuo profilo. Grazie!

Chi siamo

WINDTRE fa parte della multinazionale CK Hutchison Holdings Limited. È l'operatore mobile numero uno in Italia, tra i principali gestori alternativi nella connettività fissa e si propone come azienda multiservizi per le famiglie e per le aziende.

Noi di WINDTRE esistiamo per eliminare qualsiasi distanza tra le persone. Vogliamo essere la compagnia di telecomunicazioni da scegliere ogni giorno per garantire a tutti una vita e un futuro migliore. Crediamo che la tecnologia sia la chiave per una maggiore inclusione e per

migliorare l’ambiente, la salute e la qualità della vita delle persone.
• Retribuzione annua lorda commisurata alle competenze e all’esperienza maturata
• Pacchetto Welfare aziendale spendibile in un sistema integrato di iniziative, convenzioni e servizi tra cui mobilità sostenibile, agevolazioni per la famiglia, iniziative per il benessere e la salute individuale
• Principali benefit: buoni pasto, fondo sanitario, telefono e SIM aziendale
• Percorsi di formazione

Il nostro impegno verso la diversità e l’inclusione

Sosteniamo una cultura aperta, inclusiva e rispettosa, dove tutte le persone possono esprimere le proprie unicità, competenze e potenzialità valorizzando il dialogo, il senso di appartenenza e la partecipazione.

Sant'Arcangelo di Romagna, Emilia-Romagna, Italy 2 weeks ago
Candidatura spontanea | Marketing & Comunicazione

Bologna, Emilia-Romagna, Italy 1 week ago
#J-18808-Ljbffr",[],Economía,2025-07-15T00:00:00.000Z,https://www.recruit.net/job/[multiple-location]-wind-tre-candidatura-jobs/F47CB20CC7F54069?utm_campaign=google_jobs_apply&utm_source=google_jobs_apply&utm_medium=organic,,[],2025-07-18
277f5d8ac4b8242be623944b9fe29685,rapidapi1,Insegnante Professore Docente di Diritto Ed Economia,Istituto Paritario Hegel,"None, None","Insegna con noi. Cresci con noi.
All’Istituto Paritario Hegel crediamo che l’insegnamento non sia solo trasmissione di contenuti, ma una relazione educativa fondata su ascolto, metodo e passione.
La nostra scuola è una realtà dinamica e in crescita, attenta alle esigenze degli studenti, vicina alle famiglie, e con una proposta didattica che unisce metodo e attenzione alla persona.
In questo contesto cerchiamo figure docenti che, oltre alla competenza disciplinare, condividano l’idea di una scuola capace di costruire fiducia, motivazione e senso critico.
Chi cerchiamo
Per l’anno scolastico 2025/2026 siamo alla ricerca di un/a docente di Diritto ed Economia che voglia entrare a far parte del nostro team: una figura competente, appassionata e pronta a contribuire alla costruzione di un ambiente di apprendimento inclusivo e stimolante.
Requisiti indispensabili
- Laurea magistrale in Finanza/Relazioni internazionali/Scienze dell'economia/Scienze della politica/Scienze delle pubbliche amministrazioni/Scienze economico-aziendali/Scienze per la cooperazione allo sviluppo/Scienze statistiche/Scienze statistiche, attuariali e finanziarie/Servizio sociale e politiche sociali/Studi europei/ Giurisprudenza o discipline affini
- Abilitazione all’insegnamento nella classe di concorso A46
- Esperienza pregressa nell’insegnamento a studenti in età adolescenziale
- Eccellenti competenze relazionali
- Puntualità, affidabilità, senso di responsabilità
- Attitudine al lavoro in team
Costituiscono titolo preferenziale
- Esperienza pregressa in istituti scolastici secondari di secondo grado
- Conoscenza degli strumenti informatici e delle tecnologie digitali applicate alla didattica
Tipologia di incarico
- Part-time mattutino
- Sede :Roma, zona Aurelio
Se condividi il nostro approccio e desideri contribuire a una scuola che mette al centro le persone, saremo felici di conoscerti!
Contratto di lavoro: Part-time
Domande di preselezione:
- Sei abilitato all'insegnamento per la classe di concorso A46?
Istruzione:
- Laurea magistrale (o specialistica) (Obbligatorio)
Sede di lavoro: Di persona
Data di inizio prevista: 01/09/2025",[],Economía,2025-07-14T00:00:00.000Z,https://www.recruit.net/job/insegnante-professore-docente-di-diritto-jobs/7FA7A070E7E7F00C?utm_campaign=google_jobs_apply&utm_source=google_jobs_apply&utm_medium=organic,,[],2025-07-18
1983f1119e085eb0e86e3dd3ee2a61dc,rapidapi1,Neolaureato/a in Economia,Umana spa,"Ravenna, US","Per importante azienda di Ravenna (RA), cerchiamo n. 2 NEOLAUREATI/E in Economia e Commercio. All'interno di un team strutturato, la risorsa si occuperà della rendicontazione delle varie fasi del progetto, evidenziando eventuali scostamenti e difformità rispetto al progetto originario. Sono richieste buona operatività con il pacchetto Office, buona conoscenza della lingua inglese, disponibilità immediata, residenza/domicilio in zona Ravenna.
Si offre contratto a tempo determinato full time dal lunedì al venerdì.",[],Economía,2025-07-14T00:00:00.000Z,https://www.recruit.net/job/neolaureato-economia-jobs/F275F467F3E61FC9?utm_campaign=google_jobs_apply&utm_source=google_jobs_apply&utm_medium=organic,,[],2025-07-18
6b79bbcc2f8ccbe05b65e38d8dfebdb5,rapidapi1,Neo Laureati/e Economia Trasporti/Lingue,Eurointerim,"None, US","Per 2 grosse realtà settore logistico stiamo cercando neo laureati/e facoltà economia marittima anche triennale / lingue Iniziale stage ma finalizzato all'inserimento è necessaria la conoscenza della lingua inglese.
La ricerca si rivolge a candidati ambosessi (D.lgs. n.198/2006); applicandosi all'annuncio il Candidato conferma di aver letto e accettato l'informativa privacy presente al link (GDPR - Regolamento UE 2016/679). Eurointerim S.p.A. - Aut. Min.1208 SG del 10/09/2003.
by helplavoro.it",[],Economía,2025-07-16T00:00:00.000Z,https://www.recruit.net/job/neo-laureati-e-economia-trasporti-jobs/A5F7D8BECF70B16A?utm_campaign=google_jobs_apply&utm_source=google_jobs_apply&utm_medium=organic,,[],2025-07-18
4d94ab2aae8ef702dbb2f8c26a1d97cf,rapidapi1,"[Multiple Location] ABB - Candidatura Spontanea (Ingegneria, Informatica, Marketing, Economia, []",Joinrs Italia,"None, US","(Multiple Location) ABB - Candidatura Spontanea (Ingegneria, Informatica, Marketing, Economia, Finanza)
Iscriviti o accedi per trovare il tuo prossimo lavoro

Accedi per candidarti per il ruolo (Multiple Location) ABB - Candidatura Spontanea (Ingegneria, Informatica, Marketing, Economia, Finanza) presso Joinrs Italia
(Multiple Location) ABB - Candidatura Spontanea (Ingegneria, Informatica, Marketing, Economia, Finanza)

Accedi per candidarti per il ruolo (Multiple Location) ABB - Candidatura Spontanea (Ingegneria, Informatica, Marketing, Economia, Finanza) presso Joinrs Italia
Usa l’IA per valutare se hai un profilo adeguato

Ottieni i suggerimenti dell’IA su questa offerta di lavoro e altre funzionalità esclusive.
Accedi per ricevere i suggerimenti dell’IA

Questa posizione è nel team di ABB, società leader nell’elettrificazione e nell’automazione. ABB Italia pubblica su Joinrs i suoi annunci di lavoro per attrarre i migliori candidati.

Il riassunto dell'opportunità da parte della Joinrs AI : ABB cerca laureati motivati da inserire nei nostri team in ambiti chiave come ingegneria, IT, operations, sostenibilità, marketing, project management, finanza e molto altro. Offre smart working, formazione continua, pacchetti welfare e agevolazioni.

l processo di selezione sarà interamente gestito da ABB.

Chi siamo:

ABB è un leader tecnologico globale nell’elettrificazione e nell’automazione. Lavoriamo per costruire un futuro più sostenibile, aiutando le industrie a gestire meglio le proprie risorse attraverso soluzioni intelligenti, efficienti e digitalizzate.

Anche se al momento non stiamo cercando profili specifici, siamo sempre interessati a conoscere talenti motivati e intraprendenti!

Di cosa ti occuperai:

In ABB crediamo nella forza delle persone e nelle loro potenzialità. Potrai contribuire alla crescita dei nostri team in ambiti chiave come ingegneria, IT, operations, sostenibilità, marketing, project management, finanza e molto altro.

Se condividi la nostra visione e vuoi fare la differenza, il tuo percorso potrebbe iniziare proprio da qui!
• Programmi di formazione continua e training on the job
• Ambiente di lavoro moderno , sicuro e inclusivo , con mensa e spazi dedicati per il tuo confort
• Assistenza sanitaria e supporto al benessere mentale
• Agevolazioni per il fitness e la salute
• Supporto alla famiglia e congedi parentali
• Coperture assicurative e previdenziali

Cerchiamo persone entusiaste, aperte all’apprendimento e pronte a mettersi in gioco. Valutiamo con interesse profili provenienti da diversi percorsi formativi e professionali, con una forte motivazione a contribuire in un contesto tecnologico, internazionale e in continua evoluzione.

Spirito collaborativo, curiosità, attenzione verso gli altri e il coraggio di innovare sono le qualità che apprezziamo di più!
Livello di anzianitàTipo di impiegoFunzione lavorativa
• Funzione lavorativaIngegneria, General business e Marketing
Settori

Le referenze raddoppiano le tue probabilità di ottenere un colloquio presso Joinrs Italia

Ricevi avvisi per le nuove offerte di lavoro per Specialista IT in Italia .

Italia 18.000,00USD-24.000,00USD 1 mese fa

Stiamo creando un modo nuovo per condividere le conoscenze della community. Gli esperti aggiungono informazioni direttamente a ogni articolo, che all’inizio viene generato con l’aiuto dell’intelligenza artificiale.
#J-18808-Ljbffr",[],Economía,2025-07-15T00:00:00.000Z,https://www.recruit.net/job/[multiple-location]-abb-candidatura-spontanea-jobs/515A2A8832A89BF5?utm_campaign=google_jobs_apply&utm_source=google_jobs_apply&utm_medium=organic,,[],2025-07-18
552cbf281ddb402cde22788f312e1e2d,rapidapi1,Laureati Economia Digital,HRM srl,"Milano, US","HRM oggi è un ecosistema innovativo, in cui Strategia, Tecnologia e Formazione sono collegate per sviluppare meccanismi virtuosi e di crescita.
Siamo un HUB progettuale che promuove la valorizzazione dei nostri talenti su progetti unici e affiancati da fonti di apprendimento da cui attingere.
Perché i nostri colleghi ci scelgono :
In HRM sono sempre coinvolti in processi di condivisione delle conoscenze e formazione continua su nuove metodologie e tecnologie, lavorando in team con diverse seniority e professionalità e mettendo le mani in pasta sui progetti.
Laureati Economia| Digital :
Descrizione del progetto :
All'interno di HRM i nostri colleghi neo/laureati vengono accompagnati in percorsi di crescita orientati all’ambito Digital. Utilizzando le più recenti tecnologie informatiche verrai coinvolto in prima persona in progetti che ti consentano di sviluppare le tue competenze. Insieme ai nostri colleghi i tuoi progetti accademici o personali avranno un forte risalto nell’indirizzare il tuo sviluppo professionale insieme a noi.
Collega Ideale :
Il nostro collega ideale può continuare a perfezionare le sue conoscenze grazie a:
Skill Tecniche :
- Conoscenza tematiche in ambito digital supportate da esperienze extracurriculari (volontariato, startup, organizzazione eventi)
Conoscenza e caratteristiche apprezzate :
- Ottima conoscenza della lingua inglese (livello B2)
- Comprovata e spiccata passione per l'ambito Digital
- Capacità analitica
- Attitudine al lavoro in team
- Forte determinazione e ambizione
- Esperienze all’estero e possesso patente B sono un plus
Benefits :
- Welfare Contrattuale
- Convenzioni dedicate
- Buoni pasto
- Fondo Sanitario Contrattuale
- Skill Monitoring Program
- Strumenti formativi interni
- Spazi gradevoli
- Remote Working
Trovi il nostro progetto interessante?
Il nostro processo di selezione è tempestivo e prevede :
- Un colloquio conoscitivo con HR
- Un colloquio tecnico con i responsabili di progetto per apprendere le tue capacità e i tuoi interessi
- Se possiede le caratteristiche giuste il nostro Responsabile HR sarà lieto di darti il benvenuto presentandoti la nostra offerta di collaborazione.
Vuoi saperne di più?
Inviaci il tuo CV aggiornato e dettagliato con autorizzazione al trattamento dei dati personali ai sensi della Legge 196/03 e art.13 GDPR 679/13. Al resto ci pensiamo noi!",[],Economía,2025-07-15T00:00:00.000Z,https://www.recruit.net/job/laureati-economia-digital-jobs/31C7F6D753741139?utm_campaign=google_jobs_apply&utm_source=google_jobs_apply&utm_medium=organic,,[],2025-07-18
318734487dcba7436d086e2732beeffc,rapidapi1,Direttore/direttrice Rsd con Laurea in Economia,Codess sociale,"None, US","Cooperativa sociale, operante nel settore socio sanitario e assistenziale, ricerca direttore/direttrice di struttura per servizio residenziale con utenza disabili (RSD) sito a Bresso, in provincia di Milano.
Si richiede possesso di laurea in economia e management ed esperienza nella mansione di almeno tre anni, maturata in servizi analoghi (RSA o RSD).
In caso di interesse a un eventuale trasferimento di lungo periodo zona prima cintura di Milano, si valutano specifici incentivi iniziali.
Si offre inserimento di tipo subordinato con impegno orario da concordare.
La ricerca ha carattere di urgenza.
Contratto di lavoro: Part-time
Benefit:
- Cellulare aziendale
- Computer aziendale
- Supporto allo sviluppo professionale",[],Economía,2025-07-14T00:00:00.000Z,https://www.recruit.net/job/direttore-direttrice-rsd-con-laurea-jobs/5E52DCCDD3F31753?utm_campaign=google_jobs_apply&utm_source=google_jobs_apply&utm_medium=organic,,[],2025-07-18
e3367a7c05d88ffd59dd8214b22ad4c8,rapidapi1,Neolaureati in Economia - Società Finanziaria,Page Personnel Italia,"Milano, US","Avrai la possibilità di crescere all'interno di un contesto dinamico, dove sperimentarti nella funzione a te maggiormente affine.
I team nei quali potrai inserirti saranno contabilità e bilancio o project management e controlli operativi.
Si offre iniziale contratto a tempo determinato finalizzato all'assunzione.
Primaria Società finanziaria|Neolaureato in materie Economiche
- Laurea Triennale o Magistrale in Economia
- Minima esperienza di stage pregressa
- Capacità di Analisi del Bilancio
- Conoscenza dei principi contabili
- Ottima conoscenza del pacchetto office (in particolare Excel e PowerPoint)
- Ottime capacità di team work
Gruppo finanziario - Milano
Ottima opportunità di carriera.
Per primaria società finanziaria ricerchiamo risorse junior da inserire nel team di accounting o project management, con un'iniziale tempo determinato finalizzato all'assunzione",[],Economía,2025-07-18T00:00:00.000Z,https://www.recruit.net/job/neolaureati-economia-societa-finanziaria-jobs/D9D850678DEC96A7?utm_campaign=google_jobs_apply&utm_source=google_jobs_apply&utm_medium=organic,,[],2025-07-18
61d591a36acfe760ada4d355cf6ca98b,rapidapi1,Profesores Del Área De Economía,Whatjobs,"Granada, US","SE OFERTA PUESTO DE TRABAJO PARA PROFESORES/AS TALLERES EMPRENDIMIENTO (GRANADA) CUYAS FUNCIONES Y TAREAS SERÁN:
SE NECESITAN PROFESORES/AS PARA IMPARTIR TALLERES DE EMPRENDIMIENTO/STEAM A ALUMNADO DE FP. FACILITAMOS LOS CONTENIDOS Y PROGRAMACIONES A TRABAJAR. SE PAGARÁ A 25 EUROS BRUTOS/HORA Y DAREMOS DE ALTA COMO PROFESOR/A TITULAR EN EL CONVENIO DE LAS ENSEÑANZAS NO REGLADAS., EN 'GRANADA' (GRANADA). SE OFRECE CONTRATO LABORAL TEMPORAL (DURACIÓN ESTIMADA DE 20 DÍAS), A JORNADA PARCIAL (MODALIDAD JORNADA DIARIA DE 3 HORAS), CON HORARIO 9 A 12 Y SALARIO DE 1.500 EUROS/MES.Datos de contacto:
CÓDIGO DE OFERTA:
012025031738 956068955 - Oficina:
EL PUERTO DE SANTA MARÍA",[],Economía,2025-07-11T00:00:00.000Z,https://www.recruit.net/job/profesores-del-area-de-economia-jobs/EF652F06F7BE7970?utm_campaign=google_jobs_apply&utm_source=google_jobs_apply&utm_medium=organic,,[],2025-07-18
f278828845966e20f51fc8ffb7cf8aa5,rapidapi1,Tirocinio per neo Laureato in Economia e commercio,Randstad Italia,"None, US","Mansione

Randstad Treviso Office seleziona per azienda cliente leader nella gestione di trasporti internazionali :

Neo Laureato in Economia back office

Responsabilità

La figura verrà inserita in un reparto in forte crescita , giovane e sinergico, con possibilità di affiancare personale altamente qualificato con anni di esperienza. Lavoro estremamente dinamico,interessante e stimolante.

La figura si occuperà di:

Attività di Back Office del reparto Consulenza & Formazione

Contatto con i clienti e potenziali clienti

Organizzare le attività del reparto

Stesura di report e statistiche

Rispondere a semplici quesiti in materia doganale grazie alle competenze acquisite on-the-job

Competenze

Per il corretto svolgimento del ruolo si richiede:

Laurea in Economia e commercio (competenze nelle discipline economiche, della contabilità e bilancio)

Buone doti organizzative, di definizione delle priorità e di problem solving

Buone capacità relazionali e comunicative, orientamento al cliente

Curiosità e predisposizione allo studio

Capacità di lavorare in team

Precisione e cura dei dettagli

Si offre:

Iniziale contratto in stage, retribuito, con successiva assunzione

Opportunità di crescita professionale e costante training

Opportunità di affiancare un team di esperti, disponibili a condividere il proprio know-how in ottica di

crescita e miglioramento continuo

Contesto di lavoro internazionale

Tipo di contratto: Full time

La ricerca è rivolta ai candidati ambosessi (L.903/77). Ti preghiamo di leggere l'informativa sulla privacy Randstad ( ai sensi dell'art. 13 del Regolamento (UE) 2016/679 sulla protezione dei dati (GDPR).
by helplavoro.it",[],Economía,2025-07-10T00:00:00.000Z,https://www.recruit.net/job/tirocinio-neo-laureato-economia-e-jobs/2CC37A0DEDF6AAF4?utm_campaign=google_jobs_apply&utm_source=google_jobs_apply&utm_medium=organic,,[],2025-07-18
cb3134dd7ce73f9f469f6e9f13ee0705,rapidapi1,"Consultor en análisis económico de seguridad y justicia para el desarrollo, Washington DC",Inter-American Development Bank,"Washington, US","Puesto de trabajo: Washington, D.C.

El Grupo BID es una comunidad de personas diversas, versátiles y apasionadas, unidas para mejorar vidas en América Latina y el Caribe. Aquellos que trabajan con nosotros encuentran un propósito y hacen lo que más les gusta en un entorno inclusivo, colaborativo, ágil y gratificante.

Acerca de este puesto de trabajo

Estamos buscando persona dedicada, organizada y proactiva para trabajar como asistente de investigación y gestión de proyectos de conocimiento. En este rol, la persona colaborará estrechamente con nuestro equipo para apoyar en la realización y gestión de proyectos investigación y coordinar eventos relacionados con nuestros proyectos sobre violencia criminal y crimen organizado en América Latina y el Caribe (ALC).

Trabajarás en el equipo de Seguridad Ciudadana y Justicia (CSJ), dentro del departamento de Instituciones para el Desarrollo (IFD). La misión del equipo de Seguridad Ciudadana y Justicia (CSJ) es prestar asistencia financiera y técnica a los países miembros en las áreas de prevención social de la violencia; modernización de la policía; y mejoramiento de los sistemas de justicia, penitenciarios y de reinserción. Con el fin de apoyar estos esfuerzos y prestar asistencia técnica especializada a los países de la región, el CSJ promueve la generación, consolidación y difusión de investigaciones en los temas de prevención social, reducción del crimen y la violencia, fortalecimiento institucional de la policía y la justicia, y reinserción social.

Esto es lo que harás

El candidato deberá apoyar la agenda de conocimiento e investigación en temas de Seguridad Ciudadana y Justicia:
• Colaborar en la elaboración de informes y publicaciones académicas, incluyendo notas metodológicas, revisiones de literatura, e investigaciones con estándares de calidad compatibles con publicaciones en revistas revisadas por pares (potencialmente como coautor).
• Colaborar en la organización y coordinación talleres, seminarios y conferencias, incluyendo la gestión de inscripciones, logística del evento, y apoyo en la traducción de la investigación en implicaciones para políticas y mejores prácticas para promover la toma de decisiones basadas en datos y evidencia.
• Proveer asistencia en proyectos de investigación , incluyendo la recopilación de datos, apoyo en diseño e implementación de encuestas y experimentos, y la realización de análisis econométricos y estadísticos.
• Coordinar la logística y gestión de proyectos de investigación, incluyendo asistencia operativa y supervisión en su implementación y realizando controles de calidad en los entregables.
• Mantener actualizados archivos y bases de datos, identificando, compilando y organizando bases de datos, así como analizando información proveniente de un conjunto diverso de datos estructurados y no estructurados para derivar conocimientos significativos y comunicar hallazgos mediante visualización y otros medios.
• Proveer apoyo a la gestión de la agenda de conocimiento e investigación, incluyendo la coordinación de convocatorias para propuestas de estudios, preparación de términos de referencia y evaluaciones de desempeño de firmas, apoyo en la gestión del calendario de actividades del equipo y el cumplimiento de los plazos.

Esto es lo que necesitas
• Educación: Maestría en economía u otros campos asociados con competencias cuantitativas (estudios de doctorado deseable).
• Experiencia: Por lo menos 5 años de experiencia relevante (o una combinación equivalente de educación y experiencia laboral).
• Idiomas: Se requiere dominio de español y de inglés, oral y escrito. Se prefiere tener conocimientos adicionales de francés y portugués.

Habilidades claves
• Excelente manejo de Stata para la recopilación, análisis e interpretación de datos; Conocimientos en Python, R, y ArcGIS/QGis. Competencia en el uso de herramientas de procesamiento de texto (Word), y hojas de cálculo (Excel).
• Habilidad para realizar investigación, trabajar de manera independiente y en equipo, y escribir artículos y reportes para diversas audiencias.
• Capacidad para manejar múltiples proyectos, priorizar tareas, coordinar eventos, y asegurar la precisión y calidad en entregables.
• Flexibilidad para adaptarse a cambios, aprender nuevas habilidades, y tomar la iniciativa en la mejora de procesos

Requisitos
• Ciudadanía: Usted es ciudadano de uno de nuestros 48 países miembros.
• Consanguinidad: No tiene miembros de su familia (hasta el cuarto grado de consanguinidad y segundo grado de afinidad, incluido el cónyuge) que trabajen en el BID, BID Invest o BID Lab.

Tipo de contrato y duración
• Tipo de contrato : Consultor internacional de tiempo completo.
• Duración : 16 meses.
• Ubicación Laboral : En sitio.

Qué ofrecemos",[],Economía,,https://jooble.org/jdp/-4159826797087420900?utm_campaign=google_jobs_apply&utm_source=google_jobs_apply&utm_medium=organic,,[],2025-07-18
e521c7b697b1871251cf98453b79eb60,rapidapi1,Analista Financiero Senior,Vuo Partners LTD,"Briarcliff Manor, US","OBJETIVO:

Analizar información económica y financiera, y realizar propuestas que permitan al cliente tomar decisiones que garanticen la estrategia de inversión y el aprovechamiento de las oportunidades del mercado inmobiliario. Su objetivo principal es proporcionar información que facilite la toma de decisiones financieras, ya sea en términos de inversiones inmobiliarias y análisis de el rendimiento económico.

Requisitos
• Licenciatura en Finanzas, Administración, o Economía
• Maestría en Gerencia Financiera o Banca de inversión
• Experiencia de 3 años en análisis financiero y Gestion de proyectos inmobiliarios.
• Dominio de MS Excel avanzado. Sería un plus el Manejo avanzado de Power BI u otra herramienta de inteligencia de negocios
• Dominio del idioma Inglés
• Experiencia en manejo de múltiples proyectos o iniciativas.

Competencias
• Capacidad para compilar, sintetizar y analizar grandes cantidades de información
• Alta orientación a los resultados
• Pensamiento crítico y estratégico
• Capacidad para comunicar de manera oral y escrita
• Alto sentido de colaboración y trabajo en equipo

Responsabilidades generales
• Ejecutar análisis utilizando modelos financieros para determinar la factibilidad de proyectos dentro del plan o estrategia de negocios definido
• Diseñar y modelar en las herramientas de Análisis financiero los análisis definidos para la consecución de metas de calificación bancaria de nuestros clientes en el area inmobiliaria.
• Realizar el Análisis de retorno por tipo de cartera de inversión para optimizar las inversiones de acuerdo con el apetito de riesgo de cada cliente en el area inmobiliaria.
• Soporte adecuado a los relacionados bancarios, en relación a nuevos financiamientos y mantenimiento de calificaciones de riesgo
• Redactar y presentar informes financieros y de mercado para mantener actualizados a la gerencia sobre amenazas y oportunidades
• Vigilar e interpretar los movimientos constantes de la economía y su impacto en la situación particular de cada portafolio
• Examinar los estados financieros de la empresa para verificar si los resultados están alineados con sus objetivos estratégicos definidos.
• Otras responsabilidades afines al puesto.

3 puntos claves del perfil
• Relacionamiento con bancos (soporte financiero) para la gestión de financiamiento bancario y para mantener o mejorar las clasificaciones bancarias.
• Realizar informes de rendimiento financiero de las unidades de negocios por tipo de operaciones y/o inversiones
• Analizar y calcular el retorno de inversión y punto de equilibrio de cada negocio/cliente.

Informaciones generales
• Lunes a viernes de 7:00am a 4:30pm o 8:00am a 5:30pm
• Santo Domingo, Arroyo hondo
• Contrato Fijo

Beneficios:

Paquete de compensación: Salario base- Opciones de Crédito - Seguro Médico -Bonificación Anual -Bono Vacacional -Bono por nacimiento de hijo -Regalía Pascual

Employment Type: FULL_TIME",[],Economía,2025-07-17T00:00:00.000Z,"https://www.ziprecruiter.com/c/Vuo-Partners-LTD/Job/Analista-Financiero-Senior/-in-Briarcliff-Manor,NY?jid=2bc1b34a06b8f8af&utm_campaign=google_jobs_apply&utm_source=google_jobs_apply&utm_medium=organic",,[],2025-07-18
a4dcac60d62da158937788b65bb1fbe4,rapidapi1,Gestor/a de Planificación Económica - Ref. 1709,Gysa Recursos Humanos,"Oviedo, US","Descripción
¿En qué consiste el puesto?
- Elaborar y actualizar la información de seguimiento del Plan de Inversión
- Colaborar en la elaboración de propuestas con información técnica y económica para presentar al Comité de Aprobación de Inversiones, y documentar las aprobadas en el sistema de gestión.
- Participar en la elaboración de reportes para el control y seguimiento del avance económico, presupuestario y de ejecución del plan de inversiones, tanto a nível macro como a nível individual.
- Colaborar en la identificación de medidas de flexibilidad que permitan la corrección de los desvíos, identificar opciones de mejora y colaborar en el desarrollo de los sistemas informáticos.
¿A que tendrás acceso?
- Una experiência laboral estable en una empresa internacional líder con horarios y sistema de trabajo flexibles
- Teletrabajo (40%)
- Reconocimiento mediante remuneración compatible con la función y otros beneficios adicionales
- Oportunidades de desarrollo personal y profesional (proyectos transversales, movilidades, voluntariado, etc.)
¿Por qué somos TOP?
- Certificación TOP Employer, por el Instituto TOP Employers
- Índice de Igualdad de Género de Bloomberg
- Certificación de Conciliación (nível Excelencia), por la Fundación Másfamília.
EDP es una compañía energética global, cuyo liderazgo se basa en los valores de Innovación, Sostenibilidad y Humanización. Usando la tecnología del futuro, creamos soluciones que están altamente enfocadas en las necesidades de nuestras personas y nuestros clientes, sin descuidar nunca nuestro rol y contribución a la sociedad.
• Como empresa socialmente responsable, incorporamos los principios de Diversidad e Inclusión en nuestros valores y prácticas. Para lograr todos nuestros objetivos, pretendemos atraer, desarrollar y retener diferentes perfiles, asumiendo la diversidad como un factor clave de innovación y diferenciador en nuestra organización. Acogemos y valoramos a todas las personas, y apostamos por la inclusión y sentido de pertenencia de cada persona que forma parte del Grupo EDP.
Requisitos :
Necesitamos contactar con personas que nos aporten :
- Licenciado/a (Economía, ADE), Ingeniero/a
- Experiência en funciones analíticas, reporte de datos, análisis de información financiera
- Gestión de proyectos
- Nível Alto Excel, valorable conocimiento de Power BI y SAP
- Inglés (B2), se valora dominio de Portugués
- Se valora experiência / conocimiento del sector, así como de la normativa vigente para Distribución Eléctrica en España
Centro de trabajo: Oviedo o Santander",[],Economía,2025-07-15T00:00:00.000Z,https://www.recruit.net/job/gestor-de-planificacion-economica-ref-jobs/D1EEA5F170301E89?utm_campaign=google_jobs_apply&utm_source=google_jobs_apply&utm_medium=organic,,[],2025-07-18
