job_id,source,job_title,company,location,description,skills,careers_required,date_posted,url,career_tag,soft_skills_detected,extraction_date
dd02f95350db75876f066fc66cb06516,rapidapi1,Consultoría para el Análisis de la Economía de las Políticas para Colombia,World Resources Institute,"Bogota, US","About the position

La consultoría para el análisis de la economía política de Colombia tiene como objetivo principal fortalecer el Programa de Clima, Economía y Finanzas de WRI Colombia. Este análisis se centrará en la revisión exhaustiva de las políticas macroeconómicas que se han formulado e implementado en el país hasta la fecha, proporcionando insumos técnicos que permitan elaborar un documento estratégico. Este documento abordará la economía política de Colombia y ofrecerá recomendaciones estratégicas para el fortalecimiento del programa de CEF y la estrategia de WRI Colombia, orientando acciones hacia tres sistemas humanos: Alimentos, Usos del Suelo y Agua, Ciudades y Energía. El consultor deberá liderar el diseño y desarrollo de dos diálogos con actores estratégicos, lo que incluye un mapeo de actores relevantes en la economía política nacional e internacional, así como la preparación de una agenda detallada para cada evento y una lista de preguntas orientadoras. Este proceso es crucial para asegurar que el análisis esté alineado con los objetivos interconectados de personas, naturaleza y clima de WRI. Además, se espera que el consultor colabore con importantes fondeadores que apoyan el desarrollo sostenible en el país, desarrollando un análisis y estrategia de alto impacto para WRI Colombia. El trabajo se llevará a cabo en Bogotá, Colombia, y tendrá una duración de seis meses, con un monto de consultoría que oscila entre $75.000.000 y $78.000.000. Se espera que el consultor realice reuniones periódicas con el equipo de WRI Colombia para socializar resultados parciales y finales, y coordinar la logística de los diálogos con actores estratégicos. La consultoría también incluye la preparación de espacios de capacitación sobre los resultados del análisis de la política económica nacional e internacional.

Responsibilities
• Elaborar un análisis exhaustivo de la economía política en Colombia, actual y prospectiva.
,
• Revisar y examinar lineamientos internacionales que influyen en las transformaciones políticas y macroeconómicas de Colombia.
,
• Identificar recomendaciones y oportunidades estratégicas alineadas con el enfoque de WRI para los tres sistemas humanos.
,
• Asegurar que el documento estratégico esté alineado a los tres sistemas humanos del WRI y a los objetivos interconectados de personas, naturaleza y clima.
,
• Desarrollar un mapeo de actores estratégicos de la economía política nacional e internacional.
,
• Preparar la logística de cada diálogo estratégico siguiendo las recomendaciones y protocolos del WRI Colombia.
,
• Liderar el diseño y la facilitación de dos diálogos con actores estratégicos de la economía política nacional e internacional.
,
• Colaborar con importantes fondeadores para desarrollar un análisis y estrategia novedosa y de alto impacto para WRI Colombia.
,
• Realizar reuniones periódicas con el equipo de WRI Colombia para socializar resultados y coordinar la logística de los diálogos.
,
• Preparar espacios de capacitación sobre los resultados de los análisis de la política económica.

Requirements
• Pregrado en Economía, Ciencia Política, Gobierno y Asuntos Públicos, Relaciones Internacionales, Sociología, Ciencias Sociales, Derecho, Finanzas, Comercio, Negocios Internacionales, Desarrollo Urbano, Cooperación Internacional, Ingeniería Ambiental - Industrial, Administración Pública y pregrados afines.
,
• Estudios de Posgrado en Economía de las Políticas Públicas, Políticas Públicas, Economía Política, Estudios Políticos o Internacionales, Estudios sobre el Desarrollo, Asuntos Públicos o afines.
,
• Al menos 8 años de experiencia laboral en temas relacionados con políticas públicas, economía política, cambio climático, políticas y regulación ambiental.
,
• Experiencia específica de al menos 3 años en análisis de políticas públicas, análisis macroeconómico, política internacional, cooperación internacional y/o monitoreo, seguimiento y evaluación de políticas públicas.
,
• Conocimientos en cambio climático, políticas y acuerdos nacionales o internacionales en materia ambiental.
,
• Experiencia organizando eventos.
,
• Excelentes habilidades de comunicación oral y escrita en español e inglés.

Nice-to-haves

Benefits",[],[],,https://www.tealhq.com/job/consultor-a-para-el-an-lisis-de-la-econom-a-de-las-pol-ticas-para-colombia_ede7ae5a-0fed-4dea-84d8-dd0654b88c3d?utm_campaign=google_jobs_apply&utm_source=google_jobs_apply&utm_medium=organic,,[],2025-06-11
