job_id,source,job_title,company,location,description,skills,careers_required,date_posted,url,career_tag,soft_skills_detected,extraction_date
74cbf0e03ebd3b19155e0ed47f2d20b2,rapidapi2,Analista De Mejora De Procesos Industriales – Inicio Inmediato,HUMAN RMSA ,"Bogota, Capital District, RAP (Especial) Central, Colombia","Importante compañía dedicada a la distribución y comercialización de insumos para el sector industrial ubicada en el sector de barrios unidos, se encuentra en busca de Ingeniero Industrial (preferiblemente), o carreras afines (Ingeniería de Producción, Procesos o Mecánica). Tecnólogo graduado o estudiantes de últimos semestres de ingeniería, con mínimo 2 a 3 años de experiencia en procesos productivos industriales, plantas de transformación y control de costos.

Funciones

Gestionar órdenes de compra de insumos y materiales con precios negociados en sistema.
Control de costos
Elaborar informes de cierre de mes (inventarios, margen por vendedor, costos comparativos, reportes de falla, resultados de transformación, indicadores de producción).
Coordinar mantenimiento preventivo y correctivo de máquinas de transformación (incluyendo Stretch).
Asegurar que los planes de producción se ejecuten según cronograma, reportando desviaciones.
Reportar niveles de servicio, cumplimiento de órdenes, márgenes de transformación, indicadores de costos y productividad.
Manejo intermedio/avanzado de Excel (tablas dinámicas, indicadores, reportes).
Conocimientos en ERP o software de gestión de compras/producción.

Horarios: Lunes a viernes de 07:00 am a 5:00 pm

Salario: $2.000.000 + Variable fija prestacional de $500.000

Pagos Mensuales

Contrato obra o labor con posibilidad de paso a indefinido 
Show more Show less",,Ingeniería de la Producción,2025-08-26T07:28:54,https://co.linkedin.com/jobs/view/analista-de-mejora-de-procesos-industriales-%E2%80%93-inicio-inmediato-at-human-rmsa-4288862667,,[],2025-08-28
7120b592207e4d2b75d697cb0da30e0e,rapidapi2,Prácticas en Digitalización de Procesos Industriales,Corteva Agriscience,"Avilés, Asturias, Spain","¿Te apasiona la tecnología y te gustaría aplicar tus conocimientos en un entorno industrial real? En Corteva Agriscience buscamos incorporar a un/a estudiante en prácticas/beca para desarrollar una aplicación interna que facilite la gestión de una base de datos en nuestra planta de producción química en Asturias.

¿Qué harás?

Realizarás un análisis para entender el tipo de aplicación que será necesaria.
Diseñarás, desarrollarás y testearás una aplicación funcional.
Implementarás la solución y darás soporte, incluyendo mejoras y resolución de incidencias.

Tecnologías y herramientas

Se valorará experiencia o interés en herramientas del paquete Office, especialmente Power Apps, Excel, Access o similares.

Ubicación

Complejo industrial de Tamón, Asturias.

Duración y horario

Prácticas de larga duración (mínimo 6 meses).
Jornada completa.

Idiomas

El inglés no es obligatorio, pero se valorará positivamente.

Reguisitos

Educación superior de Ciclo o Universidad en informática, ingeniería, matemáticas, o similar.
Persona proactiva, con capacidad de análisis y ganas de aprender en un entorno colaborativo.

To know more about Corteva please watch this video: https://www.youtube.com/watch?v=Bs3CpU29-1M 
Show more Show less","['Technology', 'Application Development', 'Database Management', 'Analysis', 'Support', 'Problem Solving', 'Proactivity', 'Collaboration', 'Power Apps', 'Excel', 'Access']",Ingeniería de la Producción,2025-08-25T17:25:27,https://es.linkedin.com/jobs/view/pr%C3%A1cticas-en-digitalizaci%C3%B3n-de-procesos-industriales-at-corteva-agriscience-4288591807,,[],2025-08-28
b10695e137ac8911950105a41343a239,rapidapi2,Ingeniero/a Senior de Procesos Industriales,NUNSYS,"Paterna, Valencian Community, Spain","Descripción

¿Te apasiona la tecnología? ¿Quieres desarrollarte en una empresa dinámica y en constante crecimiento? ¡Te estamos buscando! En Nunsys Group estamos ampliando nuestro equipo, buscamos Ingeniero/a Senior de Procesos Industriales en nuestra delegación de Paterna, Valencia.

Nuestro viaje empezó en 2007 y tenemos una meta: ser la empresa española líder en tecnología. Nos apasiona la transformación digital y contamos con un gran portfolio de soluciones tecnológicas. Gracias a esto garantizamos que podemos afrontar cualquier reto que nos planteen nuestros clientes.

Actualmente somos más de 2.800 profesionales y tenemos presencia en 25 ciudades españolas, Portugal, USA, Colombia y Ecuador. ¡Y esto es solo el principio!

Tu misión será la realización, modificación, planificación y gestión de proyectos para nuestros clientes.

Y el proyecto ¿en qué consiste? El día a día es muy variado, pero algunas de las funciones en las que participarás son:

Análisis y optimización de procesos, analizando los procesos de producción desde una perspectiva técnica; detectando cuellos de botella, ineficiencias y oportunidades de mejora...
Proponer e implementa soluciones para optimizar tiempos, costos y recursos.
Dar soporte técnico en planta para la ejecución del proyecto o la resolución de problemas técnicos.
Evaluar del desempeño de equipos e instalaciones.
Asegurarse de que los procesos cumplan con las especificaciones técnicas.
Desarrollo y realización documentación técnica (procedimientos, diagramas de proceso, instructivos).
Asegurarse que los procesos estén estandarizados y alineados con normas internas y externas (ISO, GMP, etc.).
Seguimiento de KPIs de proceso.
Definir y monitorea indicadores clave, analizando datos para tomar decisiones informadas.
Dar soporte y formación técnica al equipo
Gestionar eficientemente el proyecto y la realización de sus tres indicadores clave (objetivo, plazo y presupuesto de realización).
Coordinar con los demás departamentos implicados en los proyectos (Mecánico, eléctrico, Automatización y Taller) para asegurar el alineamiento entre el cliente y la empresa, para una adecuada implantación y mantenimiento de las soluciones.
Ayudar al equipo comercial tanto para las nuevas cuentas, como para la venta de servicios y la venta cruzada con los clientes existentes.


Requisitos

🌟 ¿Qué estamos buscando?

Estamos buscando lal persona que lleve la planificación y gestión de proyectos para nuestros clientes; que tenga una mente estructurada y analítica, con madurez comunicativa y gran capacidad de resolución de problemas.

Es deseable que la persona tenga experiencia en conocimientos en interpretación de P&IDs, diagramas de flujo, esquemas eléctricos y sistemas de automatización industrial.

Habilidades Esenciales:

Grado en Ingeniería.
Indispensable experiencia en todas/alguna de las distintas ramas de ingeniería de proceso industrial que hayan otorgado experiencia a nivel técnico en diseño de P&IDs, diseño de esquemas eléctricos, definición de válvulas, bombas e instrumentación para procesos industriales, programación de autómatas.
Experiencia previa en la gestión de proyectos industriales.
Experiencia como ingeniero o gestor de proyectos en el sector de procesos líquidos industriales (cosmético, químico, alimentario, farma) es una gran ventaja.
Fluidez en inglés y español, tanto escrito como hablado (cualquier otro idioma es una ventaja).


🔝 ¿Algo más con lo que aportar valor?

¡Claro! Además de los requisitos mencionados, valoramos de manera positiva:

Trabajo en equipo.
Liderazgo
Análisis y resolución de problemas.
Capacidad de comunicación.
Capacidad de planificación y organización
Software: Microsoft Project / Excel avanzado
Disponibilidad para viajar.
Nivel de inglés mínimo B1-B2.
Disponibilidad para venir de forma presencial al parque tecnológico.
Disponibilidad de ir a cliente a las puestas en marcha.


¿Nos eliges? Con nosotros encontrarás:

💼 Contrato indefinido en una empresa líder en el sector

💰 Paquete retributivo competitivo acorde a los conocimientos y experiencia aportados

🌴 Jornada intensiva los meses de julio y agosto y todos los viernes del año.

📚En nuestro equipo creemos en las personas y en su talento, por eso apostamos por la formación de nuestros profesionales..

💳Posibilidad de acogerte al programa de retribución flexible: Ticket Guardería, Ticket restaurante, Tarjeta transporte y Seguro Médico.

🤑Descuentos en distintos establecimientos, productos (electrodomésticos, moda, tecnología) y servicios (viajes, alquiler de vehículos, salud).

💗 Un ambiente diverso y sobre todo inclusivo donde lo primero son las personas.

🎉 ¡No todo es trabajo, también hay tiempo para la diversión! Tenemos diferentes eventos a lo largo del año, desde nuestro ""Christmas Jumper Day"" hasta nuestro concurso de disfraces en Halloween, siempre buscamos formas de crear un ambiente divertido.

📍 Además, podrás disfrutar de:

Actividades deportivas, orientadas a las familias. Nos encanta el pádel, el running, traer a los reyes magos en Navidad y las fiestas con agua en verano. 
Gimnasio gratuito en las instalaciones. 
Café gratis en todos los edificios de la delegación. 
Puesto de sushi en la propia oficina. 


¡Y muchas más cosas que queremos que conozcas!

¿Quieres unirte a nosotros/as y ser parte del cambio? 

Queremos informar a todo interesado/a en nuestras ofertas de empleo que las únicas ofertas vigentes están publicadas en nuestra página web https://empleo.nunsys.com/ o https://www.sothis.tech/unete-al-equipo/, no debiendo confiar en portales que simplemente se limitan a agregar la información de nuestras ofertas con objeto recabar sus datos personales.

Localización 
Show more Show less","['Project Management', 'Process Optimization', 'Technical Support', 'Performance Evaluation', 'Technical Documentation', 'Standardization', 'KPI Monitoring', 'Data Analysis', 'Team Support', 'Communication', 'Problem Solving', 'Planning', 'Organization', 'P&ID Interpretation', 'Electrical Schematics', 'Industrial Automation']",Ingeniería de la Producción,2025-08-25T15:24:33,https://es.linkedin.com/jobs/view/ingeniero-a-senior-de-procesos-industriales-at-nunsys-4290904954,,[],2025-08-28
085dc29194e59b8f864532cc3d4d8db4,rapidapi2,Analista De Transformación De Procesos Industriales – Inicio Inmediato,HUMAN RMSA ,"Bogota, Capital District, RAP (Especial) Central, Colombia","Importante compañía dedicada a la distribución y comercialización de insumos para el sector industrial ubicada en el sector de barrios unidos, se encuentra en busca de Ingeniero Industrial (preferiblemente), o carreras afines (Ingeniería de Producción, Procesos o Mecánica). Tecnólogo graduado o estudiantes de últimos semestres de ingeniería, con mínimo 2 a 3 años de experiencia en procesos productivos industriales, plantas de transformación y control de costos.

Funciones

Gestionar órdenes de compra de insumos y materiales con precios negociados en sistema.
Control de costos
Elaborar informes de cierre de mes (inventarios, margen por vendedor, costos comparativos, reportes de falla, resultados de transformación, indicadores de producción).
Coordinar mantenimiento preventivo y correctivo de máquinas de transformación (incluyendo Stretch).
Asegurar que los planes de producción se ejecuten según cronograma, reportando desviaciones.
Reportar niveles de servicio, cumplimiento de órdenes, márgenes de transformación, indicadores de costos y productividad.
Manejo intermedio/avanzado de Excel (tablas dinámicas, indicadores, reportes).
Conocimientos en ERP o software de gestión de compras/producción.

Horarios: Lunes a viernes de 07:00 am a 5:00 pm

Salario: $2.000.000 + Variable fija prestacional de $500.000

Pagos Mensuales

Contrato obra o labor con posibilidad de paso a indefinido 
Show more Show less",,Ingeniería de la Producción,2025-08-22T19:28:34,https://co.linkedin.com/jobs/view/analista-de-transformaci%C3%B3n-de-procesos-industriales-%E2%80%93-inicio-inmediato-at-human-rmsa-4289963553,,[],2025-08-28
ad0bfbc9a6c47f515389144ecfcdb1cd,rapidapi2,INGENIERO/A DE PROCESOS INDUSTRIALES SECTOR ALIMENTACIÓN,LIFE PRO NUTRITION SPAIN SL,"Mejorada del Campo, Community of Madrid, Spain","¿Eres INGENIERO DE PROCESOS INDUSTRIALES con experiencia y quieres formar parte de nuestro gran equipo de profesionales? ¡ésta es tu oportunidad!
Life Pro Nutrition Spain es una empresa española referente a nivel nacional e internacional especialista en salud y nutrición, en búsqueda constante del mejor equipo de profesionales, movidos por su continua motivación por los retos, confianza y compromiso, por lo que, te brindamos la oportunidad de incorporarte a Life Pro, como ingeniero/a de proyectos de mejora, transformación de organizaciones y procesos industriales.
Tu incorporación sería en nuestro equipo de proyectos, trabajando con el departamento de mantenimiento de la empresa, y elaborarás el diseño, la creación, modificación, ejecución, implantación y resolución de desviaciones, asegurando la consecución de objetivos de proyectos tanto de mejora tradicional, como de transformación avanzada en colaboración con la dirección. Muy importante, coordinarás y apoyaras a otros departamentos para el diseño final de la instalación, o empresas externas con las que trabajemos. Buscamos candidato con amplia experiencia en la mejora de rendimiento en procesos de fabricación en empresas de alimentación.
En tu comienzo, se te impartirá formación/información sobre la gestión, análisis y trabajo implementado, para aportar la mejor versión en el sistema actual de gestión de la producción, calidad y mantenimiento industrial.
Necesitamos tus conocimientos técnicos y prácticos para, desarrollar el diseño de planes industriales, implantación de herramientas, diseño de procesos, mejora de procesos de fabricación, optimización del mantenimiento, producción y de la logística hasta automatización de procesos, entre otros, para que de esta forma diseñes y pongas en marcha los equipos industriales con la mayor eficiencia posible.
Necesario Grado en Ingenieria industrial o similares, experiencia de al menos 4 años o superior en el ámbito de la producción, mantenimiento y calidad industrial en la definición de procesos productivos en el sector de la industria alimentaria, mínimo ingles C1, conocimientos de: Lean, Optimización, ERP's, conocimiento de tecnologías de automatización y control industrial.
Se valorará positivamente certificado APICS, y/o acreditación GreenBelt o superior.
Somos una organización innovadora, responsable y comprometida con el desarrollo de nuestras personas, y la calidad, para dar los mejores productos a nuestros clientes.
Si tú también compartes esta mentalidad, eres proactivo, con visión global, capacidad de planificación y organización, autonomía en las funciones descritas, y quieres ser parte del proyecto Life Pro, estaremos encantados de recibirte.
¡Únete al equipo! 
Show more Show less",,Ingeniería de la Producción,2025-08-22T12:22:36,https://es.linkedin.com/jobs/view/ingeniero-a-de-procesos-industriales-sector-alimentaci%C3%B3n-at-life-pro-nutrition-spain-sl-4287116123,,[],2025-08-28
ff6901f7840f26f2ecf8229367190c21,rapidapi2,Técnico de procesos industriales Junior,Oceanogràfic València,Spain,"Descripción de la empresa: Trabajar en el Oceanogàfic de Valencia significa formar parte de una empresa dinámica con un objetivo claro: Conectar a la sociedad con el mundo marino y promover la conservación de la biodiversidad. Como colaborador contribuirás cada día crear una experiencia inolvidable en uno de los destinos de ocio más emblemáticos de Europa. Contamos con oportunidades profesionales en una amplia variedad de Áreas, lo que nos permite ofrecer un entorno diverso, inclusivo y lleno de posibilidades.

Descripción del puesto: Estamos buscando un perfil de iniciación y adiestramiento, superada la etapa de formación, te podrás consolidar en la plantilla definitiva. 

Como Ingeniero/a en Oceanogràfic València, puedes participar en el manejo y seguimiento del buen funcionamiento de los procesos electromecánicos, hidráulicos y térmicos que regulan las instalaciones del Oceanografic, y colaborar los programas de mantenimiento de las infraestructuras, equipos y maquinaria, siguiendo las instrucciones de su superior. 

Tus tareas serán:
Controlar el funcionamiento, dentro de los parámetros establecidos, de los equipos e instalaciones electromecánicas y de tratamiento de agua, a través de la lectura y análisis de sus indicadores y variables, tanto de manera remota (pantallas y gráficos) como in situ (rondas de reconocimiento y manejo).
Atender las peticiones del Área de Biología referidas a toma de muestras, revisiones, correcciones y cambios de consigna de los parámetros y ejecutarlas.
Registrar las incidencias y cambios de procedimiento en las aplicaciones correspondientes.
Colaborar en la ejecución de las órdenes de trabajo de mantenimiento según el calendario previsto: análisis y controles, revisiones, mediciones, engrases, limpiezas, etc. y reportar anomalías y deterioros a su superior.
Manejo de instalaciones electromecánicas e hidráulicas que aun no han sido objeto de automatización
Experiencia mínima
Buscamos perfiles de iniciación, pero se valorará experiencia o conocimiento en instalaciones Industriales con alta componente hidráulica, entorno de depuración, procesos industriales.
Buscamos perfiles de iniciación, pero se valorará experiencia en instalaciones eléctricas industriales, mantenimiento electromecánico y/o mantenimiento multitecnico.
Se valorará haber trabajados en entorno de control de procesos industriales y haber trabajado con plantas de agua y bombeo.

Más información en nuestro portal de empleos: Trabaja en el Oceanogràfic | Técnico de procesos industriales
Show more Show less","['Electromechanical Systems', 'Hydraulic Systems', 'Thermal Processes', 'Water Treatment', 'Maintenance', 'Industrial Installations', 'Process Control', 'Sample Collection', 'Incident Reporting', 'Preventive Maintenance', 'Equipment Monitoring', 'Technical Support', 'Problem Solving', 'Data Analysis', 'Team Collaboration', 'Operational Efficiency']",Ingeniería de la Producción,2025-08-21T07:33:16,https://es.linkedin.com/jobs/view/t%C3%A9cnico-de-procesos-industriales-junior-at-oceanogr%C3%A0fic-val%C3%A8ncia-4289225888,,[],2025-08-28
