job_id,source,job_title,company,location,description,skills,careers_required,date_posted,url,career_tag,soft_skills_detected,extraction_date
7ec4f3a84211bd01170e1a2437c50a1a,jooble,Executive Director,Confidential,"Carbondale, CO","&nbsp;...Education 
 Español 
 Universidades 
 Higher Education 
 Universities 
 Specialties 
 administración de agronegocios 
 <b>agroindustria </b>alimentaria 
 ambiente y desarrollo 
 ciencia y producción agropecuaria 
 aprender haciendo 
 and pasantías 
 About the Role...&nbsp;",[],Agroindustria,2025-07-08T00:00:00.0000000,https://jooble.org/jdp/-4056684438246657884,,[],2025-07-11
