job_id,source,job_title,company,location,description,skills,careers_required,date_posted,url,career_tag,soft_skills_detected,extraction_date
7221088d96b1e3ae928312c0eb2558d1,rapidapi2,Gerente Base de Servicios - Industria Petrolera - Sur del Pais,Anônimo,"Cipolletti, Río Negro Province, Argentina","Importante empresa vinculada al rubro Oil and Gas, desea incorporar a su equipo de trabajo a un Gerente de Base de Servicios. 

Sus tareas serán: 
· Encargado de los recursos necesarios para la prestación de los servicios: 
recursos humanos, herramientas y materiales. 
· A cargo de las operaciones, garantizando el cumplimiento de los servicios. 
· Armado del plan de negocio y desarrollo de las acciones comerciales 
· Identificación de desvíos y desarrollo de planes de acción 
· Control de gastos, facturación, costos e inversiones de la base, P&L, etc. 
· Coordinación y gestión de desempeño de los recursos humanos de la base 
· Seguimiento de los procesos administrativos, certificaciones, auditorias e 
inspecciones. 
· Velará por el cumplimiento férreo y desarrollo de todo lo que concierne a 
las áreas de Seguridad e Higiene, Calidad y Medio Ambiente de la región. 

Requisitos excluyentes: 
· Experiencia CONCRETA y COMPROBABLE de al menos 3 años como 
Gerente de Base o posiciones similares en empresas de servicios u operadoras del rubro Oil and Gas. 
· Buen manejo de paquete Office 
· Contar con MUY buenas referencias laborales (Se solicitarán las mismas en cada uno de sus empleos 
anteriores, a fin de contar con información acerca de su desempeño y motivos de egreso). 

Se valorará: 
· Residir en la provincia de Neuquén o Río Negro. 
· Graduado de Ingeniería Mecánica, Electromecánica, Petróleo, 
Hidrocarburos, Aeronáutica, Química, Electrónica o similar. 
· Dominio de SAP o algún otro sistema de gestión 
La persona que ocupe la posición deberá poseer un perfil proactivo, flexible y con habilidades para llevar adelante 
grandes equipos de trabajo. 

Se ofrece: 
Posición estable. 
Reales e interesantes posibilidades de crecimiento.
Show more Show less",,Petróleos,2025-08-26T12:49:44,https://ar.linkedin.com/jobs/view/gerente-base-de-servicios-industria-petrolera-sur-del-pais-at-an%C3%B4nimo-4289606439,,[],2025-08-28
163d6e546f66b957f682d09b0354a985,rapidapi2,Key Account Manager. Industria: Petrolera,Anônimo,"General San Martín, Buenos Aires, Argentina","Nuestro cliente se caracteriza por ofrecer soluciones para la industria del Oli&Gas a una amplia cartera de clientes a lo largo de Latinoamérica, contando con tecnología de punta, garantizando productos y servicios de excelencia. Con presencia en Argentina, Brasil, Chile, Bolivia, Perú, Uruguay y USA, busca continuar expandiéndose. 

Principales responsabilidades: 
Búsqueda y desarrollo de oportunidades de negocio, en relación directa (fronting) con el cliente 
Interacción con las áreas comerciales del negocio en Argentina y resto de los países. 
Ejecución de tareas referentes a contratos, procesos licitatorios, negociación de 
T&C, política de precios y estrategia de penetración en el cliente, promocionando productos y servicios. 
Análisis de datos y situaciones del mercado. 
Contacto permanente con inspección de contratos para promover ejecución de contratos existentes. 
Seguimiento de reclamos. 
Generación y potenciación de una sólida network dentro del rubro del Oil&Gas. 

Se ofrece: 
Plan de carrera. 
Reales e interesantes posibilidades de crecimiento en el marco de una compañía con gran trayectoria. 
Interesantes condiciones de contratación (beneficios) 
Política de bonos
Show more Show less",,Petróleos,2025-08-25T12:21:58,https://ar.linkedin.com/jobs/view/key-account-manager-industria-petrolera-at-an%C3%B4nimo-4290581516,,[],2025-08-28
