job_id,source,job_title,company,location,description,skills,careers_required,date_posted,url,career_tag,soft_skills_detected,extraction_date
a8f596f85a29382294712774de64e053,rapidapi1,Manipulador De Materiales,"Lighthouse Trades, Inc.","Stanley, US","Trabajar en la industria del petróleo y el gas en el oeste de Dakota del Norte para recuperar viejos sitios petroleros para uso agrícola. Trabaje para limpiar las almohadillas del sitio petrolero, alisar el suelo y volver a poner la tierra en su estado original para que los propietarios puedan usar la tierra para la agricultura o como tierra de pasto. Retire la grava, coloque el suelo superior y aplane la tierra. Mantenga las carreteras hacia y desde los sitios petroleros y mantenga las almohadillas del sitio petrolero. Construya nuevas almohadillas de sitios petroleros eliminando la tierra superior de un campo o pasto y colocándola en una pila. Luego nivele el área y arrastre la grava y el nivel. Puede operar cualquiera de los cinco (5) equipos diferentes: Payloader, Road Grader, Skid Steer, Bulldozer y Scraper. Las tareas de cada pieza de equipo incluyen:

• Payloader: Cargue grava, tierra superior y bajo carga en semirremolques. Descargue tuberías y objetos pesados de semirremolques.
• Niveladora de carreteras: Cuchillas de caminos de grava y sitios de aceite para alisar la grava, rellenar baches y alisar tablas de lavar en caminos de grava.
• Minicargadora: Cortar hierba y malezas en las afueras del sitio petrolero. Alisar la grava y recoger las rocas con el cubo de la minicargadora.
• Bulldozer: En el sitio de aceite, empuje la grava hacia arriba en una pila para que los semis puedan salir. Presione bajo la carga en el sitio petrolero para que la tierra vuelva al grado original.
• Raspador: Raspe el suelo superior y la pila de existencias para construir y nivelar la almohadilla para la ubicación del sitio petrolero.

F.a.5a-F.a.6b: más de 35 horas/semana. Turnos de 9 horas entre las 8:00 am y las 6:00 pm. 5 días a la semana, de lunes a viernes. Puede trabajar por las noches, los fines de semana, los días festivos, según sea necesario. El horario (incluidos los días laborables) puede variar. Puede trabajar más de las horas garantizadas. Puede trabajar horas extras. OT varía y debe ser pre-aprobado.

F.b.8a: A los trabajadores se les pagará no menos del salario indicado. El empleador puede pagar tasas salariales más altas a los trabajadores en función de la antigüedad con el empleador y el nivel de habilidad. Las horas extras pueden variar.

F.c.1: Los manipuladores temporales de materiales H-2B realizarán tareas de trabajo en 6115 Highway 8 South, Stanley, ND 58784 y en múltiples sitios de trabajo dentro del área de empleo previsto, incluidos los siguientes condados: Mountrail, Williams, McKenzie y Dunn.

F.d.1: El empleador proporcionará transporte diario desde 6115 Highway 8 South, Stanley, ND 58784 hacia y desde los lugares de trabajo, o el empleado puede reportarse directamente al sitio de trabajo por su cuenta.",[],Petróleos,,https://seasonaljobs.dol.gov/es/jobs/H-400-25001-584837?utm_campaign=google_jobs_apply&utm_source=google_jobs_apply&utm_medium=organic,,[],2025-07-18
63607f4185f291ed0f5d3a6ce48ed109,rapidapi1,Especialista Procesista - Sector Hidrocarburos,Oca Global,"New York, US","En OCA GLOBAL PERÚ nos encontramos en la búsqueda del mejor talento para la posición de Especialista Procesista - Sector Hidrocarburos

Que tenga el siguiente perfil:
• Colegiado y habilitado en Ingeniería química, petroquímica, petróleo
• Experiencia de 8 años de experiencia en el sector hidrocarburos y la revisión de ingeniería.
• Conocimientos en estudios de riesgo, talleres HAZOP, HAZID, LOPA,
• Revisión de memorias de cálculo para modelación de procesos de explotación de crudo y gas, así como sistemas contra incendio, experiencia en dimensionamiento de separadores trifásicos, tratadores térmicos, desaladores, plantas de tratamiento de agua de producción, sistemas de reinyección de agua y sistemas de bombeo de crudo.

Beneficios:
• Ingreso a Planilla con todos los beneficios de Ley.
• Sueldo acorde al mercado.
• Lugar de trabajo: Lima
• Pagos mensuales y puntuales.

“En OCA GLOBAL respetamos la diversidad y por ello, no permitimos ninguna práctica de discriminación con motivo de origen étnico o nacional, género, edad, discapacidad, condición social, condiciones de salud, religión, condición migratoria, opiniones, preferencias sexuales, estado civil o cualquier otro que atente contra la dignidad humana”.

Original job Especialista Procesista - Sector Hidrocarburos posted on GrabJobs ©. To flag any issues with this job please use the Report Job button on GrabJobs.",[],Petróleos,,https://grabjobs.co/us/job/full-time/others/especialista-procesista-sector-hidrocarburos-138960962?utm_campaign=google_jobs_apply&utm_source=google_jobs_apply&utm_medium=organic,,[],2025-07-18
6c81fcf2828725dac8fe19cd22ded027,rapidapi1,Técnico de Petróleo y Servicio,BIG O TIRES - GRAND ISLAND (DIERS)/KEARNEY,"Grand Island, US","En Big O Tires, nos esforzamos por ser el minorista preferido de neumáticos y servicio de automóviles en cada comunidad, mientras hacemos de Big O Tires un excelente lugar para trabajar. Ofrecemos beneficios asequibles, bonos de participación en las ganancias, tiempo libre pagado, un ambiente de trabajo orientado a la familia y todo lo que necesita para tener éxito. ¡Únete a nuestro equipo hoy!
RESUMEN DE LA POSICIÓN
Como técnico de servicio automotriz para Big O Tires, realizará actividades de servicio e instalación asociadas con los productos y servicios de la tienda de manera precisa y oportuna.

DEBERES Y RESPONSABILIDADES ESENCIALES
• Proporcionar un servicio al cliente rápido y amigable
• Promover las ventas explicando los beneficios del servicio y los productos a los clientes
• Mantener una comunicación oportuna y profesional con la gerencia, empleados, proveedores y clientes
• Mantener informado al supervisor de cualquier problema de mantenimiento y / o cualquier problema que requiera atención
• Opere de forma segura los vehículos de los clientes con transmisiones automáticas y manuales
• Drenar el aceite y cambiar el filtro de aceite; lubricar vehículos; instalar, rotar y equilibrar los neumáticos y torcer adecuadamente las ruedas; revisar y llenar varios líquidos; Revise y reemplace varios filtros y luces
• Descargue los camiones de transporte y los neumáticos de almacén e inspeccione los neumáticos desechados para el ajuste
• Mantener un medio ambiente, herramientas y equipos limpios, utilizando las directrices de la empresa
• Conocer y adherirse a las políticas y procedimientos de la empresa
• Utilizar y realizar todas las tareas en las listas de verificación de la empresa para cumplir con el cumplimiento constante de las políticas, procedimientos y expectativas

CALIFICACIONES
• Disponibilidad para trabajar días festivos, fines de semana y después del horario comercial regular según sea necesario
• Transporte confiable al trabajo
• Capacidad para aprender nuevos conceptos y utilizar materiales técnicos
• Capacidad para operar consistentemente una computadora y otra maquinaria de productividad de oficina
• Capacidad para operar con seguridad vehículos de transmisión automática y manual
• Disposición para trabajar con materiales peligrosos y en condiciones climáticas exteriores
• Cumple con las regulaciones de equipos de protección personal (EPP)
• Capacidad para permanecer en una posición estacionaria (de pie y / o conduciendo) hasta nueve horas por turno
• Capacidad para moverse y levantar hasta 75 libras
• Capacidad para cumplir con los requisitos de la compañía, incluida la detección exitosa de drogas antes del empleo, el Informe de vehículos motorizados (MVR) y la verificación de antecedentes penales

Somos un empleador que ofrece igualdad de oportunidades, dedicado a una política de no discriminación en el empleo por cualquier motivo, incluida la raza, el credo, el color, la edad, el sexo, la religión o el origen nacional. Estamos comprometidos a construir una facultad culturalmente diversa.

This franchise is independently owned and operated by a franchisee. Your application will go directly to the franchisee, and all hiring decisions will be made by the management of this franchisee. All inquiries about employment at this franchisee should be made directly to the franchise location, and not to Big O Tires Corporate.",[],Petróleos,,https://big-o-tires-grand-island-diers-kearney.careerplug.com/jobs/2061911?loc=es-US&utm_campaign=google_jobs_apply&utm_source=google_jobs_apply&utm_medium=organic,,[],2025-07-18
786dd28247d4fb3fb1ab0a6c77a31b3c,rapidapi1,Estructurador de ofertas Oil&Gas,SGS,"None, US","Descripción de la empresa

SGS es líder mundial en inspección, verificación, análisis y certificación. Está considerada como principal referente mundial en calidad e integridad, contamos con más de 94.000 empleados y con una red de más de 2.600 oficinas y laboratorios por todo el mundo.

Descripción del empleo

Elaborar ofertas documentales, técnicas y económicas basadas en documentos precontractuales, términos de referencia y pliegos de condiciones y sus anexos, correspondientes a procesos de selección públicos y privados. Es el responsable de preparar y realizar propuestas que le sean asignadas, actuando como cabeza del proceso y único ejecutor, hasta la adjudicación del contrato.

Requisitos

Formación académica: Profesional en ingeniería de petróleos, química, mecánica, industrial, ambiental, Ingeniería, o carreras afines

Experiencia: 4 años de experiencia general y 2 años en el sector Oil&Gas, en revisión y validación de documentación y contratos; estructuración de ofertas; participación en licitaciones públicas y privadas; cumplimiento administrativo y legal de contratos; seguimiento a requerimiento administrativos y legales con clientes e interpretación de normativa aplicable.

Conocimientos técnicos: Elaboración de presupuestos, participación en elaboración de ofertas petroleo (preferible calidad y cantidad), gas y químicos, manejo del paquete de oficina MS Office. Estructuración de ofertas públicas y/o privadas. Normatividad legal y gestión de contratos y plataformas para gestion de oportunidades.

Idiomas: Inglés intermedio

Información adicional

Contrato directo a termino indefinido

Salario $3.500.000 - Aplica política comercial de licitaciones

Read Full Description

Apply
To help us track our recruitment effort, please indicate in your cover/motivation letter where (oilgasjobs.net) you saw this job posting.",[],Petróleos,,https://oilgasjobs.net/job/estructurador-de-ofertas-oilgas-12/?utm_campaign=google_jobs_apply&utm_source=google_jobs_apply&utm_medium=organic,,[],2025-07-18
