job_id,source,job_title,company,location,description,skills,careers_required,date_posted,url,career_tag,soft_skills_detected,extraction_date
12ae4a709ab01da0f886c3a238b6d1eb,jooble,"Inspector I, Quality","CommScope, Inc.",United States,"&nbsp;...Proceso.
Educación: Preferible: Secundaria
+ Habilidades: Manejo básico de Software Microsoft office: Word, Excel, Access (Data Base), <b>Computacion.</b>
+ Técnicas: Lectura e interpretación de dibujos o especificaciones. Conocimientos de procesos de manufactura. Conocimientos de T...&nbsp;",[],Computación,2025-06-27T00:00:00.0000000,https://jooble.org/jdp/1986151799835355599,,[],2025-07-11
