job_id,source,job_title,company,location,description,skills,careers_required,date_posted,url,career_tag,soft_skills_detected,extraction_date
981deb9b87362e592df00ad020ad7416,rapidapi2,ESPECIALISTA GEOLOGIA (Geológa(o) Jr.) - PREFERENCIAL PARA MULHERES,AngloGold Ashanti Brasil,Brazil,"Conheça a AngloGold Ashanti. Somos uma das maiores produtoras de ouro em operação no mundo e a mais longeva do Brasil, com 190 anos de história. Temos unidades em Minas Gerais, Goiás e outros nove países. Aqui, a mineração desenvolve pessoas e a sociedade, guiada por valores como segurança, respeito, integridade, sustentabilidade, excelência e colaboração.” Propósito

Apoiar o planejamento e a execução das atividades geológicas diárias de produção, garantindo o controle de qualidade do minério e a integridade dos dados para suporte às decisões operacionais. Atuará em estreita colaboração com engenheiros de planejamento, supervisores de mina e equipes operacionais, com forte presença em campo e atenção à segurança.

Responsabilidades e atribuições

Cumprir e promover rigorosamente as normas de saúde, segurança e meio ambiente.
Realizar mapeamento geológico subterrâneo de frentes de lavra e desenvolvimento, identificando litologias, estruturas e mineralização.
Elaborar e atualizar seções e mapas geológicos para suporte ao planejamento de curto prazo.
Descrever e registrar testemunhos de sondagem (RC e DD), assegurando qualidade e consistência dos dados.
Monitorar diluição e recuperação de minério, propondo ações corretivas quando necessário.
Acompanhar perfurações e desmonte, avaliando a conformidade geológica com o plano de lavra.
Manter o banco de dados geológicos atualizado, garantindo integridade e rastreabilidade.
Auxiliar na comunicação técnica com a operação, incluindo orientações para equipe de mina.
Elaborar e atualizar modelos geológicos de curto prazo em bases semanais e mensais através de softwares 3D disponíveis.

Requisitos obrigatórios

Formação superior completa em Geologia ou Engenharia Geológica.
Registro ativo no CREA (ou elegível para registro).
Disponibilidade para atuação em ambiente subterrâneo e em regime de campo.
CNH categoria B.
Diferencial Inglês intermediário.

Desejável

Conhecimento em mapeamento geológico subterrâneo.
Noções de softwares de modelagem e estimativa de recursos (Leapfrog, Datamine, Vulcan ou similares).
Experiência em mina subterrânea de ouro ou demais metais básicos.
Conhecimento em equipamentos de mina subterrânea (perfuração, perfuração e sondagem).

Benefícios

Aqui, Quem Faz Nosso Presente e Futuro Conta Com Benefícios Que Cuidam Da Saúde, Bem-estar e Qualidade De Vida

Assistência Médica e Odontológica
Seguro de Vida
Auxílio Funeral
Vale Alimentação
Cesta de Natal
Transporte Fretado (unidades operacionais)
Vale Transporte
Previdência Privada
PPR – Participação nos Resultados
Auxílio Creche
Material Escolar
Programa Mais Viver
Vacina
Saúde Mental
Wellhub
Auxílio Autismo e Síndrome de Down

Inscrição e processo seletivo

Empregados(as) AGA: inscrição pela intranet (se tiver acesso) ou pelo site da empresa, marcando que já trabalha conosco.

Empregados(as) próprios(as) ou prestadores(as) de serviço: é obrigatório informar sua liderança imediata sobre a candidatura.

Nosso processo inclui: Inscrição, Triagem de currículos, Dinâmicas/Entrevistas, Avaliações técnicas e comportamentais e Exames médicos.
As comunicações são feitas por e-mail, telefone e WhatsApp. Fique atento(a)!

Diversidade, equidade e inclusão

Estamos transformando a mineração com uma cultura de equidade, inclusão e respeito. Valorizamos cada pessoa e acreditamos que a diversidade de histórias, ideias e perspectivas impulsiona nosso crescimento.

Todas as vagas são abertas a pessoas de diferentes raças, idades, identidades de gênero, orientações sexuais, pessoas com deficiência e reabilitados do INSS. Temos orgulho de iniciativas como o Programa Mulheres de Ouro, que fortalece a presença e liderança feminina em todas as áreas, contribuindo para transformar a empresa e a sociedade.

Desenvolvimento

Na AngloGold Ashanti, investimos continuamente no desenvolvimento de nossas pessoas, com foco em segurança, excelência e crescimento profissional. Oferecemos capacitações técnicas, treinamentos normativos e programas como Kaizen, Full People Potential e Zero Harm, que colocam os empregados no centro da transformação, estimulando aprendizado, inovação e desenvolvimento de competências no dia a dia.

Quer saber mais sobre a AnglodGold Ashanti?

Instagram: @anglogoldashantibr

Site: www.anglogoldashantibr

Acesse nosso site, inscreva-se e venha construir esse futuro com a gente.

#VemSerAGA #Diversidade #Mineração #Carreira #Oportunidades 
Show more Show less","['Geological Mapping', 'Data Integrity', 'Quality Control', 'Mineral Recovery', 'Geological Modeling', 'Technical Communication', 'Fieldwork', 'Health and Safety Compliance', 'Software Proficiency', 'Drilling Techniques', 'Geological Data Management', 'Team Collaboration', 'Problem Solving', 'Environmental Awareness', 'Mining Operations', 'Resource Estimation']",Geología,2025-08-28T11:16:16.127,https://br.linkedin.com/jobs/view/especialista-geologia-geol%C3%B3ga-o-jr-preferencial-para-mulheres-at-anglogold-ashanti-brasil-4290398809,,[],2025-08-28
22fffb485319662f10a60911e431563f,rapidapi2,AUXILIAR DE GEOLOGIA I,AngloGold Ashanti Brasil,"Crixás, Goiás, Brazil","Conheça a AngloGold Ashanti

Somos uma das maiores produtoras de ouro em operação no mundo e a mais longeva do Brasil, com 190 anos de história. Temos unidades em Minas Gerais, Goiás e outros nove países. Aqui, a mineração desenvolve pessoas e a sociedade, guiada por valores como segurança, respeito, integridade, sustentabilidade, excelência e colaboração. Na AngloGold Ashanti, nosso propósito é impulsionar o desenvolvimento das pessoas e da sociedade.

Se você se identifica com os valores de Segurança, Respeito, Integridade, Excelência, Sustentabilidade e Colaboração, venha construir o futuro com a gente.

Transforme sua carreira, transforme a mineração!

Confira Os Detalhes Dessa Oportunidade

PROPOSITO

Responsável por apoiar as operações de sondagem, com foco em qualidade e estrito cumprimento das normas de segurança. A posição exige proatividade, trabalho em equipe e atenção aos procedimentos técnicos operacionais.

RESPONSABILIDADES E ATRIBUIÇÕES

Cumprir as normas de segurança, Regras de Trabalho e Práticas-Padrão/PGR, estabelecidas pela empresa; 
Participar de reuniões de Diálogo Semanais de Segurança (DDS); 
Executar as atividades conforme as orientações e prioridades dos serviços determinados por seu superior imediato, utilizando adequadamente os uniformes e equipamentos de proteção individual (EPI’s) necessários, obedecendo às normas, procedimentos, aspectos de segurança e saúde ocupacional, meio ambiente, qualidade e responsabilidade social; 
Manter a qualidade do relacionamento pessoal e profissional dentro da equipe e entre as outras áreas; 
Manuseio manual de caixas de testemunhos de sondagem; 
Auxiliar no processo de instalação e desinstalação de sonda; 
Auxiliar em todo o processo da sondagem. 

REQUISITOS E QUALIFICAÇÕES

Ensino médio completo 

Desejável

CNH B

Local de trabalho: Mineração Serra Grande - Crixás, Goiás

Inscrição e processo seletivo

Empregados(as) AGA: inscrição pela intranet (se tiver acesso) ou pelo site da empresa, marcando que já trabalha conosco.

Empregados(as) próprios(as) ou prestadores(as) de serviço: é obrigatório informar sua liderança imediata sobre a candidatura.

Nosso processo inclui: Inscrição, Triagem de currículos, Dinâmicas/Entrevistas, Avaliações técnicas e comportamentais e Exames médicos.
As comunicações são feitas por e-mail, telefone e WhatsApp. Fique atento(a)!

Diversidade, equidade e inclusão

Estamos transformando a mineração com uma cultura de equidade, inclusão e respeito. Valorizamos cada pessoa e acreditamos que a diversidade de histórias, ideias e perspectivas impulsiona nosso crescimento.

Todas as vagas são abertas a pessoas de diferentes raças, idades, identidades de gênero, orientações sexuais, pessoas com deficiência e reabilitados do INSS. Temos orgulho de iniciativas como o Programa Mulheres de Ouro, que fortalece a presença e liderança feminina em todas as áreas, contribuindo para transformar a empresa e a sociedade.

Desenvolvimento

Na AngloGold Ashanti, investimos continuamente no desenvolvimento de nossas pessoas, com foco em segurança, excelência e crescimento profissional. Oferecemos capacitações técnicas, treinamentos normativos e programas como Kaizen, Full People Potential e Zero Harm, que colocam os empregados no centro da transformação, estimulando aprendizado, inovação e desenvolvimento de competências no dia a dia.

Quer saber mais sobre a AnglodGold Ashanti?

Instagram: @anglogoldashantibr

Site: www.anglogoldashantibr

Acesse nosso site, inscreva-se e venha construir esse futuro com a gente.

#VemSerAGA #Diversidade #Mineração #Carreira #Oportunidades Benefícios

Aqui, Quem Faz Nosso Presente e Futuro Conta Com Benefícios Que Cuidam Da Saúde, Bem-estar e Qualidade De Vida

Assistência Médica e Odontológica
Seguro de Vida
Auxílio Funeral
Vale Alimentação
Cesta de Natal
Transporte Fretado (unidades operacionais)
Vale Transporte
Previdência Privada
PPR – Participação nos Resultados
Auxílio Creche
Material Escolar
Programa Mais Viver
Vacina
Saúde Mental
Wellhub
Auxílio Autismo e Síndrome de Down
Show more Show less","['Safety Compliance', 'Teamwork', 'Attention to Detail', 'Operational Procedures', 'Manual Handling', 'Drilling Support', 'Quality Assurance']",Geología,2025-08-28T10:44:37,https://br.linkedin.com/jobs/view/auxiliar-de-geologia-i-at-anglogold-ashanti-brasil-4290700647,,[],2025-08-28
0e40d1ddeafa557178b54bea0435aa02,rapidapi2,ESPECIALISTA GEOLOGIA (Geóloga(o) Jr.) - PREFERENCIAL PARA MULHERES,AngloGold Ashanti North America,"Sabará, Minas Gerais, Brazil","A mineradora é a indústria mais longeva do país, com 190 anos de atuação, e uma das maiores produtoras de ouro do Brasil. Com cerca de 3 mil empregados diretos, as operações brasileiras estão entre as mais avançadas do mundo no campo da tecnologia de mineração, pela excelência dos equipamentos e processos utilizados e pelo desenvolvimento de soluções de engenharia foco em segurança e na prática de uma mineração responsável no subsolo.

Na AngloGold Ashanti, nosso propósito é impulsionar o desenvolvimento das pessoas e da sociedade.

Se você se identifica com os valores de Segurança, Respeito, Integridade, Excelência, Sustentabilidade e Colaboração, venha construir o futuro com a gente.

Transforme sua carreira, transforme a mineração!

Confira os detalhes dessa oportunidade: ESPECIALISTA GEOLOGIA - PREFERENCIAL PARA MULHERES 

Propósito 

Apoiar o planejamento e a execução das atividades geológicas diárias de produção, garantindo o controle de qualidade do minério e a integridade dos dados para suporte às decisões operacionais. Atuará em estreita colaboração com engenheiros de planejamento, supervisores de mina e equipes operacionais, com forte presença em campo e atenção à segurança.

Responsabilidades e atribuições

Cumprir e promover rigorosamente as normas de saúde, segurança e meio ambiente.
Realizar mapeamento geológico subterrâneo de frentes de lavra e desenvolvimento, identificando litologias, estruturas e mineralização.
Elaborar e atualizar seções e mapas geológicos para suporte ao planejamento de curto prazo.
Descrever e registrar testemunhos de sondagem (RC e DD), assegurando qualidade e consistência dos dados.
Monitorar diluição e recuperação de minério, propondo ações corretivas quando necessário.
Acompanhar perfurações e desmonte, avaliando a conformidade geológica com o plano de lavra.
Manter o banco de dados geológicos atualizado, garantindo integridade e rastreabilidade.
Auxiliar na comunicação técnica com a operação, incluindo orientações para equipe de mina.
Elaborar e atualizar modelos geológicos de curto prazo em bases semanais e mensais através de softwares 3D disponíveis.

Requisitos obrigatórios

Formação superior completa em Geologia ou Engenharia Geologica
Registro ativo no CREA (ou elegível para registro).
Noções de softwares de modelagem e estimativa de recursos (Leapfrog, Datamine, Vulcan ou similares).
Disponibilidade para atuação em ambiente subterrâneo e em regime de campo.
CNH categoria B

Desejável

Desejável conhecimento em mapeamento geológico subterrâneo. 
Noções de softwares de modelagem e estimativa de recursos (Leapfrog, Datamine, Vulcan ou similares).
Experiência em mina subterrânea de ouro ou demais metais básicos.
Conhecimento em equipamentos de mina subterrânea (perfuração, perfuração e sondagem).

Local de trabalho: Mina de Lamego. Sabará, MG.

Benefícios

Aqui, Quem Faz Nosso Presente e Futuro Conta Com Benefícios Que Cuidam Da Saúde, Bem-estar e Qualidade De Vida

Assistência Médica e Odontológica
Seguro de Vida
Auxílio Funeral
Vale Alimentação
Cesta de Natal
Transporte Fretado (unidades operacionais)
Vale Transporte
Previdência Privada
PPR – Participação nos Resultados
Auxílio Creche
Material Escolar
Programa Mais Viver
Vacina
Saúde Mental
Wellhub
Auxílio Autismo e Síndrome de Down

Inscrição e processo seletivo

Empregados(as) AGA: inscrição pela intranet (se tiver acesso) ou pelo site da empresa, marcando que já trabalha conosco.
Empregados(as) próprios(as) ou prestadores(as) de serviço: é obrigatório informar sua liderança imediata sobre a candidatura.
Nosso processo inclui: Inscrição, Triagem de currículos, Dinâmicas/Entrevistas, Avaliações técnicas e comportamentais e Exames médicos.
As comunicações são feitas por e-mail, telefone e WhatsApp. Fique atento(a)!

Diversidade, equidade e inclusão

Estamos transformando a mineração com uma cultura de equidade, inclusão e respeito. Valorizamos cada pessoa e acreditamos que a diversidade de histórias, ideias e perspectivas impulsiona nosso crescimento.

Todas as vagas são abertas a pessoas de diferentes raças, idades, identidades de gênero, orientações sexuais, pessoas com deficiência e reabilitados do INSS. Temos orgulho de iniciativas como o Programa Mulheres de Ouro, que fortalece a presença e liderança feminina em todas as áreas, contribuindo para transformar a empresa e a sociedade.

Desenvolvimento

Na AngloGold Ashanti, investimos continuamente no desenvolvimento de nossas pessoas, com foco em segurança, excelência e crescimento profissional. Oferecemos capacitações técnicas, treinamentos normativos e programas como Kaizen, Full People Potential e Zero Harm, que colocam os empregados no centro da transformação, estimulando aprendizado, inovação e desenvolvimento de competências no dia a dia.

Quer saber mais sobre a AnglodGold Ashanti?

Instagram: @anglogoldashantibr

Site: www.anglogoldashantibr

Acesse nosso site, inscreva-se e venha construir esse futuro com a gente.

#VemSerAGA #Diversidade #Mineração #Carreira #Oportunidades

A ANGLOGOLD ASHANTI

O grupo AngloGold Ashanti tem sede em Londres (Reino Unido), e atuação em nove países, com 10 operações. Empresa de capital aberto, suas ações são negociadas nas bolsas de Johannesburgo, Nova York, Austrália e Gana. No Brasil, a empresa possui minas e plantas metalúrgicas e de beneficiamento nos estados de Minas Gerais e Goiás.

Somos exemplo de cuidado ativo e de segurança, nosso primeiro valor. Trabalhamos com disciplina e excelência operacional, buscando a inovação e a melhoria contínua para manter nossas operações entre as mais avançadas no setor da mineração. O nosso trabalho é pautado na mineração responsável e no compromisso com as pessoas, com o meio ambiente e com o desenvolvimento sustentável.

Temos responsabilidade e orgulho de valorizar a multiplicidade de perspectivas e experiências que a diversidade proporciona, seja ela baseada em gênero, etnia, orientação sexual, deficiência, formação cultural, religião ou idade.

Acreditamos que podemos desenvolver, juntos, o potencial individual e coletivo.

Para saber mais sobre a AngloGold Ashanti, acesse www.anglogoldashanti.com.br. 
Show more Show less","['Geological Mapping', 'Data Integrity', 'Quality Control', 'Collaboration', 'Technical Communication', 'Software Proficiency', 'Mining Operations', 'Safety Compliance']",Geología,2025-08-28T03:04:56,https://br.linkedin.com/jobs/view/especialista-geologia-ge%C3%B3loga-o-jr-preferencial-para-mulheres-at-anglogold-ashanti-north-america-4292330570,,[],2025-08-28
d52025c685da71b5ab25c11550aeea63,rapidapi2,Estágio em Geologia e Planejamento de Mina (corporativo),Anglo American,Brazil,"Descrição da empresa

Seu talento pode transformar o futuro. Vem com a gente!

Na Anglo American, acreditamos no poder das pessoas para transformar o futuro. Estamos em busca de novos talentos que queiram aprender, crescer e fazer a diferença em um ambiente inovador, inclusivo e seguro.

Aqui, você terá a oportunidade de colocar seus conhecimentos em prática, desenvolver novas habilidades e trabalhar lado a lado com profissionais que inspiram e incentivam o aprendizado contínuo.

Valorizamos a diversidade, o respeito e o cuidado com as pessoas e com o meio ambiente. Queremos que cada estagiário e estagiária se sinta parte de um time que se preocupa com o bem-estar e o desenvolvimento de todos.

Se você é uma pessoa curiosa, comprometida e quer contribuir para um futuro melhor, inscreva-se e construa sua trajetória com a gente. O seu próximo passo pode começar agora

Descrição da vaga

Temos diversas oportunidades abertas em nosso escritório em Belo Horizonte!

Nessa vaga você atuará na área de Geologia e Planejamento de Mina (corporativo), envolvido(a) nas atividades rotineiras da área corporativa.

Aqui você terá a oportunidade real de conhecer e atuar no trabalho desenvolvido pela área, se envolvendo nas rotinas do dia a dia de uma multinacional.

Se você está buscando desenvolvimento e aprendizagem, essa oportunidade é para você!

Qualificações

O que você precisa para participar do Programa de Estágio Mina de Talentos:

Será necessário que esteja com matrícula ativa em uma instituição de ensino superior, no curso de Engenharia de Minas;

Ter previsão de formatura a partir de julho de 2027;

Ter disponibilidade para cumprir 6 horas diárias de estágio.

Isso faz sentido para você? Então não perde tempo e se inscreve! 😉

Informações adicionais

Nosso processo seletivo seguirá esse fluxo:

Inscrições até 19/09

Triagem de currículos e testes (comportamental e lógica) – setembro e outubro

Dinâmica de grupo e entrevistas individuais – setembro e outubro

Exame médico – outubro

Contrato de estágio – novembro

Admissão – dezembro

Temos os melhores benefícios para você:

Trilha de Desenvolvimento de Estagiários (treinamentos exclusivos para estagiários e estagiárias com temas como: Autoconhecimento, Gestão de Projetos, Comunicação e muito mais!).
Bolsa-auxílio R$ 1.400,00
Wellhub (Gympass);
Vale refeição;
Vale transporte; 
Plano de Saúde e Seguro de Vida;
Conexa (4 atendimentos de psicoterapia por mês pagos pela empresa – na plataforma Psicologia Viva);

E mais! Um ambiente de trabalho seguro:

Temos os padrões de segurança mais rigorosos do setor. Além disso, também estamos investindo continuamente em novas tecnologias que estão ajudando a tornar a mineração mais segura.

Um ambiente de trabalho inclusivo e diverso:

Acolhemos e celebramos todas as identidades de gênero, etnias, idades, espiritualidades, orientações sexuais, deficiências, classes sociais, estilos de vida e habilidades. E foi por isso que criamos os Grupos de Afinidades: espaços seguros para discutir, refletir e construir ações de inclusão e diversidade no âmbito da equidade de gênero, LGBTQIAP+, etnia, pessoas com deficiência e geracional.

Reforçamos que todas as vagas estão abertas para pessoas com deficiência (PcD) e reabilitados do INSS.

Atenção ao seu e-mail e telefone, é por lá que vamos te deixar por dentro de cada etapa!

E aí, vai se inscrever ou deixar essa oportunidade passar? 
Show more Show less","['Geology', 'Mining Engineering', 'Planning', 'Teamwork', 'Communication', 'Problem Solving', 'Adaptability', 'Curiosity']",Geología,2025-08-27T19:51:26,https://br.linkedin.com/jobs/view/est%C3%A1gio-em-geologia-e-planejamento-de-mina-corporativo-at-anglo-american-4290306979,,[],2025-08-28
cbf978f3211942a8f566d38af9229b78,rapidapi2,Analista Técnico - Geologia,Egis,"Rio de Janeiro, Rio de Janeiro, Brazil","Descrição da empresa

A Egis é uma multinacional com mais de 90 anos de história, referência global em engenharia, consultoria e operação de projetos sustentáveis. Presente em mais de 100 países, com forte atuação no Brasil há mais de 40 anos, desenvolve soluções inovadoras para infraestrutura, mobilidade urbana, meio ambiente e cidades inteligentes. Reconhecida como Top Employer, a Egis valoriza o desenvolvimento de seus talentos e oferece um ambiente colaborativo, inclusivo e cheio de oportunidades para crescer

Descrição da vaga

Controle e supervisão das atividades de campo, garantindo o cumprimento dos cronogramas e padrões técnicos exigidos.
Acompanhamento de equipes especializadas, incluindo topografia, sondagens (SP, ST, SM, SR), ensaios especiais, geofísica e locação de pontos.
Gestão de empresas terceiras, realizando tratativas técnicas, acompanhamento de entregas e alinhamento de demandas.
Elaboração e envio de Relatórios Diários de Obra (RDO), com registros detalhados das atividades executadas em campo.
Execução e apoio em mapeamentos geotécnicos e geológicos, conforme as exigências do projeto.
Garantir o cumprimento das normas de segurança, qualidade e meio ambiente nas atividades sob sua responsabilidade.


Qualificações

Ensino Superior Completo em Geologia.
Conhecimento técnico em investigações geotécnicas, incluindo:
Sondagens à percussão (SPT), sondagens mistas, trado manual;
Ensaios in situ e especiais (CPT, Vane Test, Pressiômetro, entre outros);
Técnicas de geofísica aplicadas à engenharia;
Deslocamento e locação de pontos em campo.
Experiência com mapeamento geotécnico, incluindo:
Taludes e encostas;
Áreas de jazidas e empreendimentos;
Identificação e delimitação de solos moles.
Boa comunicação interpessoal, com capacidade de alinhamento técnico com equipes de campo e terceiros.
Perfil organizado, com atenção aos detalhes e foco em controle de atividades técnicas.
Capacidade de trabalho em equipe, colaborando com diferentes áreas e perfis técnicos.
CNH categoria B – obrigatória.
Experiência comprovada em direção em rodovias, com prática de direção defensiva e segurança no deslocamento entre frentes de serviço.

Informações adicionais

Benefícios que valorizam você 🌟

Na Egis, acreditamos que um bom trabalho começa com um bom ambiente. Por isso, oferecemos um pacote completo de benefícios pensado para o seu bem-estar, desenvolvimento e qualidade de vida:

✔️ Salário compatível com o mercado – Reconhecimento justo pelo seu talento.

✔️ Convênio Médico e Odontológico – Cuidar da saúde é essencial, e aqui você tem esse suporte.

✔️ Vale Refeição ou Vale Alimentação – Flexibilidade para você escolher o que melhor atende sua rotina.

✔️ Vale Transporte – Comodidade para ir e vir com tranquilidade.

✔️ TotalPass – Bem-estar físico e mental com acesso a academias e atividades.

✔️ Reconhecimento no Aniversário – Um carinho especial no seu dia.

✔️ Day Off de Aniversário – Porque todo mundo merece folga para comemorar!

✔️ Seguro de Vida – Proteção e segurança para você e quem você ama.

✔️ Programa de Desenvolvimento – Aqui, seu crescimento profissional é levado a sério.

✔️ Ambiente colaborativo e inclusivo – Diversidade, respeito e oportunidades para todos. 
Show more Show less","['Geology', 'Geotechnical Investigations', 'Field Supervision', 'Mapping', 'Topography', 'Specialized Testing', 'Geophysics', 'Team Collaboration', 'Communication', 'Attention To Detail', 'Safety Compliance', 'Project Management', 'Driving Skills', 'Technical Alignment', 'Organizational Skills', 'Field Activities Control']",Geología,2025-08-26T18:42:35,https://br.linkedin.com/jobs/view/analista-t%C3%A9cnico-geologia-at-egis-4291642132,,[],2025-08-28
2950f12932c9268fc3d3c6e308445793,rapidapi2,NEOLAURATO/A INGEGNERIA CIVILE - GEOLOGIA,Comacchio SpA,"Riese Pio X, Veneto, Italy","Per una nuova divisione legata allo sviluppo di prodotti destinati all’esplorazione mineraria siamo alla ricerca di una figura di Ingegnere Civile/Geologo.
Il ruolo sarà principalmente incentrato a dare supporto alla divisione attraverso la gestione di varie attività di back-office e all’assistenza nella creazione e nella gestione della documentazione tecnica.
La figura ricoprirà un ruolo chiave nel posizionare Comacchio come punto di riferimento nel settore della perforazione per l’esplorazione, contribuendo a plasmare la percezione del marchio da parte dei clienti e a guidare il successo sul mercato.

In particolare, si occuperà di:
Partecipare attivamente alla formazione e all’organizzazione della nuova divisione con il coinvolgimento nella definizione degli obiettivi, della struttura, dei processi e dell’indirizzo strategico generale della divisione, man mano che il team crescerà.
Supportare lo sviluppo di materiali di marketing e presentazioni tecniche per comunicare l’esperienza di Comacchio nel settore della perforazione per l’esplorazione.
Collaborare strettamente con altri dipartimenti, tra cui vendite, marketing e tecnico, per allineare le esigenze dei clienti ai nostri prodotti e garantire un miglioramento continuo dei nostri prodotti e servizi.
Lavorare a stretto contatto con il top management per sviluppare e implementare la nuova divisione.

Il/la candidato/a ideale possiede:
formazione in geologia;
buone capacità organizzative e comunicative, oltre alla capacità di gestire efficacemente più attività contemporaneamente;
è fondamentale una buona conoscenza della lingua inglese

Il presente annuncio è rivolto ad entrambi i sessi, ai sensi delle leggi 903/77 e 125/91 e a persone di tutte le età e tutte le nazionalità, ai sensi dei decreti legislativi 215/03 e 216/03.
La Società, in qualità di Titolare del trattamento, raccoglie i dati personali per le finalità connesse o strumentali allo svolgimento dell’attività di ricerca e selezione del personale.
L’interessato ha il diritto di chiedere al Titolare di accedere ai propri dati personali e di rettificarli se inesatti nonché, al ricorrere dei rispettivi presupposti, di cancellarli, limitarne il trattamento ed opporsi allo stesso. Per esercitare i propri diritti, l’Interessato può contattare il Titolare all’indirizzo e-mail sales@comacchio.com. L’Interessato ha anche il diritto di proporre reclamo all’autorità di controllo competente in materia, Garante per la protezione dei dati personali (www.garanteprivacy.it).
Show more Show less","['Geology', 'Organizational Skills', 'Communication Skills', 'Technical Documentation', 'Marketing Materials', 'Collaboration', 'Customer Alignment', 'Process Improvement']",Geología,2025-08-26T11:27:38,https://it.linkedin.com/jobs/view/neolaurato-a-ingegneria-civile-geologia-at-comacchio-spa-4288892700,,[],2025-08-28
cadb486d2cf9266cf2a9737c3e8e6dea,rapidapi2,"téc. sup. de obras púb. de N1, espec. de geologia, hidrogeologia (m/f) - 1 vaga",CONTACT Moçambique,"Maputo, Cabo Delgado Province, Mozambique","No âmbito da implementação do Programa Regional de Resiliência Climática para a África Oriental e Austral (PRRC-180171), o nosso Cliente pretende recrutar.

FUNÇÃO

Será responsável por realizar levantamentos geológicos e hidrogeológicos para avaliação de potencial aquífero e identificação de pontos de captação; apoiar a DNGRH na implementação de acções do PRRC relacionadas com a gestão sustentável de aquíferos e recursos hídricos subterrâneos; elaborar relatórios técnicos sobre a viabilidade hidrogeológica de intervenções propostas; monitorar e avaliar a qualidade e quantidade de recursos hídricos subterrâneos em áreas de intervenção; apoiar na supervisão técnica de estudos e obras hidrogeológicas realizadas por terceiros; contribuir na elaboração de planos de gestão e proteção de recursos hídricos subterrâneos; promover acções de capacitação e sensibilização das comunidades locais sobre a gestão de água subterrânea; participar na recolha, processamento e sistematização de dados hidrogeológicos para a base de dados nacional; apoiar na elaboração de termos de referência para contractação de serviços especializados.

Requirements

Licenciatura em Geologia, Hidrogeologia, Engenharia Geológica ou áreas afins;
Mínimo de experiência em estudos hidrogeológicos, gestão de recursos hídricos ou áreas correlatas;
Experiência comprovada em Investigação e avaliação de recursos hídricos subterrâneos;
Idade mínima de 18 anos;
Conhecimentos sólidos em Sistemas de Informação Geográfica (SIG/GIS) e software de modelação hidrogeológica (ex.: MODFLOW, Surfer);
Capacidade de elaborar e analisar relatórios técnicos e mapas hidrogeológicos;
Boa comunicação oral e escrita em Português. Conhecimentos de Inglês constituem uma vantagem;
Disponibilidade para viagens e trabalho de campo em zonas remotas;
Nacionalidade Moçambicana

DOCUMENTOS OBRIGATÓRIOS:

Curriculum Vitae actualizado;
Certidão de Nascimento ou Bilhete de Identidade;
Possuir o número único de identificação tributária (NUIT);
Fotocópia do Certificado de Habilitações Literárias;
Declaração de compromisso de honra, que mostra que nunca foi expulso do aparelho de Estado, aposentado ou reformado

Benefits

A possibilidade de trabalhar num projecto que oferece condições salariais de acordo com a tabela em vigor na função pública, bem como oportunidades de desenvolvimento pessoal.

ENCORAJAM-SE CANDIDATURAS DO SEXO FEMININO

DATA LIMITE DE CANDIDATURA: 09 de Setembro de 2025. 
Show more Show less","['Geology', 'Hydrogeology', 'Water Resource Management', 'Technical Reporting', 'GIS', 'Hydrogeological Modeling', 'Field Work', 'Community Engagement']",Geología,2025-08-26T07:11:43,https://mz.linkedin.com/jobs/view/t%C3%A9c-sup-de-obras-p%C3%BAb-de-n1-espec-de-geologia-hidrogeologia-m-f-1-vaga-at-contact-mo%C3%A7ambique-4291243829,,[],2025-08-28
e872239138936507b8c371e000acbfa1,rapidapi2,Estagio de Geotecnia - Engenharia Civil e Geologia,Torres Geotecnia,Brazil,"Você irá oferecer uporte ao etor, realizando atividade como: - Confecção de perfi de ondagem. - Elaboração de relatório de ondagen. - Acompanhamento e organização do fluo de informaçõe proveniente de campo. - Apoio ao divero etore da emprea. Curando Engenharia Civil ou Geologia.

Formação Acadêmica

Não informado

Salário

A combinar

Cargo

Estágio em engenharia civil

Empresa

Torres Geotecnia

Perfurações e sondagens.

Ramo

Construção Civil / Engenharia Civil

(FJ) 
Show more Show less","['Geotechnics', 'Civil Engineering', 'Geology', 'Report Writing', 'Field Data Management', 'Support', 'Organization']",Geología,2025-08-26T02:38:26,https://br.linkedin.com/jobs/view/estagio-de-geotecnia-engenharia-civil-e-geologia-at-torres-geotecnia-4288843719,,[],2025-08-28
639d05e7af56f6fc9f73a22748b3c315,rapidapi2,AUXILIAR DE GEOLOGIA,IEL Empregos,"Várzea Grande, Mato Grosso, Brazil","Horário: 3 Turnos disponíveis - 4X4 / 6X3 /12X6

Contratação: Tenured - CLT labor code

Nível: Not Informed

Descrição e Responsabilidades

Auxílio à equipe de geologia no manuseio de amostras vindas do campo; Separação, pesagem e identificação de lotes de amostras; carregamento e descarregamento de amostras; organização de lotes de polpas e britados; apoio em serviços de campo sempre que solicitado.

Requisitos

Ensino Médio Completo. 
Capacidade para realizar atividades em campo (incluindo trabalhos ao ar livre, em diferentes condições climáticas). 
Proatividade e disposição para atividades operacionais,Facilidade para seguir orientações e trabalhar em equipe. 

Local: Várzea Grande MT.

Benefícios: Assistência médica, Bonificação por assiduidade, Refeição no local, Seguro de Vida, Vale-alimentação, Vale-transporte 
Show more Show less",,Geología,2025-08-25T20:04:52,https://br.linkedin.com/jobs/view/auxiliar-de-geologia-at-iel-empregos-4288822036,,[],2025-08-28
579a7f08af9e019f44594bf576aa77e6,rapidapi2,"GERENTE DE GEOLOGIA, PLANEJAMENTO DE MINA E LABORATÓRIO NIQUEL– GERÊNCIA DE SERVIÇOS TÉCNICOS DE ONÇA PUMA – VALE METAIS BÁSICOS",Vale,"Ourilândia do Norte, Pará, Brazil","Atenção: é necessário anexar seu currículo no ato da inscrição. 

Onde tem evolução, a Vale está. 

A Vale Metais Básicos é uma empresa autônoma do Grupo Vale com operações no Brasil, Canadá, Reino Unido e Japão. O foco é a produção dos minerais essenciais para a transição energética.

Nossa transformação cultural: 

A Vale Metais Básicos é uma mineradora que busca acelerar a transição para um mundo mais sustentável, que coloca a segurança no centro de tudo o que faz e trabalha para construir soluções para os desafios da humanidade - transformando, hoje, o futuro. Aprendemos juntos, e seguimos comprometidos com a nossa transformação cultural para gerar, com as pessoas, valor e impacto positivo por meio das nossas atividades. Avançando a cada dia, nos sentimos prontos para cultivar relações sólidas e estabelecer sempre o diálogo aberto com a sociedade.

# vemcomavale #ValeMetaisBásicos 

Conheça mais do nosso propósito: 

https://www.youtube.com/watch?v=MUpLjGKLmSc 

https://www.vale.com/pt/home 

Quer conhecer nossa oportunidade? 

N° do CD (Cargo disponível): 1085709

N° de Vagas: 01

Formação: Ensino Superior Completo em Engenharia de Minas ou em Geologia

Localidade: Ourilândia do Norte, Pará, Brasil

Horário de Trabalho: Administrativo

Modalidade de Trabalho: Onsite (presencial)

Tipo de contrato: Indeterminado

Período de inscrição: de 24/08/2025 a 01/09/2025

Requisitos necessários: 

Disponibilidade para residir em Ourilândia do Norte ou em Tucumã 
Ensino Superior Completo em Engenharia de Minas ou em Geologia 
CREA Ativa 
Sólida experiência com Planejamento de Mina e Geologia 
Experiência com gestão de equipe 
Conhecimento em Geotecnia 
CNH categoria B definitiva 
Inglês intermediário 
Pacote Office Avançado 

Requisitos desejáveis :

Experiência com Operação de Níquel ou com Minas Lateritas 
Inglês avançado 

Responsabilidades e atividades do cargo: 

Ser responsável pela definição da estratégia do negócio, no que tange à planejamento de lavra de Curto e médio prazos, alinhado ao Master Plan e a estratégia do negócio atual e futura; 
Garantir as premissas e indicadores operacionais e de manutenção para suportar o Life Of Mine Plan e Reserva Mineral, Plano de mina de médio Prazo, governança de plano de mina de curto prazo e geologia de curto e médio prazo; 
Realizar estudos técnicos de Mineração (Frota, Perfuração, Desmonte e infraestrutura de mina e controle de qualidade); Estudos de fechamento de mina, Desenvolvimento de Processos Minerais; 
Garantir a gestão e os estudos de projetos minerais bem como o suporte às operações em Tecnologia Mineral; 
Garantir as execuções dos padrões Geotécnicos, inspeções e reporte para o C-level das condições geotécnicas da unidade; Gestão de Barragens e Rejeitos, Hidrogeologia Geotecnia de Cavas e Pilhas de minério e estéril; Geomecânica de Rochas e solos, Suporte técnico e monitoramento Geotécnico; Ensaios e diagnósticos Geotécnicos; 
Ser responsável pelas inspeções e Declarações de Condição de estabilidade das barragens e diques (RTFR); 
Manter e operacionalizar o Centro de Monitoramento Geotécnico local; Programa de garantia de qualidade/controle de qualidade (GQ/CQ) de construção e manutenção de registros; Cumprimento dos requisitos de regulação, das normas HSEC e orientações pertinentes; 
Garantir a execução da normatização, governança e check do VPS; Iniciativa de estabilidade e melhoria operacional; Otimização de processos e eliminação de desperdícios (Lean); Coordenação de Melhoria Contínua; Estratégia de Manutenção; Academia VPS; Fomento de uma cultura de Excelência Operacional; 
Liderar e direcionar o Planejamento Integrado de Negócios para a unidade; 
Garantir engajamento, colaboração e integração entre todos os envolvidos no processo de Planejamento Integrado de Negócios (incluindo Operações, Vendas e Marketing e Finanças) e processos adjacentes; 
Apoiar o desenvolvimento e implementação de ferramentas de otimização para as decisões estratégicas de otimização de valor da cadeia do negócio; 
Ser o interlocutor nos órgãos regulatórios nacionais, tal como a Agência Nacional de Mineração – ANM, CREA e SEMAS. 

Um pouco do que a Vale Metais Básicos oferece para você 

Previdência Privada: garantia de um futuro tranquilo, com segurança financeira para a aposentadoria. 
PLR - Programa de Participação nos Lucros e Resultados: reconhecimento pelos esforços de todos, com participação nos lucros da empresa 
Assistência Médica e Hospitalar, Odontológica: Cuidados de saúde completos para empregados e seus dependentes, prezando por aquilo que é prioritário em garantir: Saúde e qualidade de vida; 
Reembolso Creche ou Auxílio Babá: apoio para conciliar o retorno ao trabalho com a chegada de um filho - até os 6 anos dos dependentes; 
PASA - Planos de saúde para familiares ou para o próprio empregado, em caso de aposentadoria ou desligamento; 
Vale alimentação: suporte financeiro para compras de itens de mercado; 
Vale refeição ou Refeições no trabalho: benefício para facilitar a rotina e promover hábitos saudáveis na alimentação diária; 
Apoiar - Programa de Assistência ao Empregado e Dependentes: suporte emocional e social especializados para empregados e suas famílias; 
Cartão Presente de Natal para Dependentes: um gesto de carinho no final do ano - para dependentes até 10 anos; 
Transporte fretado ou Vale transporte: garantia de deslocamento diário de nossos empregados para o ambiente de trabalho; 
Incentivo à atividade física - Wellhub: promoção de saúde física e bem-estar com programas de atividade física; 
Programa Bem-Estar: cuidados integrais para melhorar a qualidade de vida dos empregados; 
Clube de Vantagens: Descontos e benefícios exclusivos para compras em estabelecimentos parceiros. 

Como é trabalhar na Vale Metais Básicos? 

Na Vale Metais Básicos, contribuímos para a formação de futuros. Da mineração, do planeta e o seu. Oferecemos oportunidades para diversas áreas e objetivos profissionais.

Aqui, nossos talentos constroem juntos um ambiente colaborativo e inclusivo que valoriza a pessoa como ela é: sua individualidade, seu protagonismo e comprometimento.

Na Vale Metais Básicos, aprendemos juntos. Acreditamos na riqueza das experiências do dia a dia e na troca de conhecimento entre os talentos. Aqui, todo momento pode e deve ser um aprendizado.

Na Vale Metais Básicos, também crescemos juntos. Estabelecemos relações sólidas e de valor compartilhado com os nossos empregados e a sociedade. Assim, demonstramos nosso comprometimento com um legado positivo, resultados consistentes e com a construção de uma mineração com processos mais inovadores e sustentáveis: a mineração do futuro.

Onde tem futuro, o Grupo Vale está. 

Ficou curioso para conhecer um pouco mais do Grupo Vale? Acesse www.vale.com e https://vale.com/pt/basemetals

Conheça também nossa Política de diversidade

A Vale e a Vale Metais Básicos não realizam nenhum tipo de cobrança para participação em nenhuma etapa dos seus processos seletivos. Todas as candidaturas devem ser feitas exclusivamente pelo nosso site ou por meio de vagas postadas no perfil da Vale no LinkedIn . 

Obs: Se você já se candidatou a esta vaga anteriormente, o botão para o envio de candidatura não estará disponível. Caso seja selecionado no processo seletivo, entraremos em contato para informar sobre o resultado da seleção. 
Show more Show less","['Mining Engineering', 'Geology', 'Team Management', 'Geotechnics', 'Intermediate English', 'Advanced Office Suite', 'Nickel Operation Experience', 'Laterite Mines Experience']",Geología,2025-08-24T05:07:55,https://br.linkedin.com/jobs/view/gerente-de-geologia-planejamento-de-mina-e-laborat%C3%B3rio-niquel%E2%80%93-ger%C3%AAncia-de-servi%C3%A7os-t%C3%A9cnicos-de-on%C3%A7a-puma-%E2%80%93-vale-metais-b%C3%A1sicos-at-vale-4290129673,,[],2025-08-28
da7379b80a6260c25d1496a46efc9e61,rapidapi2,Estagiario a geologia,Netvagas,"Belo Horizonte, Minas Gerais, Brazil","Estamos em busca de um(a) estagiário(a) proativo(a), comprometido(a) e com interesse em desenvolver seus conhecimentos na área de Geologia. O(A) estagiário(a) irá atuar em conjunto com a equipe técnica, participando das atividades de campo e de escritório, com foco no mapeamento geológico, amostragem, controle de qualidade e banco de dados, estimativa de recursos e análise estatística de dados.

Como estagiário(a) de Geologia, você terá a chance de participar de diversas atividades, incluindo:

Acompanhar na coleta e análise de amostras de solo, rocha e água;
Acompanhar atividades de campo, como mapeamento geológico e sondagens;
Realizar pesquisas e levantamentos bibliográficos sobre temas relacionados à Geologia;
Participar da elaboração de relatórios e laudos;
Contribuir com ideias e sugestões para a melhoria dos processos e atividades.

Requisitos

Estar cursando Geologia a partir do 7° período;
Desejável conhecimento básico dos principais softwares de geologia.
Inglês no nível mínimo intermediário requerido.
Interesse por atividades de campo e prática geológica aplicada;
Organização e atenção a detalhes em registros, classificações e dados técnicos;
Postura responsável, com respeito às normas de segurança e ao meio ambiente;
Facilidade para trabalhar em equipe e comunicar-se com clareza;
Autonomia para executar tarefas sob supervisão e disposição para aprender;
Proatividade para lidar com desafios do trabalho geológico em campo.

Benefícios

Plano de Saúde;
Plano Odontologico;
Seguro de Vida;
Ajuda de custo;

Junte-se a nós nesta jornada de aprendizado e crescimento. Envie seu currículo e venha fazer parte da nossa equipe! 
Show more Show less",,Geología,2025-08-23T13:35:17,https://br.linkedin.com/jobs/view/estagiario-a-geologia-at-netvagas-4290400498,,[],2025-08-28
37abe5151cd276bdf65c60846cf3e775,rapidapi2,Estagio de Geotecnia - Engenharia Civil e Geologia - MG,Torres Geotecnia,Brazil,"Você irá oferecer uporte ao etor, realizando atividade como: - Confecção de perfi de ondagem. - Elaboração de relatório de ondagen. - Acompanhamento e organização do fluo de informaçõe proveniente de campo. - Apoio ao divero etore da emprea. Curando Engenharia Civil ou Geologia.

Formação Acadêmica

Não informado

Salário

A combinar

Cargo

Estágio em engenharia civil

Empresa

Torres Geotecnia

Perfurações e sondagens.

Ramo

Construção Civil / Engenharia Civil

(EI) 
Show more Show less","['Geotechnics', 'Civil Engineering', 'Geology', 'Report Writing', 'Field Data Management', 'Support', 'Organization']",Geología,2025-08-23T02:37:02,https://br.linkedin.com/jobs/view/estagio-de-geotecnia-engenharia-civil-e-geologia-mg-at-torres-geotecnia-4287190984,,[],2025-08-28
4df40fa0a491dea2cbfaf697c508ba81,rapidapi2,TÉCNICA(O) DE MINA E GEOLOGIA I – PERFURAÇÃO PARA DESMONTE – MINERAÇÃO - VAGA PREFERENCIAL PARA MULHERES,Vale,"Nova Lima, Minas Gerais, Brazil","Onde tem evolução, a Vale está.

TÉCNICA(O) DE MINA E GEOLOGIA I – PERFURAÇÃO PARA DESMONTE - MINERAÇÃO - VAGA PREFERENCIAL PARA MULHERES 

Quer conhecer a nossa oportunidade? 

N° do CD (Cargo disponível): CD 1088416 

N° de Vagas: 01

Formação: Técnica Completa em Mineração e/ou Geologia com registro ativo

Localidade : Nova Lima, Minas Gerais, Brasil

Horário de Trabalho: Escala 3x3 - 06:00 h as 18:00 h

Tipo de contrato: Indeterminado

Período de inscrição : de 22/08/2025 a 28/08/2025

Requisitos necessários: 

Formação Técnica em Mineração ou Geologia com registro ativo; 
Conhecimento das atividades de perfuração para desmonte; 
Conhecimento da praça de perfuração, e recursos necessários, para execução das atividades para desmonte; 
Conhecimento de leitura em Interpretação de desenhos topográficos; 
Carteira Nacional de Habilitação - CNH B; 
Conhecimento do Pacote Office - nível intermediário; 
Residência nas cidades: Nova Lima, Itabirito, Rio Acima, Raposos, Cachoeira do Campo, Ouro Preto, Belo Horizonte e/ou Contagem. 

Requisitos desejáveis :

Formação superior em Engenharia de Minas, Engenharia Civil, Engenharia de Produção e/ou áreas afins; 
Conhecimentos em topografia / uso de GPS e locação de furos; 
Disponibilidade para trabalho em escala de revezamento e disponibilidade de horário. 

Responsabilidades e atividades do cargo: 

Direcionar as equipes de trabalho para as atividades de perfuração para desmonte; 
Acompanhar as atividades de perfuração para desmonte garantindo o cumprimento das atividades. 
Acompanhar e garantir para que as atividades sejam realizadas de forma segura, e manter uma postura prevencionista de acordo com os procedimentos e normas de SSMA – saúde, segurança e meio ambiente; 
Acompanhar e garantir o atendimento de indicadores de desempenho visando o máximo aproveitamento dos equipamentos e atendimento do plano de trabalho. 
Disponibilizar insumos necessário a operação das perfuratrizes bem como os insumos necessários a praça de perfuração. 
Reportar de imediato e munir o supervisor com informações precisas para tomada de decisões relacionadas a perfuração para demonstre; 
Elaborar relatório de andamento de atividades. 
Atender de forma proativa as demandas de 5S, ferramentas da qualidade; 
Executar outras tarefas de mesma natureza e nível de complexidade associadas ao ambiente organizacional. 

Um pouco do que a Vale oferece para você: 

Previdência Privada: garantia de um futuro tranquilo, com segurança financeira para a aposentadoria. 
PLR - Programa de Participação nos Lucros e Resultados: reconhecimento pelos esforços de todos, com participação nos lucros da empresa 
Assistência Médica e Hospitalar, Odontológica: Cuidados de saúde completos para empregados e seus dependentes, prezando por aquilo que é prioritário em garantia: Saúde e qualidade de vida; 
Reembolso Creche ou Auxílio Babá: apoio para conciliar o retorno ao trabalho com a chegada de um filho - até os 6 anos dos dependentes; 
PASA - Planos de saúde para familiares ou para o próprio empregado, em caso de aposentadoria ou desligamento; 
Vale alimentação: suporte financeiro para compras de itens de mercado; 
Vale refeição ou Refeições no trabalho: benefício para facilitar a rotina e promover hábitos saudáveis na alimentação diária; 
Apoiar - Programa de Assistência ao Empregado e Dependentes: suporte emocional e social especializados para empregados e suas famílias; 
Cartão Presente de Natal para Dependentes: um gesto de carinho no final do ano - para dependentes até 10 anos; 
Transporte fretado ou Vale transporte: garantias de deslocamento diário de nossos empregados para o ambiente de trabalho; 
Passagens de trem de passageiros na Estrada de Ferro Vitória a Minas (EFVM) e/ou na Estrada de Ferro Carajás (EFC). Destinadas para uso pessoal, viabilizando mais uma opção logística para viagens dos empregados; 
Incentivo à atividade física - Wellhub: promoção de saúde física e bem-estar com programas de atividade física; 
Programa Bem-Estar: cuidados integrais para melhorar a qualidade de vida dos empregados; 
Clube de Vantagens: Descontos e benefícios exclusivos para compras em estabelecimentos parceiros. 

Entre outros ...

Nossa transformação cultural: 

A Vale é uma mineradora que busca acelerar a transição para um mundo mais sustentável, que coloca a segurança no centro de tudo o que faz e trabalha para construir soluções para os desafios da humanidade - transformando, hoje, o futuro. Aprendemos juntos, e seguimos comprometidos com a nossa transformação cultural para gerar, com as pessoas, valor e impacto positivo por meio das nossas atividades. Avançando a cada dia, nos sentimos prontos para cultivar relações sólidas e estabelecer sempre o diálogo aberto com a sociedade.

#vemcomavale

Conheça mais do nosso propósito: 

https://www.youtube.com/watch?v=MUpLjGKLmSc

https://www.vale.com/pt/home

Por que vagas preferenciais para mulheres? 

A Vale está em uma jornada de transformação, na busca de se tornar uma empresa mais diversa, equitativa e inclusiva. Além disso, acreditamos que o avanço em equidade de gênero contribui para a construção de um futuro melhor para todos. Queremos aumentar a representatividade de todas as mulheres: pretas, brancas, com qualquer identidade de gênero e orientação sexual ou que tenham algum tipo de deficiência.

Entendemos que iniciativas com foco em vagas exclusivas contribuem para avanços na criação de um ambiente cada vez mais colaborativo, inovador e atrativo para novos talentos. Por isso, valorizamos em diferentes ações e processos seletivos a participação de todos os diferentes perfis de candidatos e candidatas, nas diferentes dimensões de grupos que integram a agenda de Diversidade, Equidade e Inclusão.

O processo seletivo para essa posição segue o mesmo formato dos outros programas de atração de talentos da empresa.

Como é trabalhar na Vale? 

Na Vale, contribuímos para a formação de futuros. Da mineração, do planeta e o seu. Oferecemos oportunidades para diversas áreas e objetivos profissionais. Aqui, nossos talentos constroem juntos um ambiente colaborativo e inclusivo que valoriza a pessoa como ela é: sua individualidade, seu protagonismo e comprometimento.

Na Vale, aprendemos juntos. Acreditamos na riqueza das experiências do dia a dia e na troca de conhecimento entre os talentos. Aqui, todo momento pode e deve ser um aprendizado.

Na Vale, também crescemos juntos. Estabelecemos relações sólidas e de valor compartilhado com os nossos empregados e a sociedade. Assim, demonstramos nosso comprometimento com um legado positivo, resultados consistentes e com a construção de uma mineração com processos mais inovadores e sustentáveis: a mineração do futuro.

Onde tem futuro, a Vale está. 

Ficou curioso para conhecer um pouco mais da Vale? Acesse www.vale.com

Conheça também nossa Política de diversidade

A Vale não realiza nenhum tipo de cobrança para participação em nenhuma etapa dos seus processos seletivos. Todas as candidaturas devem ser feitas exclusivamente pelo nosso site ou por meio de vagas postadas no perfil da Vale no LinkedIn . 

Obs: Se você já se candidatou a esta vaga anteriormente, o botão para o envio de candidatura não estará disponível. Caso seja selecionado no processo seletivo, entraremos em contato para informar sobre o resultado da sua candidatura. 
Show more Show less","['Technical Knowledge in Mining', 'Technical Knowledge in Geology', 'Drilling for Demolition', 'Topographic Drawing Interpretation', 'Intermediate Office Suite Skills', 'Driving License - CNH B', 'Knowledge of Drilling Resources', 'Team Direction', 'Safety Compliance', 'Performance Indicators Monitoring', 'Report Writing', '5S Methodology', 'Quality Tools', 'GPS Usage', 'Drilling Hole Location', 'Availability for Shift Work']",Geología,2025-08-22T23:08:12,https://br.linkedin.com/jobs/view/t%C3%A9cnica-o-de-mina-e-geologia-i-%E2%80%93-perfura%C3%A7%C3%A3o-para-desmonte-%E2%80%93-minera%C3%A7%C3%A3o-vaga-preferencial-para-mulheres-at-vale-4289580151,,[],2025-08-28
dc71e4d531781e857d111e6acc219869,rapidapi2,Operador(a) B Geologia (Preferencial para Mulheres e/ou PCD),Nexa Resources,"Vazante, Minas Gerais, Brazil","Descrição da vaga

Faça parte da Mineração que Muda com o Mundo! Venha para a Nexa! 🧡

De acordo com o nosso compromisso com a diversidade e a inclusão, estamos encorajados a receber candidaturas de mulheres para esta posição. Por isso, encorajamos todas as pessoas qualificadas a se candidatarem, independentemente de gênero, identidade ou qualquer outra caraterística, e se juntarem ao nosso time para a vaga de Operador(a) B para atuar na área de Geologia da Nexa, na unidade de Vazante-MG.

Gostou do que viu até aqui?

Dê uma olhada nos desafios dessa vaga!

Responsabilidades e atribuições

Responsabilidades



Auxiliar a equipe técnica de geologia na execução de levantamentos geológicos em campo;
Realizar marcações e amostragem de canais, garantindo a precisão e qualidade das amostras coletadas;
Realizar atividades de amostragem geológica e mapeamento de frentes de lavra;
Auxiliar na preparação e organização de amostras geológicas para análise;
Monitorar a qualidade e precisão dos dados coletados e manter registros detalhados das atividades realizadas;
Colaborar com a equipe de geologia para cumprir os objetivos de produção e qualidade;
Seguir as normas de segurança e procedimentos internos da Nexa

Requisitos e qualificações

Qualificações Necessárias

Ensino Médio Completo;
Carteira Nacional de Habilitação (CNH) categoria B;
Idade acima de 21 anos;
Experiência anterior na área de geologia será um diferencial;
Adaptabilidade e flexibilidade para trabalhar em regime de turno;
Disponibilidade de atuar presencialmente em Vazante-MG.

Desejável

Proatividade e disposição para aprender;
Organização e atenção;
Capacidade de trabalhar em equipe;
Pontualidade e comprometimento.

Informações adicionais

Benefícios

Salário compatível com o mercado;
Plano de saúde e odontológico;
Vale-alimentação;
Transporte fretado;
Oportunidades de crescimento e desenvolvimento profissional.

A Nexa acredita na promoção de um ambiente plural para que todos se sintam à vontade e confortáveis para serem do jeito que são.

Nós somos a Nexa

Somos uma das maiores produtoras de zinco do mundo!

Temos mais de 60 anos de experiência operando e desenvolvendo ativos de mineração e metalurgia. Nosso propósito é integrar a mineração a um mundo em constante mudança como uma oportunidade para o desenvolvimento sustentável.

Contamos com 8 operações distribuídas entre Brasil e Peru – sendo 3 refinarias e 5 minas -, incluindo a maior mina subterrânea de zinco no Peru (Cerro Lindo) e a maior refinaria de zinco das Américas (Cajamarquilla). Com isso, respondemos por 4% da produção mundial de zinco e somos a única produtora de zinco metálico da América Latina, excluindo o México. Também produzimos cobre, chumbo, prata e ouro como coprodutos.

Nexa, mineração que muda com o mundo. 
Show more Show less","['Geological Surveys', 'Sample Collection', 'Data Monitoring', 'Team Collaboration', 'Safety Compliance', 'Adaptability', 'Flexibility', 'Organization', 'Attention to Detail', 'Proactivity', 'Commitment']",Geología,2025-08-22T13:26:25,https://br.linkedin.com/jobs/view/operador-a-b-geologia-preferencial-para-mulheres-e-ou-pcd-at-nexa-resources-4287120570,,[],2025-08-28
18df5cd799716482ed0e49ddfad622ea,rapidapi2,Mina TZ – Superintendente de Geologia de Mina,G Mining Ventures Corp.,"Belo Horizonte, Minas Gerais, Brazil","Resumo Das Responsabilidades

O Superintendente de Geologia de Mina é responsável por liderar a equipe de geologia, definir estratégias e assegurar que as atividades geológicas apoiem os objetivos de produção da empresa. Atua de forma integrada com as áreas de planejamento de mina, perfuração e desmonte, topografia, operação e usina, garantindo previsibilidade de produção, redução de diluição e perdas de minério, além de promover a aderência entre o planejado e o realizado. Este profissional tem papel estratégico na gestão técnica e de pessoas, assegurando as melhores práticas de saúde, segurança e qualidade no ambiente de trabalho.

Atividades a Serem Realizadas

Gestão estratégica: Elaborar e supervisionar o planejamento de sondagens de curto e médio prazos, alinhado à evolução do depósito e estratégia de lavra.
Gestão de pessoas: Liderar, orientar e desenvolver a equipe de geologia de mina, promovendo padrões de trabalho consistentes e melhorias contínuas.
Gestão da qualidade: Garantir a integridade e a qualidade dos dados geológicos, assegurando modelos de blocos precisos para uso no planejamento de lavra e análise de reservas.
Gestão de custos: Conduzir a gestão financeira do setor, análise de custos e construção de orçamentos, otimizando recursos.
Segurança e conformidade: Assegurar que todas as atividades estejam em conformidade com normas e práticas de saúde e segurança.
Modelagem geológica: Gerenciar modelos geológicos no Leapfrog, aplicar melhores práticas em modelagem e atualização, além de análises QAQC.
Relatórios e auditorias: Preparar documentação técnica para relatórios públicos conforme padrões internacionais (NI 43-101, JORC 2012) e acompanhar auditorias internas e externas.
Integração operacional: Apoiar perfuração, desmonte e operação de mina, orientando para minimizar diluição e perdas.
Reconciliação e estoques: Realizar reconciliação de lavra, inventário de estoques e balanço de massa.
Controle de banco de dados: Garantir organização, atualização e confiabilidade das informações geológicas.

Requisitos Necessários

Graduação em Geologia, Engenharia Geológica ou áreas correlatas;
Experiência mínima de 10 anos em geologia aplicada à mineração (curto e médio prazos), preferencialmente em ouro, cobre, níquel e metais base;
Vivência em mina a céu aberto;
Experiência em modelagem e estimativa de recursos;
Domínio de softwares como Leapfrog, Datamine, Vulcan ou Surpac (modelagem) e Deswik ou MinePlan (planejamento);
Inglês intermediário a avançado;
Excel avançado e Power BI para análises e relatórios;
CNH categoria B.

Requisitos Desejáveis

Pós-graduação ou MBA em Geometalurgia, Lavra ou Gestão de Projetos;
Experiência em operações remotas ou regime FIFO;
Conhecimentos em geoestatística, geometalurgia e exploração mineral;
Inglês avançado ou fluente.

Competências Comportamentais Requeridas

Comprometimento com saúde e segurança;
Proatividade e senso de urgência;
Capacidade de decisão sob pressão;
Comunicação clara em todos os níveis;
Organização, adaptabilidade e trabalho em equipe;
Visão sistêmica mina–planta;
Orientação para resultados e inteligência emocional;
Liderança inspiradora e desenvolvimento de talentos.

Informações Adicionais

Regime de trabalho: 14 x 14 (Fly in Fly Out);
Transporte, acomodações e refeições fornecidos pela empresa.

Sobre a Empresa

A G Mining Ventures (GMIN) é uma empresa de mineração de ouro com foco na aquisição, desenvolvimento e operação de projetos de metais preciosos. Atualmente opera a Mina Tocantinzinho (TZ), no Pará, Brasil, que iniciou produção comercial em 2024. A companhia se destaca por sua abordagem eficiente na execução de projetos e por entregar empreendimentos dentro do prazo e do orçamento. Com um portfólio em expansão, incluindo os projetos Oko West (Guiana) e Gurupi (Maranhão), a G Mining reforça sua posição como um futuro líder na produção intermediária de ouro nas Américas.

Valorizamos a diversidade e estamos comprometidos com a inclusão!

Se você é uma pessoa com deficiência e busca uma oportunidade para se desenvolver profissionalmente, queremos te conhecer! 
Show more Show less","['Geology', 'Leadership', 'Data Management', 'Financial Management', 'Health and Safety Compliance', 'Geological Modeling', 'Reporting', 'Operational Integration', 'Reconciliation', 'Database Management', 'Project Management', 'Communication', 'Teamwork', 'Adaptability', 'Decision Making', 'Proactivity']",Geología,2025-08-22T12:22:51,https://br.linkedin.com/jobs/view/mina-tz-%E2%80%93-superintendente-de-geologia-de-mina-at-g-mining-ventures-corp-4287110793,,[],2025-08-28
ecd13ef95c459dc896bf60ee664dc955,rapidapi2,AUXILIAR DE GEOLOGIA I,AngloGold Ashanti North America,"Crixás, Goiás, Brazil","A mineradora é a indústria mais longeva do país, com 190 anos de atuação, e uma das maiores produtoras de ouro do Brasil. Com cerca de 3 mil empregados diretos, as operações brasileiras estão entre as mais avançadas do mundo no campo da tecnologia de mineração, pela excelência dos equipamentos e processos utilizados e pelo desenvolvimento de soluções de engenharia foco em segurança e na prática de uma mineração responsável no subsolo.

Na AngloGold Ashanti, nosso propósito é impulsionar o desenvolvimento das pessoas e da sociedade.

Se você se identifica com os valores de Segurança, Respeito, Integridade, Excelência, Sustentabilidade e Colaboração, venha construir o futuro com a gente.

Transforme sua carreira, transforme a mineração!

Confira Os Detalhes Dessa Oportunidade

PROPOSITO

Responsável por apoiar as operações de sondagem, com foco em qualidade e estrito cumprimento das normas de segurança. A posição exige proatividade, trabalho em equipe e atenção aos procedimentos técnicos operacionais.

RESPONSABILIDADES E ATRIBUIÇÕES

Cumprir as normas de segurança, Regras de Trabalho e Práticas-Padrão/PGR, estabelecidas pela empresa; 
Participar de reuniões de Diálogo Semanais de Segurança (DDS); 
Executar as atividades conforme as orientações e prioridades dos serviços determinados por seu superior imediato, utilizando adequadamente os uniformes e equipamentos de proteção individual (EPI’s) necessários, obedecendo às normas, procedimentos, aspectos de segurança e saúde ocupacional, meio ambiente, qualidade e responsabilidade social; 
Manter a qualidade do relacionamento pessoal e profissional dentro da equipe e entre as outras áreas; 
Manuseio manual de caixas de testemunhos de sondagem; 
Auxiliar no processo de instalação e desinstalação de sonda; 
Auxiliar em todo o processo da sondagem. 

REQUISITOS E QUALIFICAÇÕES

Ensino médio completo 

Desejável

CNH B

Local de trabalho: Mineração Serra Grande - Crixás, Goiás

Benefícios

Aqui, Quem Faz Nosso Presente e Futuro Conta Com Benefícios Que Cuidam Da Saúde, Bem-estar e Qualidade De Vida

Assistência Médica e Odontológica
Seguro de Vida
Auxílio Funeral
Vale Alimentação
Cesta de Natal
Transporte Fretado (unidades operacionais)
Vale Transporte
Previdência Privada
PPR – Participação nos Resultados
Auxílio Creche
Material Escolar
Programa Mais Viver
Vacina
Saúde Mental
Wellhub
Auxílio Autismo e Síndrome de Down

Inscrição e processo seletivo

Empregados(as) AGA: inscrição pela intranet (se tiver acesso) ou pelo site da empresa, marcando que já trabalha conosco.
Empregados(as) próprios(as) ou prestadores(as) de serviço: é obrigatório informar sua liderança imediata sobre a candidatura.
Nosso processo inclui: Inscrição, Triagem de currículos, Dinâmicas/Entrevistas, Avaliações técnicas e comportamentais e Exames médicos.
As comunicações são feitas por e-mail, telefone e WhatsApp. Fique atento(a)!

Diversidade, equidade e inclusão

Estamos transformando a mineração com uma cultura de equidade, inclusão e respeito. Valorizamos cada pessoa e acreditamos que a diversidade de histórias, ideias e perspectivas impulsiona nosso crescimento.

Todas as vagas são abertas a pessoas de diferentes raças, idades, identidades de gênero, orientações sexuais, pessoas com deficiência e reabilitados do INSS. Temos orgulho de iniciativas como o Programa Mulheres de Ouro, que fortalece a presença e liderança feminina em todas as áreas, contribuindo para transformar a empresa e a sociedade.

Desenvolvimento

Na AngloGold Ashanti, investimos continuamente no desenvolvimento de nossas pessoas, com foco em segurança, excelência e crescimento profissional. Oferecemos capacitações técnicas, treinamentos normativos e programas como Kaizen, Full People Potential e Zero Harm, que colocam os empregados no centro da transformação, estimulando aprendizado, inovação e desenvolvimento de competências no dia a dia.

A ANGLOGOLD ASHANTI

O grupo AngloGold Ashanti tem sede em Londres (Reino Unido), e atuação em nove países, com 10 operações. Empresa de capital aberto, suas ações são negociadas nas bolsas de Johannesburgo, Nova York, Austrália e Gana. No Brasil, a empresa possui minas e plantas metalúrgicas e de beneficiamento nos estados de Minas Gerais e Goiás.

Somos exemplo de cuidado ativo e de segurança, nosso primeiro valor. Trabalhamos com disciplina e excelência operacional, buscando a inovação e a melhoria contínua para manter nossas operações entre as mais avançadas no setor da mineração. O nosso trabalho é pautado na mineração responsável e no compromisso com as pessoas, com o meio ambiente e com o desenvolvimento sustentável.

Temos responsabilidade e orgulho de valorizar a multiplicidade de perspectivas e experiências que a diversidade proporciona, seja ela baseada em gênero, etnia, orientação sexual, deficiência, formação cultural, religião ou idade.

Acreditamos que podemos desenvolver, juntos, o potencial individual e coletivo.

Para saber mais sobre a AngloGold Ashanti, acesse www.anglogoldashanti.com.br. 
Show more Show less","['Safety Compliance', 'Teamwork', 'Attention to Detail', 'Operational Procedures', 'Manual Handling', 'Equipment Installation', 'Drilling Assistance']",Geología,2025-08-21T21:04:44,https://br.linkedin.com/jobs/view/auxiliar-de-geologia-i-at-anglogold-ashanti-north-america-4289357598,,[],2025-08-28
cc9fbb1f01528a977587efd86591a46f,rapidapi2,Mina TZ – Superintendente de Geologia de Mina,G Mining Ventures Corp.,"Belo Horizonte, Minas Gerais, Brazil","Resumo Das Responsabilidades

O Superintendente de Geologia de Mina é responsável por liderar a equipe de geologia, definir estratégias e assegurar que as atividades geológicas apoiem os objetivos de produção da empresa. Atua de forma integrada com as áreas de planejamento de mina, perfuração e desmonte, topografia, operação e usina, garantindo previsibilidade de produção, redução de diluição e perdas de minério, além de promover a aderência entre o planejado e o realizado. Este profissional tem papel estratégico na gestão técnica e de pessoas, assegurando as melhores práticas de saúde, segurança e qualidade no ambiente de trabalho.

Atividades a Serem Realizadas

Gestão estratégica: Elaborar e supervisionar o planejamento de sondagens de curto e médio prazos, alinhado à evolução do depósito e estratégia de lavra.
Gestão de pessoas: Liderar, orientar e desenvolver a equipe de geologia de mina, promovendo padrões de trabalho consistentes e melhorias contínuas.
Gestão da qualidade: Garantir a integridade e a qualidade dos dados geológicos, assegurando modelos de blocos precisos para uso no planejamento de lavra e análise de reservas.
Gestão de custos: Conduzir a gestão financeira do setor, análise de custos e construção de orçamentos, otimizando recursos.
Segurança e conformidade: Assegurar que todas as atividades estejam em conformidade com normas e práticas de saúde e segurança.
Modelagem geológica: Gerenciar modelos geológicos no Leapfrog, aplicar melhores práticas em modelagem e atualização, além de análises QAQC.
Relatórios e auditorias: Preparar documentação técnica para relatórios públicos conforme padrões internacionais (NI 43-101, JORC 2012) e acompanhar auditorias internas e externas.
Integração operacional: Apoiar perfuração, desmonte e operação de mina, orientando para minimizar diluição e perdas.
Reconciliação e estoques: Realizar reconciliação de lavra, inventário de estoques e balanço de massa.
Controle de banco de dados: Garantir organização, atualização e confiabilidade das informações geológicas.

Requisitos Necessários

Graduação em Geologia, Engenharia Geológica ou áreas correlatas;
Experiência mínima de 10 anos em geologia aplicada à mineração (curto e médio prazos), preferencialmente em ouro, cobre, níquel e metais base;
Vivência em mina a céu aberto;
Experiência em modelagem e estimativa de recursos;
Domínio de softwares como Leapfrog, Datamine, Vulcan ou Surpac (modelagem) e Deswik ou MinePlan (planejamento);
Inglês intermediário a avançado;
Excel avançado e Power BI para análises e relatórios;
CNH categoria B.

Requisitos Desejáveis

Pós-graduação ou MBA em Geometalurgia, Lavra ou Gestão de Projetos;
Experiência em operações remotas ou regime FIFO;
Conhecimentos em geoestatística, geometalurgia e exploração mineral;
Inglês avançado ou fluente.

Competências Comportamentais Requeridas

Comprometimento com saúde e segurança;
Proatividade e senso de urgência;
Capacidade de decisão sob pressão;
Comunicação clara em todos os níveis;
Organização, adaptabilidade e trabalho em equipe;
Visão sistêmica mina–planta;
Orientação para resultados e inteligência emocional;
Liderança inspiradora e desenvolvimento de talentos.

Informações Adicionais

Regime de trabalho: 14 x 14 (Fly in Fly Out);
Transporte, acomodações e refeições fornecidos pela empresa.

Sobre a Empresa

A G Mining Ventures (GMIN) é uma empresa de mineração de ouro com foco na aquisição, desenvolvimento e operação de projetos de metais preciosos. Atualmente opera a Mina Tocantinzinho (TZ), no Pará, Brasil, que iniciou produção comercial em 2024. A companhia se destaca por sua abordagem eficiente na execução de projetos e por entregar empreendimentos dentro do prazo e do orçamento. Com um portfólio em expansão, incluindo os projetos Oko West (Guiana) e Gurupi (Maranhão), a G Mining reforça sua posição como um futuro líder na produção intermediária de ouro nas Américas.

Valorizamos a diversidade e estamos comprometidos com a inclusão!

Se você é uma pessoa com deficiência e busca uma oportunidade para se desenvolver profissionalmente, queremos te conhecer! 
Show more Show less","['Geology', 'Team Leadership', 'Data Integrity', 'Financial Management', 'Health and Safety Compliance', 'Geological Modeling', 'Reporting', 'Operational Integration', 'Reconciliation', 'Database Management', 'Software Proficiency', 'Communication', 'Adaptability', 'Results Orientation', 'Emotional Intelligence', 'Talent Development']",Geología,2025-08-21T18:20:11,https://br.linkedin.com/jobs/view/mina-tz-%E2%80%93-superintendente-de-geologia-de-mina-at-g-mining-ventures-corp-4286731906,,[],2025-08-28
1cab68d6af94c31b179dbf83b78cee88,rapidapi2,AUXILIAR DE GEOLOGIA I,AngloGold Ashanti Brasil,"Sabará, Minas Gerais, Brazil","Com a experiência de 188 anos de operação no país, a AngloGold Ashanti tem seu trabalho pautado em práticas sustentáveis de busca constante pela excelência operacional, que aliadas à inovação e compromisso com a segurança, garantem à empresa o título de indústria com maior longevidade do Brasil, sendo a maior produtora de ouro nacional e a terceira do mundo.

No Brasil, contamos com três unidades operacionais: Cuiabá-Lamego (Sabará/Caeté-MG), Córrego do Sítio (Santa Bárbara-MG) e Serra Grande (Crixás-GO), além de planta metalúrgica e escritórios administrativos (Nova Lima-MG). A empresa atua também em geração de Energia e na área Imobiliária. Na AngloGold Ashanti, nosso propósito é impulsionar o desenvolvimento das pessoas e da sociedade.Se você se identifica com os valores de Segurança, Respeito, Integridade, Excelência, Sustentabilidade e Colaboração, venha construir o futuro com a gente.

Transforme sua carreira, transforme a mineração!

Confira os detalhes dessa oportunidade: AUXILIAR DE GEOLOGIA I - AFIRMATIVA PARA MULHERES

Propósito

Garantir, em conjunto com o sondador, que as atividades de perfuração de sondagem possam ser executadas com excelência.

Responsabilidades e atribuições

Segurança no Trabalho: Seguir todas as normas de segurança e procedimentos operacionais, utilizando os equipamentos de proteção individual (EPIs) adequados.
Realizar a medição de trajetória dos furos executados.
Responsável por garantir as operações de sondagem com a finalidade no cumprimento de produção preestabelecida em conformidade com as exigências legais
Fazer interface com as áreas de geotecnia, planejamento, infraestrutura de mina, operação e manutenção de equipamentos de sondagem,
Registro de Dados: Anotar e registrar (no tablet e boletim) informações relevantes durante os trabalhos.

Requisitos obrigatórios

Ensino Médio Completo
CNH categoria B

Requisitos desejáveis

Curso técnico em geologia ou mineração.
CNH categoria B.
Experiência na área de sondagem e perfuração em mina subterrânea.

Local de trabalho: Mina de Lamego. Sabará, MG

Benefícios

Aqui, Quem Faz Nosso Presente e Futuro Conta Com Benefícios Que Cuidam Da saúde, Bem-estar e Qualidade De Vida:

Assistência Médica e Odontológica
Seguro de Vida
Auxílio Funeral
Vale Alimentação
Cesta de Natal
Transporte Fretado (unidades operacionais)
Vale Transporte
Previdência Privada
PPR – Participação nos Resultados
Auxílio Creche
Material Escolar
Programa Mais Viver
Vacina
Saúde Mental
Wellhub
Auxílio Autismo e Síndrome de Down

Inscrição e processo seletivo

Empregados(as) AGA: inscrição pela intranet (se tiver acesso) ou pelo site da empresa, marcando que já trabalha conosco.

Empregados(as) próprios(as) ou prestadores(as) de serviço: é obrigatório informar sua liderança imediata sobre a candidatura.

Nosso processo inclui: Inscrição, Triagem de currículos, Dinâmicas/Entrevistas, Avaliações técnicas e comportamentais e Exames médicos.
As comunicações são feitas por e-mail, telefone e WhatsApp. Fique atento(a)!

Diversidade, equidade e inclusão

Estamos transformando a mineração com uma cultura de equidade, inclusão e respeito. Valorizamos cada pessoa e acreditamos que a diversidade de histórias, ideias e perspectivas impulsiona nosso crescimento.

Todas as vagas são abertas a pessoas de diferentes raças, idades, identidades de gênero, orientações sexuais, pessoas com deficiência e reabilitados do INSS. Temos orgulho de iniciativas como o Programa Mulheres de Ouro, que fortalece a presença e liderança feminina em todas as áreas, contribuindo para transformar a empresa e a sociedade.

Desenvolvimento

Na AngloGold Ashanti, investimos continuamente no desenvolvimento de nossas pessoas, com foco em segurança, excelência e crescimento profissional. Oferecemos capacitações técnicas, treinamentos normativos e programas como Kaizen, Full People Potential e Zero Harm, que colocam os empregados no centro da transformação, estimulando aprendizado, inovação e desenvolvimento de competências no dia a dia.

Quer saber mais sobre a AnglodGold Ashanti?

Instagram: @anglogoldashantibr

Site: www.anglogoldashantibr

Acesse nosso site, inscreva-se e venha construir esse futuro com a gente.

#VemSerAGA #Diversidade #Mineração #Carreira #Oportunidades

Requisitos obrigatórios

Ensino Médio Completo
CNH categoria B

Requisitos desejáveis

Curso técnico em geologia ou mineração.
CNH categoria B.
Experiência na área de sondagem e perfuração em mina subterrânea.

Benefícios

Aqui, Quem Faz Nosso Presente e Futuro Conta Com Benefícios Que Cuidam Da saúde, Bem-estar e Qualidade De Vida:

Assistência Médica e Odontológica
Seguro de Vida
Auxílio Funeral
Vale Alimentação
Cesta de Natal
Transporte Fretado (unidades operacionais)
Vale Transporte
Previdência Privada
PPR – Participação nos Resultados
Auxílio Creche
Material Escolar
Programa Mais Viver
Vacina
Saúde Mental
Wellhub
Auxílio Autismo e Síndrome de Down
Show more Show less","['Safety Compliance', 'Data Recording', 'Drilling Operations', 'Geotechnical Interface', 'Production Compliance', 'Measurement Skills', 'Technical Knowledge', 'Team Collaboration']",Geología,2025-08-21T10:45:06,https://br.linkedin.com/jobs/view/auxiliar-de-geologia-i-at-anglogold-ashanti-brasil-4286386369,,[],2025-08-28
893801830b0fe5a5bf118d555609c1cf,rapidapi2,AUXILIAR DE GEOLOGIA I - AFIRMATIVA PARA MULHERES,AngloGold Ashanti North America,"Sabará, Minas Gerais, Brazil","A mineradora é a indústria mais longeva do país, com 190 anos de atuação, e uma das maiores produtoras de ouro do Brasil. Com cerca de 3 mil empregados diretos, as operações brasileiras estão entre as mais avançadas do mundo no campo da tecnologia de mineração, pela excelência dos equipamentos e processos utilizados e pelo desenvolvimento de soluções de engenharia foco em segurança e na prática de uma mineração responsável no subsolo.

Na AngloGold Ashanti, nosso propósito é impulsionar o desenvolvimento das pessoas e da sociedade.

Se você se identifica com os valores de Segurança, Respeito, Integridade, Excelência, Sustentabilidade e Colaboração, venha construir o futuro com a gente.

Transforme sua carreira, transforme a mineração!

Confira os detalhes dessa oportunidade: AUXILIAR DE GEOLOGIA I - AFIRMATIVA PARA MULHERES

Atuação 100% presencial em escala 4x4.

Propósito

Garantir, em conjunto com o sondador, que as atividades de perfuração de sondagem possam ser executadas com excelência.

Responsabilidades e atribuições

Segurança no Trabalho: Seguir todas as normas de segurança e procedimentos operacionais, utilizando os equipamentos de proteção individual (EPIs) adequados.
Realizar a medição de trajetória dos furos executados.
Responsável por garantir as operações de sondagem com a finalidade no cumprimento de produção preestabelecida em conformidade com as exigências legais
Fazer interface com as áreas de geotecnia, planejamento, infraestrutura de mina, operação e manutenção de equipamentos de sondagem,
Registro de Dados: Anotar e registrar (no tablet e boletim) informações relevantes durante os trabalhos.

Requisitos obrigatórios

Ensino Médio Completo.
Disponibilidade para atuação em escala 4x4.

Requisitos desejáveis

Curso técnico em geologia ou mineração.
CNH categoria B.
Experiência na área de sondagem e perfuração em mina subterrânea.

Local de trabalho: Mina de Lamego. Sabará, MG

Benefícios

Aqui, Quem Faz Nosso Presente e Futuro Conta Com Benefícios Que Cuidam Da Saúde, Bem-estar e Qualidade De Vida

Assistência Médica e Odontológica
Seguro de Vida
Auxílio Funeral
Vale Alimentação
Cesta de Natal
Transporte Fretado (unidades operacionais)
Vale Transporte
Previdência Privada
PPR – Participação nos Resultados
Auxílio Creche
Material Escolar
Programa Mais Viver
Vacina
Saúde Mental
Wellhub
Auxílio Autismo e Síndrome de Down

Inscrição e processo seletivo

Empregados(as) AGA: inscrição pela intranet (se tiver acesso) ou pelo site da empresa, marcando que já trabalha conosco.
Empregados(as) próprios(as) ou prestadores(as) de serviço: é obrigatório informar sua liderança imediata sobre a candidatura.
Nosso processo inclui: Inscrição, Triagem de currículos, Dinâmicas/Entrevistas, Avaliações técnicas e comportamentais e Exames médicos.
As comunicações são feitas por e-mail, telefone e WhatsApp. Fique atento(a)!

Diversidade, equidade e inclusão

Estamos transformando a mineração com uma cultura de equidade, inclusão e respeito. Valorizamos cada pessoa e acreditamos que a diversidade de histórias, ideias e perspectivas impulsiona nosso crescimento.

Todas as vagas são abertas a pessoas de diferentes raças, idades, identidades de gênero, orientações sexuais, pessoas com deficiência e reabilitados do INSS. Temos orgulho de iniciativas como o Programa Mulheres de Ouro, que fortalece a presença e liderança feminina em todas as áreas, contribuindo para transformar a empresa e a sociedade.

Desenvolvimento

Na AngloGold Ashanti, investimos continuamente no desenvolvimento de nossas pessoas, com foco em segurança, excelência e crescimento profissional. Oferecemos capacitações técnicas, treinamentos normativos e programas como Kaizen, Full People Potential e Zero Harm, que colocam os empregados no centro da transformação, estimulando aprendizado, inovação e desenvolvimento de competências no dia a dia.

Quer saber mais sobre a AnglodGold Ashanti?

Instagram: @anglogoldashantibr

Site: www.anglogoldashantibr

Acesse nosso site, inscreva-se e venha construir esse futuro com a gente.

#VemSerAGA #Diversidade #Mineração #Carreira #Oportunidades

A ANGLOGOLD ASHANTI

O grupo AngloGold Ashanti tem sede em Londres (Reino Unido), e atuação em nove países, com 10 operações. Empresa de capital aberto, suas ações são negociadas nas bolsas de Johannesburgo, Nova York, Austrália e Gana. No Brasil, a empresa possui minas e plantas metalúrgicas e de beneficiamento nos estados de Minas Gerais e Goiás.

Somos exemplo de cuidado ativo e de segurança, nosso primeiro valor. Trabalhamos com disciplina e excelência operacional, buscando a inovação e a melhoria contínua para manter nossas operações entre as mais avançadas no setor da mineração. O nosso trabalho é pautado na mineração responsável e no compromisso com as pessoas, com o meio ambiente e com o desenvolvimento sustentável.

Temos responsabilidade e orgulho de valorizar a multiplicidade de perspectivas e experiências que a diversidade proporciona, seja ela baseada em gênero, etnia, orientação sexual, deficiência, formação cultural, religião ou idade.

Acreditamos que podemos desenvolver, juntos, o potencial individual e coletivo.

Para saber mais sobre a AngloGold Ashanti, acesse www.anglogoldashanti.com.br. 
Show more Show less","['Safety Compliance', 'Data Recording', 'Drilling Operations', 'Geotechnical Interface', 'Production Compliance', 'Technical Knowledge', 'Team Collaboration', 'Problem Solving']",Geología,2025-08-21T03:04:49,https://br.linkedin.com/jobs/view/auxiliar-de-geologia-i-afirmativa-para-mulheres-at-anglogold-ashanti-north-america-4288725547,,[],2025-08-28
50eb57e908e2e1e36bb5829435003fcf,rapidapi2,Geologo nova lima mg,Netvagas,Brazil,"Formação Acadêmica: Concluir um curso de graduação em Geologia, que geralmente tem duração de cinco anos e abrange disciplinas como Química, Física, Biologia, Matemática e Geologia Geral. 
Regulamentação: O profissional deve registrar seu diploma no Conselho Regional de Engenharia e Agronomia (CREA) para exercer a profissão legalmente. 
Especializações: É possível optar por especializações em áreas como Geologia Ambiental, Hidrogeologia, Paleontologia, entre outras, dependendo das áreas de interesse. 
Experiência: A experiência prática em campo e laboratório é fundamental, e o geólogo deve estar sempre atualizado com as novas tecnologias e tendências da área. Esses requisitos são essenciais para quem deseja atuar na profissão de geólogo, que envolve o estudo da Terra e suas interações com o meio ambiente.
Show more Show less",,Geología,2025-08-24T16:15:51.919,https://br.linkedin.com/jobs/view/geologo-nova-lima-mg-at-netvagas-4290491168,,[],2025-08-28
e3cfb05c38696cd06ed1408553000892,rapidapi2,GEOLOGO DE PRODUCCION,Grupo Nortearido,"Antofagasta, Antofagasta Region, Chile","Company Description: GRUPO NORTEARIDO

Job Description: Empresa Minera en sector La Negra de Antogasta requiere GEOLOGO UNIVERSITARIO 5 años de estudio, titulado y minimo 3 años de experiencia para trabajar en campaña de sondaje.

Licendia de conducir clase b. 
Show more Show less","['Geology', 'Drilling', 'Surveying', 'Data Analysis', 'Fieldwork', 'Report Writing', 'Team Collaboration', 'Problem Solving']",Geología,2025-08-21T20:06:16,https://cl.linkedin.com/jobs/view/geologo-de-produccion-at-grupo-nortearido-4289353241,,[],2025-08-28
ad7af24b16562652f1a34d78a0d09d6c,rapidapi2,Geologo Senior | RySFA-03,CyD Ingeniería,"Coquimbo, Coquimbo Region, Chile","CyD Ingeniería requiere contratar para importante cliente del rubro minero a un Geologo Senior para desempeñarse en la región de Coquimbo y Atacama.

La búsqueda está orientada a profesionales con al menos 15 años de experiencia en el cargo

Contar con residencia en la región (Deseable)
Show more Show less","['Geology', 'Mining', 'Senior Level Experience']",Geología,2025-08-21T15:56:39,https://cl.linkedin.com/jobs/view/geologo-senior-rysfa-03-at-cyd-ingenier%C3%ADa-4289019895,,[],2025-08-28
6390c406702f483cf8477acd63cb5b51,rapidapi2,Geologo Senior,CyD Ingeniería,"Coquimbo Region, Chile","CyD Ingeniería requiere contratar para importante cliente del rubro minero a un Geologo Senior para desempeñarse en la región de Coquimbo y Atacama.

La búsqueda está orientada a profesionales con al menos 15 años de experiencia en el cargo
Contar con residencia en la región (Deseable)

Requisitos Mínimos:
Geologo, Geomecánico o carrera afín.
Experiencia de 15 años.
Experiencia en cargos de Jefatura.

Estudios: Universitaria
Situación Académica: Graduado.
Show more Show less","['Geology', 'Geomechanics', 'Leadership']",Geología,2025-08-21T15:41:59,https://cl.linkedin.com/jobs/view/geologo-senior-at-cyd-ingenier%C3%ADa-4289019856,,[],2025-08-28
