job_id,source,job_title,company,location,description,skills,careers_required,date_posted,url,career_tag,soft_skills_detected,extraction_date
3cc32f15bf1089e0f26e832994187148,rapidapi1,Geólogo de Proyectos,beBeegeologo,"Union, US","Descripción del Puesto

Buscamos un geólogo con experiencia en proyectos de infraestructura que realice levantamientos topográficos precisos para la obra.

Nuestro equipo de ingeniería requiere a un profesional experimentado en el manejo de equipos de topografía avanzados, incluyendo estaciones totales y tecnología Leica.
• Levantar mapas topográficos precisos para obras de infraestructura.
• Utilizar equipos de topografía para realizar trabajos de campo.
• Interpretar planos e informes técnicos.
• Collaborar con el equipo de ingeniería en obra.
• Asegurar el cumplimiento de los estándares de calidad y seguridad.

Requisitos

Para este puesto, necesitamos a alguien con sólidos conocimientos en topografía y experiencia en proyectos similares. También es importante tener habilidades en el uso de herramientas de medición y software de diseño.
• 3 - 5 años de experiencia en proyectos de infraestructura o vías.
• Conocimientos en topografía y gestión de proyectos.
• Habilidad en el uso de equipos de medición y software de diseño.

Beneficios

También ofrecemos beneficios como alojamiento en hotel durante las primeras semanas, vehículo de empresa, cobertura de gasolina y vacaciones generosas.
• Alojamiento en hotel durante las primeras semanas (si es necesario).
• Vehículo de empresa.
• Cobertura de gasolina para desplazamientos.
• Vacaciones generosas.
Las condiciones de trabajo son:
• Nocturno (10 pm - 6 am), 5 días de trabajo, 2 de descanso.

Nota: La descripción y las condiciones aquí indicadas tienen por objeto describir la naturaleza general del trabajo desarrollado por los empleados, pero no constituyen una lista completa de las responsabilidades, los deberes y la competencia general requerida por el personal.
Sobre el Cargo

El cargo es importante dentro de nuestra organización ya que se ocupa de garantizar la precisión y exactitud en nuestros proyectos de infraestructura.",[],Geología,2025-07-10T00:00:00.000Z,https://us.trabajo.org/job-3035-18549ec894cde0a9e96beba083a7ee77?utm_campaign=google_jobs_apply&utm_source=google_jobs_apply&utm_medium=organic,,[],2025-07-18
5b587c5dce054b0b6574e80967624aec,rapidapi1,Director Exploration Geoscience,Newmont Mining Corporation,"Denver, US","Workplace Type: Hybrid

Posting End Date: 25-07-31

Newmont is the world’s leading gold company and a producer of copper, silver, zinc and lead. The Company’s world-class portfolio of assets, prospects and talent is anchored in favorable mining jurisdictions in Africa, Australia, Latin America & Caribbean, North America, and Papua New Guinea. Newmont is the only gold producer listed in the S&P 500 Index and is widely recognized for its principled environmental, social and governance practices. The Company is an industry leader in value creation, supported by robust safety standards, superior execution and technical proficiency. Newmont was founded in 1921 and has been publicly traded since 1925.

At Newmont, people create the value in the metals we mine and are ambassadors in the communities where they live and work. As a team, we foster an environment in support of our people vision, where everyone belongs, thrives and is valued. We have built a diverse and inclusive workplace where our people can bring their differences to support delivering results together.

Newmont’s Corporate Headquarters are located in Denver, Colorado with roles in Engineering, IT, Finance, Accounting, Human Resources and much more.

Join us and unearth your potential in a global company that is at the forefront of shaping the future of the mining industry.

Your Impact

We’re seeking a Director, Ore System Characterization responsible for driving orebody knowledge across our global exploration portfolio. You will contribute to and help shape the foundation of Newmont’s exploration pipeline by applying leading edge geoscience to unlock value across Newmont’s exploration portfolio and help solve operational issues. You'll lead a global team of multidisciplinary subject matter experts who directly influence where and how Newmont explores, ensuring that we grow our existing assets and responsibly discover the next generation of mineral resources to meet global demand for gold and copper in a low-carbon future.

As Part of Our Team, You Will
• Lead a global team of experts to integrate, interpret, and communicate subsurface geological models using advanced data integration software.
• Set and deliver the strategic direction for ore system characterization, aligning with company goals and exploration priorities.
• Guide the development of 2D and 3D prospectivity models across scales, ensuring models are suitable for exploration targeting.
• Ensure geological models are fit-for-purpose for resource estimation and mine planning.
• Set the strategic direction for ore system characterization across the global exploration portfolio.
• Guide the development of 2D/3D geological and prospectivity models at all scales
• Collaborate with internal and external experts, including research institutions.
• Coach and develop a high-performing technical team of geoscientists.
• Translate complex geological data into clear, actionable insights.
• Support training and knowledge sharing across the organization.
• Contribute to business development and exploration planning initiatives.

Prerequisites for Your Success in This Role
• Advanced degree (Master’s or PhD) in Geology or related field, with specialization in ore genesis, mineral systems, or structural geology
• 15+ years in mining and mineral exploration, including operational and team leadership experience.
• Expertise in geological modeling software and interpretation of integrated datasets
• Strong understanding of mineral deposit value drivers and geometallurgical implications
• Registered (or eligible) with a professional geological body (e.g., PGeo)
• Strategic mindset with excellent communication, leadership, and mentoring skills
• Multilingual skills (French, Spanish, or Dutch) are a plus.

Your Work Environment
• Based in our Denver Hub, with frequent travel to Newmont mine and exploration sites.
• Collaborative, inclusive, and safety-focused technical environment
• Cross-functional partnerships with geology, engineering, sustainability, and external research groups

Why Join Newmont

At Newmont, you’ll be part of a global team committed to sustainable and ethical mining that powers progress and improves lives. You’ll lead work that sits at the core of our discovery strategy—giving you a unique opportunity to leave a legacy that shapes the future of the mining industry. We invest in cutting-edge technologies and offer unparalleled opportunities for technical growth, global collaboration, and meaningful impact.

Join us and bring your expertise to a company that values curiosity, inclusion, and a shared responsibility to protect our planet while delivering long-term value.

We understand no candidate will meet every single desired qualification. If your experience looks a little different from what we’ve identified and you think you can bring value to the role, we’d love to learn more about you!

The salary range offered for this role is USD $175,950 - $246,330. The salary range is tied to the Colorado market for jobs performed in Colorado. The salary offer to the successful candidate will be based on job-related education, training, and/or experience. The salary offer will not be based on a candidate’s salary history at other jobs, and by law, Newmont will not seek information about salary history, and candidates should not share such information with Newmont.

This role will be eligible for participation in a discretionary annual bonus program, pursuant to which an employee may be awarded a percentage of their salary based on the company’s performance and their own individual performance. This role also will be eligible for participation in a discretionary long-term incentive program, pursuant to which an employee may receive awards based on their level and individual performance.

Newmont offers a competitive and inclusive benefits package to support physical, mental, financial and emotional wellbeing. This role will be eligible for the following benefits: Medical, prescription drug, dental, and vision insurance; flexible spending accounts; health savings accounts; life and accidental death and dismemberment insurance; short and long-term disability; defined benefit pension; 401(k) program with company match; financial planning; employee assistance program (EAP); wellbeing reimbursement program; adoption assistance; tuition reimbursement; paid holidays and paid time off; paid family leave; matching gifts; and discounts on home, auto and pet insurance. All bonuses and benefits are subject to the applicable eligibility and program/plan terms and may be modified or terminated at Newmont’s sole discretion.

When submitting your resume or CV or any other application materials (including school transcripts, proof of graduation, etc.) to Newmont, it's important to focus on your relevant skills, experience, and qualifications to show how well you fit the role. Pursuant to Colorado law, you may choose to remove or redact any age-identifying information (for example, age, date of birth, dates of school attendance, dates of school graduation, etc.). You will not be penalized for redacting or removing this information. Newmont is an equal employment opportunity employer, and does not make hiring decisions based on age or any other protected characteristics (e.g., gender, sexual orientation, disability, race, national origin, religion).

Please note that if you are offered a position, the company may need to verify your date of birth for preemployment screening purposes including background check and prohibited party screening. But age-related information is not required for the application process.","['Advanced degree (Master’s or PhD) in Geology or related field, with specialization in ore genesis, mineral systems, or structural geology', '15+ years in mining and mineral exploration, including operational and team leadership experience', 'Expertise in geological modeling software and interpretation of integrated datasets', 'Strong understanding of mineral deposit value drivers and geometallurgical implications', 'Registered (or eligible) with a professional geological body (e.g., PGeo)', 'Strategic mindset with excellent communication, leadership, and mentoring skills', 'Cross-functional partnerships with geology, engineering, sustainability, and external research groups', 'Pursuant to Colorado law, you may choose to remove or redact any age-identifying information (for example, age, date of birth, dates of school attendance, dates of school graduation, etc.). You will not be penalized for redacting or removing this information', 'We’re seeking a Director, Ore System Characterization responsible for driving orebody knowledge across our global exploration portfolio', 'You will contribute to and help shape the foundation of Newmont’s exploration pipeline by applying leading edge geoscience to unlock value across Newmont’s exploration portfolio and help solve operational issues', ""You'll lead a global team of multidisciplinary subject matter experts who directly influence where and how Newmont explores, ensuring that we grow our existing assets and responsibly discover the next generation of mineral resources to meet global demand for gold and copper in a low-carbon future"", 'Lead a global team of experts to integrate, interpret, and communicate subsurface geological models using advanced data integration software', 'Set and deliver the strategic direction for ore system characterization, aligning with company goals and exploration priorities', 'Guide the development of 2D and 3D prospectivity models across scales, ensuring models are suitable for exploration targeting', 'Ensure geological models are fit-for-purpose for resource estimation and mine planning', 'Set the strategic direction for ore system characterization across the global exploration portfolio', 'Guide the development of 2D/3D geological and prospectivity models at all scales', 'Collaborate with internal and external experts, including research institutions', 'Coach and develop a high-performing technical team of geoscientists', 'Translate complex geological data into clear, actionable insights', 'Support training and knowledge sharing across the organization', 'Contribute to business development and exploration planning initiatives', 'Based in our Denver Hub, with frequent travel to Newmont mine and exploration sites', 'Collaborative, inclusive, and safety-focused technical environment']",Geología,2025-07-16T00:00:00.000Z,https://jobs.newmont.com/es/es/job/39237/Director-Exploration-Geoscience?utm_campaign=google_jobs_apply&utm_source=google_jobs_apply&utm_medium=organic,,[],2025-07-18
0e93e32ce617179d98c7a3e0d5ac7759,rapidapi1,Titulado/a Superior en Geología,Tragsatec,"Oviedo, US","Empresa:
Tragsatec
Proyectos:
- Tragsatec precisa incorporar a un/a Titulado/a Superior en Geología para prestar apoyo a un nuevo encargo de Digitalización.
Ubicaciones geográficas:
- Oficina situada en Oviedo, con desplazamientos en el ámbito territorial de las Cuencas Cantábricas
Funciones:
- Vigilancia y Seguimiento Ambiental de actuaciones en cauces
Modelización hidrológica
Tipo de jornada:
Tiempo Completo
Titulación requerida:
- Licenciado/a en Geología
Estudios complementarios:
- REQUISITOS:
- Formación requerida: Titulación Universitaria Superior (nível MECES 3) en Geología (licenciatura o máster oficial).
MÉRITOS
Se valorará poseer formación complementaria en:
- Modelamiento hidrológico con HEC-HMS y Geo-HMS (cursos superiores a 50 horas)
Experiência previa requerida:
- MÉRITOS
Se valorará poseer experiência previa en:
- trabajos relativos a la elaboración de mapas de peligrosidad y riesgo de inundación.
- supervisión de campañas geotécnicas y redacción de estudios geotécnicos.
Carnet de conducir:
- Tipo: B Imprescindible; Coche Propio: Valorable
Observaciones:
- SE OFRECE:
- Contrato de duración determinada con una duración estimada de 24 meses, asociado a la ejecución del encargo detallado en la publicación para el plan de Recuperación, Transformación y Resilencia o con financiación que provenga de Fondos de la Unión Europea.
- Jornada completa
- Salario según convenio
- Incorporación inmediata
Para poder participar en este proceso de selección será necesario adjuntar como anexo a la solicitud, o bien durante el trascurso del proceso de selección, la documentación acreditativa del cumplimiento de los requisitos de formación académica detallados en la oferta. La incorrecta acreditación de los documentos solicitados o la falsedad en lo indicado, supondrá la exclusión inmediata del proceso.
En caso de títulos obtenidos en universidades y/o centros extranjeros, se requiere que el mismo esté homologado en España debiendo adjuntar como Anexo a la solicitud la correspondiente documentación justificativa.
La inscripción y presentación de su solicitud de empleo supone la declaración responsable del cumplimiento de los requisitos recogidos en la misma, así como la veracidad de sus respuestas a las preguntas de filtrado o killer questions, que respondan en relación a la misma, pudiendo ser rechazados en caso de que se compruebe su incumplimiento o falta de veracidad.
Si la persona que resulte seleccionada en este proceso mantiene una relación laboral vigente en la empresa, la suscripción del nuevo contrato conlleva la inexistencia de reserva de su actual puesto de trabajo, debiendo realizar previamente, los trámites legales oportunos.
Cualquier contratación temporal resultante de este proceso de selección garantizará por parte del Grupo Tragsa la operatividad y el mantenimiento de los proyectos/servicios, así como, el cumplimiento de la normativa interna y la legislación laboral vigente.",[],Geología,2025-07-15T00:00:00.000Z,https://www.recruit.net/job/titulado-superior-en-geologia-jobs/7A83DC08E8F72EA0?utm_campaign=google_jobs_apply&utm_source=google_jobs_apply&utm_medium=organic,,[],2025-07-18
a1044b20784fb2df20f0c10a2ba98ca5,rapidapi1,Ingeniero Geólogo Mina San Luis Potosí,beBeegeologo,"Boston, US","Geólogo

Buscamos a un profesional apasionado por la geología para desempeñar el cargo de geólogo en una mina en México. Este individuo estará a cargo de garantizar la generación de información geológica de alta calidad, cumpliendo con los estándares establecidos y apoyando al departamento de planificación.

Responsabilidades principales:
• Generar información geológica relevante y precisa.
• Asegurar que la información sea compartida con los departamentos interesados.
• Controlar y asegurar el seguimiento a los planes y estrategias de exploración.
• Mantener una supervisión constante sobre el control de mineral en interior y superficie.
• Crear reportes diarios, semanales y mensuales.
• Seguir proyectos asignados y sistemas de gestión.

Requisitos:
• Título académico en ingeniería en geología.
• 3 años de experiencia en posiciones similares.

Conocimientos y habilidades:
• Especialización en mapeo geológico estructural en interior y superficie.
• Manejo y control de Ore Control.
• Gestión de capital humano.
• Control de muestreo.
• Gestión de programas de barrenación.
• Conocimientos de AutoCAD.

Aptitudes valoradas:
• Desarrollo de competencias y equipo.
• Fomento de colaboración e inclusión.
• Enfocamiento en resultados.
• Proporcionar visión y dirección.

En nuestra empresa, creemos en el potencial de cada individuo y nos esforzamos por crear un entorno de trabajo inclusivo y equitativo. Si eres alguien apasionado por la geología y buscas un desafío emocionante, te invitamos a considerar esta oportunidad.",[],Geología,2025-07-11T00:00:00.000Z,https://us.trabajo.org/job-3035-3e6031b058f46faf55de69ca5b7e1f72?utm_campaign=google_jobs_apply&utm_source=google_jobs_apply&utm_medium=organic,,[],2025-07-18
99a729d7ed431470ec9967d8bd343768,rapidapi1,Desarrollador Geológico,beBeeGeólogo,"Boston, US","Desarrollador Geológico

Buscamos un profesional con experiencia en geología para trabajar en una mina en México. Su principal responsabilidad será generar información geológica de alta calidad para la planeación de corto, mediano y largo plazo. Además, deberá asegurarse de que el flujo de información geológica hacia los departamentos interesados sea constante.
Responsabilidades principales:
• Generar informes geológicos precisos y completos.
• Asegurar la calidad de la información geológica generada.
• Mantener relaciones estrechas con los departamentos interesados.
Requisitos:
• Título académico en geología o campo relacionado.
• Experiencia laboral en geología (3 años mínimo).
Conocimientos/ Experiencia:
• Mapeo geológico estructural.
• Manejo de software de diseño asistido por computadora.
Aptitudes deseadas:
• Fomentar la colaboración e inclusión dentro del equipo.
• Se proveedor de visión y dirección.

Deseable reubicación: La empresa no cubrirá gastos de reubicación nacional/internacional.",[],Geología,2025-07-09T00:00:00.000Z,https://us.bebee.com/job/edb9eb9414008469eb01373d7ac41757?utm_campaign=google_jobs_apply&utm_source=google_jobs_apply&utm_medium=organic,,[],2025-07-18
e21ea3824f91168adc0be201679daa17,rapidapi1,Geologo,SPERI,"Rome, US","SPERI , società di ingegneria e architettura, è alla ricerca di un geologo da inserire nel Dipartimento di Geologia, Ambiente e Territorio.

Crediamo fermamente che l’innovazione e la sostenibilità siano il motore che alimenta il progresso e ci impegniamo a portare avanti questi valori, in linea con le esigenze di un mercato in costante evoluzione. Puntiamo fortemente nella multidisciplinarietà e nella produzione in-house, quali strumenti chiave per l’individuazione di soluzione ottimali e per la crescita professionale.

In SPERI guardiamo al futuro con ottimismo, determinati a perseguire l’obiettivo di crescita senza perdere di vista i valori fondamentali della qualità e della responsabilità, per questo ci impegniamo ad attrarre giovani talenti da diverse regioni del Paese, offrendo un ambiente inclusivo e dinamico, che permetta a tutti i collaboratori di percorrere un percorso di crescita professionale coinvolgendoli attivamente nella vita aziendale.

La risorsa sarà parte attiva della crescita del nostro team e avrà l’opportunità di collaborare in un contesto giovane e dinamico e sarà coinvolto in attività riguardanti:
• Analisi Rischi Ambientali
• Studi e Monitoraggi Ambientali
• Gestione Rifiuti
• Gestione Terre e Rocce da scavo

Requisiti di base richiesti:
• Laurea magistrale in Scienze e tecnologie geologiche con specializzazione in geologia applicata
• Conoscenza ed esperienza operativa in ambiente GIS/Autocad
• Diponibilità a trasferte presso altre sedi e cantieri su territorio italiano

Sede di lavoro: Roma

Inquadramento e tipo di contratto: l’azienda è interessata ad inserire la risorsa all’interno dello staff tecnico con un contratto a P.IVA.

La tipologia di inserimento e la retribuzione saranno legate al grado di esperienza e alle effettive capacità del candidato. Previsti bonus in relazione agli obietti raggiunti ed all’impegno profuso.

L’offerta di lavoro si intende rivolta all’uno e all’altro sesso in ottemperanza al D.Lgs. 198/2006

Per supportare il processo di selezione, i curriculum potrebbero essere trattati con strumenti di intelligenza artificiale, nel rispetto del GDPR e del D.Lgs. 101/2018.",[],Geología,2025-07-15T00:00:00.000Z,https://www.recruit.net/job/geologo-jobs/10C2F644AB72FF82?utm_campaign=google_jobs_apply&utm_source=google_jobs_apply&utm_medium=organic,,[],2025-07-18
592001451df792bd501a36c0a4a263e8,rapidapi1,Licenciatura o Grado + Máster Oficial en Geología,Tragsatec,"Granada, US","Nº de puestos:
- 1- Empresa:
- Tragsatec- Proyectos:
- Tecnologías y Servicios Agrarios, S.A., S.M.E., M.P. (TRAGSATEC) precisa incorporar un/a Graduado/a + Máster Oficial y/o Licenciado/a en Geología para prestar apoyo en Granada.
- Ubicaciones geográficas:
- Guadix (Granada)
- Funciones:
- Trabajos relativos fundamentalmente a los aspectos geológicos para la asistencia en la elaboración y preparación de la documentación e informes, organización de actuaciones y participación de eventos, para la implantación, dotación, funcionamiento y mantenimiento del Geoparque de Granada:
- Apoyo a la elaboración y preparación de la documentación necesaria para la superación de las auditorias de la UNESCO para la acreditación del Geoparque.
- Apoyo a la elaboración de documentación de información del desarrollo de la acreditación al Geoparque.
- Apoyo a la asistencia a los congresos y reuniones anuales de la RED EUROPEA de GEOPARQUES.
- Apoyo a la asistencia a las reuniones anuales del foro español de GEOPARQUES, y Comité Nacional de GEOPARQUES.
- Propuestas de actuación dirigidas a la conservación, estudio y divulgación de los lugares de interés geológico y otros elementos patrimoniales relevantes.
- Impulso y participación en proyectos de investigación relacionados con la geología de la zona y con elementos patrimoniales de interés en el territorio (trabajos fin de master, tesis doctorales, etc., visitas universitarias ).
- Colaboración para la organización de congresos y jornadas sobre temáticas relacionadas con el Geoparque.
- Diseño de contenidos científico-técnicos para diferentes soportes. Elaboración de mapas, gráficos y diseño de materiales.
- Representación científica del Geoparque en diferentes eventos y actividades relacionadas con el patrimonio geológico y geomorfológico en el que se basa el Geoparque de Granada, y ante diferentes instituciones públicas y privadas vinculadas en el mismo.
- Funciones de acompañamiento de visitas de campo, guía e interpretación para diferentes públicos objetivo.
- Tipo de jornada:
- Tiempo Completo- Titulación requerida:
- Máster Universitario en Geología
- Licenciado/a en Geología
- Requisitos (obligatorios):
- Licenciatura o Grado + Máster Oficial en Geología
- Méritos (valorables):
- Experiência demostrable del Geoparque de Granada y sus lugares de interés geológico
- Estar en posesión del certificado de aptitud pedagógica y experiência docente
- Experiência demostrable en comunicación del patrimonio geológico, natural y cultural
- Título B1 de Inglés acreditado
- Conocimientos acreditados Paquete Office, Adobe Photoshop y Adobe Ilustrator
- Carné de conducir:
- Tipo: B Imprescindible; Coche Propio: Valorable
- Observaciones:
- Se ofrece:
- Contrato de duración determinada estimada de 6 meses con posibilidad de prórroga por otros 6 meses, si procede.
- Jornada completa
Para poder participar en este proceso de selección será necesario adjuntar como anexo a la
solicitud, o bien durante el trascurso del proceso de selección, la documentación acreditativa del
cumplimiento de los requisitos de formación académica detallados en la oferta.
La incorrecta acreditación de los documentos solicitados o la falsedad en lo indicado, supondrá la exclusión
inmediata del proceso.
En caso de títulos obtenidos en universidades y/o centros extranjeros, se requiere que el mismo
esté homologado en España debiendo adjuntar como Anexo a la solicitud la correspondiente
documentación justificativa.
Con el objeto de dar cumplimiento de la Norma RRH.09 para el Fomento de la incorporación de
personas con discapacidad en el Grupo Tragsa, a igualdad de condiciones, se priorizarán las
igual o superior al 33%, siempre y cuando la discapacidad sea compatible con el adecuado
desempeño del puesto.
La inscripción y presentación de su solicitud de empleo supone la declaración responsable del
cumplimiento de los requisitos recogidos en la misma, así como la veracidad de sus respuestas a
las preguntas de filtrado o killer questions, que respondan en relación a la misma, pudiendo ser
rechazados en caso de que se compruebe su incumplimiento o falta de veracidad.
Si la persona que resulte seleccionada en este proceso mantiene una relación laboral vigente en la
empresa, la suscripción del nuevo contrato conlleva la inexistencia de reserva de su actual puesto
de trabajo, debiendo realizar previamente, los trámites legales oportunos.
duración determinada con una duración que variará en función del hecho causante.
Cualquier contratación temporal resultante de este proceso de selección garantizará por parte del
Grupo Tragsa la operatividad y el mantenimiento de los proyectos/servicios, así como, el
cumplimiento de la normativa interna y la legislación laboral vigente.",[],Geología,2025-07-15T00:00:00.000Z,https://www.recruit.net/job/licenciatura-o-grado-master-oficial-jobs/012AD6B56B703FCE?utm_campaign=google_jobs_apply&utm_source=google_jobs_apply&utm_medium=organic,,[],2025-07-18
73c51763138323c91a691ade3160145b,rapidapi1,Geologo/geofisico Cercasi,SPERI,"None, US","SPERI , società di ingegneria e architettura, è alla ricerca di un geologo da inserire nel Dipartimento di Geologia, Ambiente e Territorio.
Crediamo fermamente che l'innovazione e la sostenibilità siano il motore che alimenta il progresso e ci impegniamo a portare avanti questi valori, in linea con le esigenze di un mercato in costante evoluzione. Puntiamo fortemente nella multidisciplinarietà e nella produzione in-house, quali strumenti chiave per l'individuazione di soluzione ottimali e per la crescita professionale.
In SPERI guardiamo al futuro con ottimismo, determinati a perseguire l'obiettivo di crescita senza perdere di vista i valori fondamentali della qualità e della responsabilità, per questo ci impegniamo ad attrarre giovani talenti da diverse regioni del Paese, offrendo un ambiente inclusivo e dinamico, che permetta a tutti i collaboratori di percorrere un percorso di crescita professionale coinvolgendoli attivamente nella vita aziendale.
La risorsa sarà parte attiva della crescita del nostro team e avrà l'opportunità di collaborare in un contesto giovane e dinamico e sarà coinvolto in attività riguardanti:
Analisi Rischi Ambientali
Studi e Monitoraggi Ambientali
Gestione Rifiuti
Gestione Terre e Rocce da scavo
Laurea magistrale in Scienze e tecnologie geologiche con specializzazione in geologia applicata
Conoscenza ed esperienza operativa in ambiente GIS/Autocad
Diponibilità a trasferte presso altre sedi e cantieri su territorio italiano
Roma
Inquadramento e tipo di contratto: l'azienda è interessata ad inserire la risorsa all'interno dello staff tecnico con un contratto a P.Per supportare il processo di selezione, i curriculum potrebbero essere trattati con strumenti di intelligenza artificiale, nel rispetto del GDPR e del D.",[],Geología,2025-07-16T00:00:00.000Z,https://www.recruit.net/job/geologo-geofisico-cercasi-jobs/85658B670EC275CB?utm_campaign=google_jobs_apply&utm_source=google_jobs_apply&utm_medium=organic,,[],2025-07-18
