job_id,source,job_title,company,location,description,skills,careers_required,date_posted,url,career_tag,soft_skills_detected,extraction_date
98e729b725ce42c0e36a2632a00e0f06,rapidapi1,Ingeniero De Inteligencia Artificial De Búsqueda Híbrida 9/6/2025,Whatjobs,"None, US","Desarrollador de Inteligencia ArtificialEn este rol, desarrollarás algoritmos avanzados para mejorar los procesos y decisiones comerciales principales. Será fundamental trabajar en un equipo de ingenieros de datos y científicos de datos con un sólido enfoque de ingeniería.Descripción del Puesto:
Tu objetivo principal será desarrollar mejoras en los modelos léxicos y semánticos utilizados en la búsqueda híbrida para optimizar el rendimiento en todos los idiomas mediante técnicas de visión por computadora y de procesamiento de lenguaje natural (NLP). Además, aplicarás modelos de personalización en los resultados de búsqueda para ofrecer una experiencia única para cada usuario.Responsabilidades Principales:
- Desarrollar algoritmos avanzados de aprendizaje automático e inteligencia artificial.- Trabajando con un sólido enfoque de ingeniería (por ejemplo, integración continua, automatización de pruebas, etc.).- Utilizando Spark para escalar tus modelos y aprovechar las herramientas de MLOps para desplegarlos en producción.Habilidades y Experiencia Requeridas:
- Al menos 4 años de experiencia como Data Scientist.- Grado o Máster en Ciencias de Datos, Inteligencia artificial, Informática, Matemáticas, u otros campos cuantitativos.- Al menos 4 años de experiencia desarrollando en Python, u otro lenguaje orientado a objetos.- Experiencia desarrollando en PySpark para procesar grandes volúmenes de información de manera eficiente.- Experiencia desarrollando técnicas de Procesamiento de Lenguaje Natural (NLP), incluyendo el uso de modelos de lenguaje, análisis semántico y clasificación de texto.Ventajas del Empleo:
- Incorporación inmediata con contrato indefinido.- Ofrecemos horario flexible.- Posibilidad de teletrabajo en un 50%.- Descuentos en nuestras líneas.- Formación a nivel técnico en plataformas como O'Reilly, entre otras.- Política de referidos.- Transporte gratuito desde Barcelona y el Vallès.- Servicio de fisioterapia y sala de fitness.- Workshops y reuniones de equipo.- Paquete de retribución flexible con ventajas fiscales.- Servicio de comedor y cocina.- Servicio médico propio.Acerca de Nuestro Equipo:
Nuestra empresa es líder en el sector de la moda, dinámica, en plena innovación y concienciada con la sostenibilidad.Acerca de Ti:
Si te interesa este puesto, estamos ansiosos por recibir tu candidatura.¡No dudes en contactarnos!",[],[],,https://www.recruit.net/job/ingeniero-de-inteligencia-artificial-de-jobs/47DF50CE13AA48D0?utm_campaign=google_jobs_apply&utm_source=google_jobs_apply&utm_medium=organic,,[],2025-06-11
c6ad4ea50643a68b2737666570e71897,rapidapi1,Docente Contratado Doctor – Máster en Inteligencia Artificial,UTAMED | La Universidad Online del Siglo XXI,"None, None","Buscamos un/a Docente Contratado Doctor – Máster en Inteligencia Artificial
En UTAMED, la universidad online del siglo XXI, seguimos incorporando talento docente que nos ayude a ofrecer una formación avanzada, especializada y alineada con los retos tecnológicos y éticos del presente. Abrimos proceso de selección para incorporar un/a Profesor/a Contratado Doctor que imparta docencia en el Máster en Inteligencia Artificial, con una sólida base académica y una visión actualizada del impacto de la IA en la sociedad y en la empresa.
¿Quiénes somos?
UTAMED es una universidad a distancia con un espíritu innovador, inquieto y curioso. Nos adaptamos a los cambios en la educación y en la sociedad, comprendiendo que la búsqueda del conocimiento es un proceso dinámico y en constante evolución. Nuestra misión es ofrecer programas académicos alineados con las exigencias del mundo actual, promoviendo un aprendizaje que potencie el desarrollo personal y profesional. Formamos a los profesionales que el mercado necesita, enfocándonos en las habilidades, destrezas y competencias más valoradas por empresas e instituciones.
¿A quién buscamos?
Un/a profesional con título de Doctor/a y acreditación como Contratado Doctor por ANECA, con experiencia docente en áreas vinculadas a la Inteligencia Artificial, el aprendizaje automático, la ciencia de datos o disciplinas afines. Buscamos una persona apasionada por la docencia, capaz de transmitir conocimientos complejos de forma clara y aplicable, y con interés en los debates éticos y transformadores que implica el desarrollo tecnológico actual.
Requisitos clave:
Doctorado finalizado. Acreditación como Contratado Doctor por ANECA (imprescindible). Experiencia docente universitaria, preferiblemente online. Experiencia en áreas como: Inteligencia Artificial Machine Learning Big Data Robótica Computación Cognitiva Manejo de plataformas de aprendizaje virtual y herramientas digitales.
¿Qué harás en UTAMED?
Impartir docencia en el Máster en Inteligencia Artificial. Diseñar, actualizar y dinamizar contenidos teórico-prácticos. Acompañar al alumnado en su desarrollo profesional y tecnológico. Fomentar el pensamiento crítico y el enfoque ético en torno a la IA. Colaborar en el diseño y mejora continua del programa formativo.
Nos encantará si además...
Has participado en proyectos de investigación relacionados con IA o tecnología educativa. Te interesa la ética digital, el impacto social de la tecnología o la innovación docente. Tienes experiencia combinando el ámbito académico con el sector profesional.
¿Preparado/a para formar parte del cambio?
Si te apasiona la Inteligencia Artificial, la docencia y formar parte de un proyecto con visión de futuro, esta es tu oportunidad.
Envíanos tu candidatura y súmate al proyecto UTAMED.",[],[],,https://www.recruit.net/job/docente-contratado-doctor-master-en-jobs/2D89CF7756C580DE?utm_campaign=google_jobs_apply&utm_source=google_jobs_apply&utm_medium=organic,,[],2025-06-11
8568b90dd232e20e03bcdc67daa1ea70,rapidapi1,Executive AI Advisor,Oracle,"Des Moines, US","**Job Description**
• *¡Usted y Oracle!**

Oracle se encuentra en uno de los momentos más entusiasmantes de su historia! Dotada de una base instalada de más de 400.000 clientes, que incluye las organizaciones más exitosas del mundo y equipada con soluciones líderes en Inteligencia Artificial (IA), IaaS, PaaS y SaaS, Oracle apoya a sus clientes para que aproveche los beneficios innovadores de la IA para enfrentar los desafíos de hoy y aprovechar las oportunidades de mañana.

En los últimos años, algunas de las mayores empresas líderes en IA, como NVIDIA, Uber, xAI, Character AI, MOSAIC ML (ahora Databricks), Zoom, o Microsoft (para sus servicios de Bing), OpenAI, Meta han seleccionado las soluciones de IA de Oracle para proporcionar servicios innovadores a sus clientes.

Construimos un equipo de creadores, innovadores, emprendedores y líderes para desbloquear posibilidades infinitas para nuestros clientes y socios con el poder de OCI. Ahora estamos buscando un (a) Ejecutivo (a) de Cuentas para Cloud para adquirir a gran escala nuevos clientes de IA en todo Latinoamerica.
• *Descripción**

En este puesto, usted jugará un papel crucial en la identificación, desarrollo y adquisición de nuevos clientes empresariales de IA en Latinoamerica. Estas compañías están cambiando el mundo utilizando la Inteligencia Artificial para resolver problemas complejos.
• *Roles & Responsibilities**

+ Desarrollo de negocios - Identificar el potencial de negocios en IA en el territorio y construir una estrategia de Go-to-Market (GTM) para generar nuevo pipeline,

+ Establecer relaciones con los posibles clientes Oracle, a menudo con su C-Level, enfocándose en la satisfacción del cliente y, por tanto, en el crecimiento del consumo y la renovación de contratos;

+ Desarrollar y ejecutar un plan continuo de generación de nuevos negocios, enfocado en productos y soluciones de Inteligencia Artificial;

+ Gestionar a los partners de IA que operan en el territorio;

+ Coordinar y trabajar con los equipos relevantes para la atención al cliente final (p. ej.: arquitectura, ingeniería, operaciones, postventa, finanzas, otros ejecutivos de cuentas, etc);

+ Desarrollar estrategias a corto, medio y largo plazo en los principales clientes;

+ Informar, influir e contribuir al trabajo de otros colegas relacionados con GenAI en Oracle, incluyendo equipos de ventas, marketing, desarrollo de negocios, arquitectura e ingeniería de productos, contribuyendo al desarrollo de nuestra estrategia de GenAI.

+ Producir contenido, storytelling de GenAI, conducir workshops y eventos para el ecossistema. Actuará como evangelista y especialista en el asunto de GenAI dentro de Oracle y externamente.

+ Lanzar y ejecutar nuevas iniciativas y programas para satisfacer las necesidades de sus clientes con proyectos relacionados con GenAI.
• *REQUISITOS Y HABILIDADES NECESARIAS**

+ Experiencia de 10 años vendiendo plataformas tecnológicas e infraestructuras de soluciones en un proveedor de nube,

+ Conocimientos sólidos en machine learning, deep learning, Gen IA, GPU y servicios de IA en clientes es requisito,

+ Experiencia en el trato a C-level y en la construcción de relaciones a largo plazo,

+ Historial comprobado de éxito en proyectos grandes de datos y nube de IA con entregas exitosas,

+ Excelentes habilidades escritas, de presentación y comunicación.

+ Entendimiento profundo del panorama de la IA, incluyendo en ISV, jugadores líderes en IA y empresas de consultoría.

+ Disponibilidad para viajar el 50% del tiempo;

+ Inglés y Español avanzados;
• *REQUISITOS Y HABILIDADES DESEABLES**

+ Experiencia en ventas en tecnología y/o soluciones similares;

+ Conocimiento técnico de soluciones de Nube;

+ Conocimiento de tecnologías disruptivas: Data, AI, GenAI, etc.

Disclaimer:
• *Certain US customer or client-facing roles may be required to comply with applicable requirements, such as immunization and occupational health mandates.**
• *Range and benefit information provided in this posting are specific to the stated locations only**

US: Hiring Range in USD from: $106,700 to $207,300 per annum. May be eligible for equity. Eligible for commission with an estimated pay mix of 60/40 - 70/30.

Oracle maintains broad salary ranges for its roles in order to account for variations in knowledge, skills, experience, market conditions and locations, as well as reflect Oracle's differing products, industries and lines of business.

Candidates are typically placed into the range based on the preceding factors as well as internal peer equity.

Oracle US offers a comprehensive benefits package which includes the following:

1. Medical, dental, and vision insurance, including expert medical opinion

2. Short term disability and long term disability

3. Life insurance and AD&D

4. Supplemental life insurance (Employee/Spouse/Child)

5. Health care and dependent care Flexible Spending Accounts

6. Pre-tax commuter and parking benefits

7. 401(k) Savings and Investment Plan with company match

8. Paid time off: Flexible Vacation is provided to all eligible employees assigned to a salaried (non-overtime eligible) position. Accrued Vacation is provided to all other employees eligible for vacation benefits. For employees working at least 35 hours per week, the vacation accrual rate is 13 days annually for the first three years of employment and 18 days annually for subsequent years of employment. Vacation accrual is prorated for employees working between 20 and 34 hours per week. Employees working fewer than 20 hours per week are not eligible for vacation.

9. 11 paid holidays

10. Paid sick leave: 72 hours of paid sick leave upon date of hire. Refreshes each calendar year. Unused balance will carry over each year up to a maximum cap of 112 hours.

11. Paid parental leave

12. Adoption assistance

13. Employee Stock Purchase Plan

14. Financial planning and group legal

15. Voluntary benefits including auto, homeowner and pet insurance

The role will generally accept applications for at least three calendar days from the posting date or as long as the job remains posted.

Career Level - IC5
• *About Us**

As a world leader in cloud solutions, Oracle uses tomorrow's technology to tackle today's challenges. We've partnered with industry-leaders in almost every sector-and continue to thrive after 40+ years of change by operating with integrity.

We know that true innovation starts when everyone is empowered to contribute. That's why we're committed to growing an inclusive workforce that promotes opportunities for all.

Oracle careers open the door to global opportunities where work-life balance flourishes. We offer competitive benefits based on parity and consistency and support our people with flexible medical, life insurance, and retirement options. We also encourage employees to give back to their communities through our volunteer programs.

We're committed to including people with disabilities at all stages of the employment process. If you require accessibility assistance or accommodation for a disability at any point, let us know by emailing accommodation-request_mb@oracle.com or by calling +1 888 404 2494 in the United States.

Oracle is an Equal Employment Opportunity Employer. All qualified applicants will receive consideration for employment without regard to race, color, religion, sex, national origin, sexual orientation, gender identity, disability and protected veterans' status, or any other characteristic protected by law. Oracle will consider for employment qualified applicants with arrest and conviction records pursuant to applicable law.",[],[],,https://www.jobget.com/jobs/job/f1827d5b-af56-4d7d-b480-a7609893c275?utm_campaign=google_jobs_apply&utm_source=google_jobs_apply&utm_medium=organic,,[],2025-06-11
50bf788d66d29ed44914f1c716f1d2a1,rapidapi1,Matemático Aplicado,Outlier,"Grand Forks, US","Outlier ayuda a las empresas más innovadoras del mundo a mejorar sus modelos de IA proporcionando comentarios humanos. Es usted un experto en matemáticas y le gustaría aportar su experiencia para entrenar modelos de IA?

Sobre la oportunidad:
• Outlier busca un experto en matemáticas con talento para ayudar a entrenar modelos de inteligencia artificial generativa
• Esta oportunidad independiente es remota y los horarios son flexibles, por lo que puede trabajar cuando sea mejor para usted.

Puede contribuir con su experiencia al
• Evaluación de la factualidad y relevancia del texto de un dominio específico producido por modelos de IA
• Elaborar y responder preguntas relacionadas con las matemáticas.
• Evaluación y clasificación de respuestas de dominios específicos generadas por modelos de IA

Ejemplos de experiencia deseable:
• Una licenciatura o título superior en Matemáticas o una materia relacionada.
• Experiencia trabajando como profesional de las Matemáticas.
• Capacidad para escribir claramente sobre conceptos relacionados con las matemáticas en inglés y español con fluidez.

Pago:
• Actualmente, las tarifas salariales para el trabajo de proyectos básicos de los expertos en matemáticas son de hasta $30 - 50 por hora.
• Las tarifas varían según la experiencia, la evaluación de habilidades, la ubicación, la necesidad del proyecto y otros factores. Por ejemplo, se pueden ofrecer tarifas más altas a los doctores. Para trabajos no básicos, como durante la incorporación inicial del proyecto o las fases de horas extras del proyecto, se pueden aplicar tarifas más bajas. Ciertos proyectos ofrecen pagos de incentivos. Revise las condiciones de pago para cada proyecto.

PLEASE NOTE: We collect, retain and use personal data for our professional business purposes, including notifying you of opportunities that may be of interest and sharing with our affiliates. We limit the personal data we collect to that which we believe is appropriate and necessary to manage applicants' needs, provide our services, and comply with applicable laws. Any information we collect in connection with your application will be treated in accordance with the Outlier Privacy Policy and our internal policies and programs designed to protect personal data.

This is a 1099 contract opportunity on the Outlier.ai platform. Because this is a freelance opportunity, we do not offer internships, sponsorship, or employment. You must be authorized to work in your country of residence. If you are an international student, you may be able to sign up for Outlier if you are on a visa. You should contact your tax and/or immigration advisor with specific questions regarding your circumstances.",[],[],,https://talents.vaia.com/companies/outlier/matematico-aplicado-1246897/?utm_campaign=google_jobs_apply&utm_source=google_jobs_apply&utm_medium=organic,,[],2025-06-11
1d879d63b6e31c00e90fa303413b8667,rapidapi1,Matemático Aplicado,Outlier,"Jacksonville, US","Outlier ayuda a las empresas más innovadoras del mundo a mejorar sus modelos de IA proporcionando comentarios humanos. ¿Es usted un experto en matemáticas y le gustaría aportar su experiencia para entrenar modelos de IA?

Sobre la oportunidad:
• Outlier busca un experto en matemáticas con talento para ayudar a entrenar modelos de inteligencia artificial generativa
• Esta oportunidad independiente es remota y los horarios son flexibles, por lo que puede trabajar cuando sea mejor para usted.

Puede contribuir con su experiencia al...
• Evaluación de la factualidad y relevancia del texto de un dominio específico producido por modelos de IA
• Elaborar y responder preguntas relacionadas con las matemáticas.
• Evaluación y clasificación de respuestas de dominios específicos generadas por modelos de IA

Ejemplos de experiencia deseable:
• Una licenciatura o título superior en Matemáticas o una materia relacionada.
• Experiencia trabajando como profesional de las Matemáticas.
• Capacidad para escribir claramente sobre conceptos relacionados con las matemáticas en inglés y español con fluidez.

Pago:
• Actualmente, las tarifas salariales para el trabajo de proyectos básicos de los expertos en matemáticas son de hasta $30 - 50 por hora.
• Las tarifas varían según la experiencia, la evaluación de habilidades, la ubicación, la necesidad del proyecto y otros factores. Por ejemplo, se pueden ofrecer tarifas más altas a los doctores. Para trabajos no básicos, como durante la incorporación inicial del proyecto o las fases de horas extras del proyecto, se pueden aplicar tarifas más bajas. Ciertos proyectos ofrecen pagos de incentivos. Revise las condiciones de pago para cada proyecto.

PLEASE NOTE: We collect, retain and use personal data for our professional business purposes, including notifying you of opportunities that may be of interest and sharing with our affiliates. We limit the personal data we collect to that which we believe is appropriate and necessary to manage applicants’ needs, provide our services, and comply with applicable laws. Any information we collect in connection with your application will be treated in accordance with the Outlier Privacy Policy and our internal policies and programs designed to protect personal data.

This is a 1099 contract opportunity on the Outlier.ai platform. Because this is a freelance opportunity, we do not offer internships, sponsorship, or employment. You must be authorized to work in your country of residence. If you are an international student, you may be able to sign up for Outlier if you are on a visa. You should contact your tax and/or immigration advisor with specific questions regarding your circumstances.",[],[],,https://talents.vaia.com/companies/outlier/matematico-aplicado-696229/?utm_campaign=google_jobs_apply&utm_source=google_jobs_apply&utm_medium=organic,,[],2025-06-11
14fecdffb61ee197b9eb3b80d873cffd,rapidapi1,Ingeniero / a de Inteligencia Artificial con inglés,Sopra Steria Group,"Campo, US","Ingeniero / a de Inteligencia Artificial con inglés

Porque trabajar en Sopra Steria, también es sentir Sopra Steria .

Somos un reconocido líder europeo en consultoría, servicios digitales y desarrollo de software, con cerca de 56.000 empleados en casi 30 países y más de 4.000 en España.

Nos enfocamos en las personas, en su formación y desarrollo profesional, lo que nos impulsa a crecer y mejorar constantemente.

Tenemos pasión por lo digital y al igual que tú, buscamos la mejor de las aventuras. Queremos que tu día a día se convierta en la mejor de tus inspiraciones. Que aprendas, aportes, te diviertas, crezcas y que, sobre todo, disfrutes al máximo.

Si quieres formar parte de un equipo “ Great Place to Work ”, ¡Sigue leyendo!

Estamos buscando un / a profesional con dilatada experiencia como Ingeniero / a de Inteligencia Artificial con inglés para participar en el ciclo de vida completo del aprendizaje automático, incluyendo la preparación de datos, el desarrollo de modelos, la validación, la implementación, la monitorización y el reentrenamiento, utilizando herramientas modernas de orquestación y CI / CD.

Un enfoque clave de este puesto incluye el avance de las capacidades de la organización en el procesamiento del lenguaje natural (PLN) y la IA generativa, como el desarrollo y ajuste de chatbots basados en modelos de lenguaje grandes, la implementación de canales de clasificación y extracción de texto, y la garantía de que los modelos lingüísticos se alineen con los objetivos comerciales y los requisitos de cumplimiento. Entre las funciones del día a día se encuentran...
• Diseñar e implementar flujos de trabajo, algoritmos y soluciones de IA y PLN basados en aprendizaje automático y profundo, alineados con las necesidades del negocio.
• Ofrecer soluciones escalables y fáciles de mantener utilizando la tecnología más avanzada.
• Identificar y evaluar innovaciones estratégicas (conceptos, herramientas / lenguajes, tecnologías, servicios) en el campo de la IA, el PLN y el aprendizaje profundo.
• Trabajar en entornos de nube pública (AWS, Azure o Google), así como en entornos locales.
• Trabajar con backends basados en GPU y plataformas en la nube.
• Instalar y configurar sistemas de IA y ML Ops para garantizar su funcionalidad.
• Analizar los requisitos estructurales de nuevo software y aplicaciones.
• Evaluar y analizar soluciones complejas de IA y la recopilación de resultados.
• Supervisar y desarrollar procesos de IA y ML Ops.
• Diseñar pipelines y flujos de trabajo complejos de IA y ML Ops.
• Mejorar y optimizar las soluciones de IA existentes. Traspasar las soluciones de IA a clientes o colegas.
• Mejorar el rendimiento mediante pruebas, resolución de problemas e integración de nuevos elementos.
• Definir y crear prototipos de demostraciones básicas para soluciones y flujos de trabajo de IA.
• Más de 5 años de experiencia como Investigador / a o Ingeniero / aen tareas relacionadas con IA, PLN y aprendizaje profundo. Se valorará la experiencia en un entorno industrial.
• Más de 5 años de experiencia en clasificación de texto, extracción de información, etiquetado de secuencias, selección de modelos, evaluación y análisis de resultados.
• Más de 3 años de experiencia en clasificación multiclase y multitarea; LLM; sistemas de diálogo / chatbots, Generación Aumentada por Recuperación (RAG); arquitecturas adversariales; metodologías de aprendizaje en línea; compresión de modelos (poda, cuantificación, destilación, etc.); modelos de IA para entornos de producción.
• Más de 3 años de experiencia en desarrollo de API y servicios web en Python; desarrollo de aplicaciones web en Python; metodologías ágiles; contenedores y su orquestación; soluciones de computación en la nube.
• Licenciatura en informática, matemáticas, lógica, tecnologías de telecomunicaciones o similar.
• Maestría o doctorado en procesamiento del lenguaje natural, inteligencia artificial, aprendizaje profundo o similar.

Competencias técnicas :
• Conocimiento avanzado de las siguientes tecnologías : Python, Bash, Git, SSH y terminal de Linux.
• Conocimiento avanzado de uno de los siguientes backends de aprendizaje profundo : Keras, TensorFlow, PyTorch o JAX.
• Conocimiento avanzado de una de las siguientes soluciones para la gestión de modelos de IA : NVIDIA Triton Inference Server, vLLM u Ollama.
• Contrato indefinido y jornada completa
• 23 días de vacaciones
• Modelo híbrido de teletrabajo flexible
• Formación continua : competencias técnicas, transversales y de idiomas. Contamos con acceso a certificaciones, formaciones de los principales Partners Tecnológicos, plataformas online y ¡mucho más!
• Seguro de vida y de accidentes
• Posibilidad de acogerte a nuestra retribución flexible (seguro médico, cheques guarderías, transporte, comida y formación)
• Acceso a Privilege Club, donde encontrarás descuentos interesantes en las principales marcas
• Onboarding personalizado y detallado. Te acompañamos en todo momento para que te sientas #soprano desde el primer momento.
• Oficina con espacios reservados al ocio. ¡Trabajo y diversión unido!
• Compañerismo y buen ambiente, el poder de la unión lo tenemos presente.

Y lo más importante…Tienes la posibilidad de desarrollar tu carrera profesional con nosotros : Crearemos juntos un plan de carrera personalizado. Te formarás, marcaremos objetivos y llevaremos a cabo un seguimiento para asegurarnos de que lo conseguimos juntos. Escuchamos tus prioridades y luchamos por ellas.

Aquí tu voz importa! ¡Únete a nosotros y sé parte de algo más!

Adquirimos el compromiso de respetar la diversidad, creando un ambiente de trabajo inclusivo y aplicando políticas que favorezcan la inclusión y promuevan el respeto social y cultural en cuestiones de género, edad, funcional, orientación sexual y religión con igualdad de oportunidades.

Adquirimos el compromiso de respetar la diversidad, creando un ambiente de trabajo inclusivo y aplicando políticas que favorezcan la inclusión y promuevan el respeto social y cultural en cuestiones de género, edad, funcional, orientación sexual y religión con igualdad de oportunidades.
Crear una alerta de empleo para esta búsqueda

Inteligencia Artificial • cartagena, España
#J-18808-Ljbffr",[],[],,https://www.recruit.net/job/ingeniero-de-inteligencia-artificial-con-jobs/6E4645EF0CDFF33A?utm_campaign=google_jobs_apply&utm_source=google_jobs_apply&utm_medium=organic,,[],2025-06-11
6858f7e27599ee3eb752bd2ecc648641,rapidapi1,"Data Scientist Call Center & AI Solutions | R... Inteligencia Artificial Panam Completam[...] at Sofka Technologies Iowa, LA",Sofka Technologies,"None, US","Data Scientist Call Center & AI Solutions | R... Inteligencia Artificial Panam Completam[...] job at Sofka Technologies. Iowa, LA. Data Scientist Call Center & AI Solutions | Remoto | Panam

Te apasiona transformar la experiencia del cliente a travs de soluciones inteligentes con inteligencia artificial y analtica avanzada? Tens experiencia en entornos de contact centers y te interesa innovar con tecnologas como Genesys y Agentic AI? Entonces queremos conocerte!

Buscamos un/a Data Scientist con enfoque en soluciones de IA para call centers. Tu misin ser disear modelos inteligentes, automatizar flujos de trabajo y optimizar la eficiencia operativa en proyectos de atencin al cliente con tecnologa de vanguardia.

? Nota importante
Este rol es 100% remoto, pero requiere que ests radicado/a en Panam. Se requiere experiencia previa en operaciones de call center y un nivel de ingls bsico (A2B1).
Requisitos indispensables
• Experiencia slida en data science, IA e infraestructura de red.
• Conocimiento de tecnologas de call center, en especial Genesys Core.
• Experiencia con modelos de Agentic AI.
• Dominio de Python , tcnicas de machine learning, NLP y servicios de IA en la nube.
• Conocimientos en procesamiento de datos en tiempo real, voice analytics y automatizacin aplicada a atencin al cliente.

Responsabilidades clave
• Disear e implementar soluciones de IA que mejoren la performance del call center.
• Desarrollar modelos de analtica avanzada y automatizacin de procesos.
• Integrar tecnologas como Genesys para mejorar la comunicacin omnicanal.
• Monitorear y optimizar el rendimiento de modelos de IA.
• Contribuir a proyectos de innovacin en experiencia del cliente.

Qu ofrecemos?

Desafos tcnicos y estratgicos que potencian tu desarrollo
Un entorno de trabajo colaborativo, diverso y con foco en innovacin
Acceso a programas de capacitacin y mentoring
Proyectos reales donde tu impacto es visible
Condiciones Contrato a largo plazo
Remoto desde cualquier lugar de Panam
Rol clave en equipo de soluciones basadas en IA
Postulate ahora y llev tu carrera en Data Science al prximo nivel!

#J-18808-Ljbffr Sofka Technologies",[],[],,https://psbintegration.ca/office/job/data-scientist-call-center-and-ai-solutions-r-inteligencia-artificial-panam-completam-at-sofka-technologies-iowa-la-RFYwYW5qbTZONDBScEpsaDZrSWdOTmMzeGc9PQ==?utm_campaign=google_jobs_apply&utm_source=google_jobs_apply&utm_medium=organic,,[],2025-06-11
daecefb5b44c3e0546a2ec9a7c21381e,rapidapi1,Matemático Aplicado,Outlier,"Bismarck, US","Outlier ayuda a las empresas más innovadoras del mundo a mejorar sus modelos de IA proporcionando comentarios humanos. Es usted un experto en matemáticas y le gustaría aportar su experiencia para entrenar modelos de IA?

Sobre la oportunidad:
• Outlier busca un experto en matemáticas con talento para ayudar a entrenar modelos de inteligencia artificial generativa
• Esta oportunidad independiente es remota y los horarios son flexibles, por lo que puede trabajar cuando sea mejor para usted.

Puede contribuir con su experiencia al
• Evaluación de la factualidad y relevancia del texto de un dominio específico producido por modelos de IA
• Elaborar y responder preguntas relacionadas con las matemáticas.
• Evaluación y clasificación de respuestas de dominios específicos generadas por modelos de IA

Ejemplos de experiencia deseable:
• Una licenciatura o título superior en Matemáticas o una materia relacionada.
• Experiencia trabajando como profesional de las Matemáticas.
• Capacidad para escribir claramente sobre conceptos relacionados con las matemáticas en inglés y español con fluidez.

Pago:
• Actualmente, las tarifas salariales para el trabajo de proyectos básicos de los expertos en matemáticas son de hasta $30 - 50 por hora.
• Las tarifas varían según la experiencia, la evaluación de habilidades, la ubicación, la necesidad del proyecto y otros factores. Por ejemplo, se pueden ofrecer tarifas más altas a los doctores. Para trabajos no básicos, como durante la incorporación inicial del proyecto o las fases de horas extras del proyecto, se pueden aplicar tarifas más bajas. Ciertos proyectos ofrecen pagos de incentivos. Revise las condiciones de pago para cada proyecto.

PLEASE NOTE: We collect, retain and use personal data for our professional business purposes, including notifying you of opportunities that may be of interest and sharing with our affiliates. We limit the personal data we collect to that which we believe is appropriate and necessary to manage applicants' needs, provide our services, and comply with applicable laws. Any information we collect in connection with your application will be treated in accordance with the Outlier Privacy Policy and our internal policies and programs designed to protect personal data.

This is a 1099 contract opportunity on the Outlier.ai platform. Because this is a freelance opportunity, we do not offer internships, sponsorship, or employment. You must be authorized to work in your country of residence. If you are an international student, you may be able to sign up for Outlier if you are on a visa. You should contact your tax and/or immigration advisor with specific questions regarding your circumstances.",[],[],,https://talents.vaia.com/companies/outlier/matematico-aplicado-1246904/?utm_campaign=google_jobs_apply&utm_source=google_jobs_apply&utm_medium=organic,,[],2025-06-11
504c1835bd278ffa54c3383a34f51618,rapidapi1,COCINERO DE CATERING (AMBOS) - CADA HORA,Compass Group Careers Spanish,"Hyattsville, US","Sector de impuestos

Título del puesto: [[extTitle]]

Rango de pago: de 20,00 a 20,00 dólares

Hacemos que la solicitud sea fácil! ¿Quieres postularte a este trabajo por mensaje de texto? Envía un mensaje de texto con la palabra JOB al 75000 y busca el número de identificación de solicitud 1431721.

El programa anunciado es un asistente de reclutamiento de inteligencia artificial que lo ayuda a postularse para trabajos en Compass Group. La frecuencia de los mensajes varía. Es posible que se apliquen tarifas por mensajes y datos. Envía STOP para cancelar la suscripción o HELP para solicitar ayuda. Términos y condiciones: http://olivia.paradox.ai/moSkg

La diversidad de pensamiento y la inclusión para todos es lo que impulsa nuestro éxito. Lo invitamos a comenzar su viaje con nosotros hoy mismo!

¿Está buscando un trabajo con salarios competitivos, uno en el que pueda aprender y crecer y ser parte de un gran equipo? Estamos contratando! Excelentes ventajas para los miembros del equipo, como Instapay (acceso anticipado a tu salario) y grandes ahorros en intereses, todo ello a través de la aplicación EVEN.

Desde el estadio hasta la mesa principal, Levy aprovecha la creatividad desenfrenada, las estrategias personalizadas, un servicio impecable y el verdadero amor por la buena comida para crear experiencias inolvidables. Fundada en Chicago hace 40 años como una tienda de delicatessen, Levy ahora se ha convertido en una presencia líder en la industria de alimentos, bebidas y venta minorista en más de 200 establecimientos de entretenimiento, deportes y restaurantes en todo el país.

Para obtener más información sobre lo que somos como empresa, visítenos siguiendo el siguiente enlace: http://www.levyrestaurants.com/who-we-are/
Resumen del puesto

Resumen: Prepara los alimentos de acuerdo con las normas, directrices y reglamentos federales, estatales y corporativos aplicables, con las políticas y procedimientos establecidos. Garantiza que se brinde un servicio de alimentos de calidad en todo momento.

Deberes y responsabilidades esenciales:
• Prepara alimentos de alta calidad de acuerdo con recetas e instrucciones estandarizadas para cumplir con los cronogramas de producción, entrega y servicio.
• Sirve las comidas o las prepara para la entrega en las porciones correctas, cumple con los estándares establecidos y garantiza que los alimentos estén a la temperatura correcta y sean atractivos y sabrosos. Prueba todos los alimentos preparados.
• Utiliza los procedimientos establecidos de recogida de entradas durante el servicio. Responsable de los registros del área trabajada durante los períodos de servicio.
• Limpia la cocina después de prepararla y servirla, manteniendo altos estándares de limpieza. Almacena o desecha el exceso de comida de acuerdo con los procedimientos seguros de manipulación de los alimentos.
• Mantiene limpios y ordenados los refrigeradores y almacenes. Garantiza que los alimentos y los suministros se almacenen de acuerdo con las normas.
• Opera y mantiene el equipo de cocina según las instrucciones.
• Ayuda en la planificación de la producción, el mantenimiento de registros y la presentación de informes, según sea necesario.
• Ayuda a pedir y recibir todos los alimentos y suministros según sea necesario.
• Reporta inmediatamente al supervisor el mantenimiento necesario, los equipos defectuosos o los accidentes.
• Asiste a las reuniones de seguridad y de servicio.
• Mantiene buenas relaciones laborales con sus compañeros de trabajo, clientes, administradores y gerentes.
• Realiza el trabajo de forma segura mientras mantiene un entorno de trabajo limpio y seguro.
• Realiza otras tareas según lo asignado.
• Garantiza la presentación adecuada, el control de las porciones y el mantenimiento de las temperaturas de servicio; cumple con los estándares HACCP.
• Compromiso personal con su propia seguridad y la de los demás.
• Cumple con todas las políticas y procedimientos de la Compañía, incluidos, entre otros:
• El uso de guantes cortados de peso medio al manipular o utilizar cuchillos, peladores, picadoras, mandolinas o limpiar una cortadora.
• El uso de guantes de cocina, guantes de freidora o guantes de vaporera al manipular sartenes calientes de hornos, calentadores o mesas al vapor.
• El uso de zapatos antideslizantes y técnicas de levantamiento adecuadas.

Aplica a Levy hoy mismo!

Levy es miembro de Compass Group USA

Haga clic aquí para obtener más información sobre la historia de Compass

Compass Group es un empleador que ofrece igualdad de oportunidades. En Compass, nos comprometemos a tratar a todos los solicitantes y asociados de manera justa en función de sus habilidades, logros y experiencia sin distinción de raza, nacionalidad, sexo, edad, discapacidad, condición de veterano, orientación sexual, identidad de género o cualquier otra clasificación protegida por la ley.

A los asociados de Levy se les ofrecen muchos beneficios fantásticos.
• Instapay (acceso anticipado a su salario) y ahorros con altos intereses, tanto a través de la aplicación EVEN
• Programa de compras para asociados
• Programa de salud y bienestar
• Mercado de descuentos
• Programa de asistencia al empleado

Los empleados también pueden ser elegibles para recibir beneficios por tiempo libre remunerado o no remunerado de acuerdo con las leyes federales, estatales y locales aplicables. Para trabajar en el estado de Washington o Maryland, o para trabajar de forma remota, haga clic aquí para obtener información sobre los beneficios por tiempo libre remunerado.",[],[],,https://trabajos.compassgroupcareers.com/cocinero-de-catering-ambos-cada-hora/job/29141892?utm_campaign=google_jobs_apply&utm_source=google_jobs_apply&utm_medium=organic,,[],2025-06-11
126f70e5f0a160b0228fead7b49d98e5,rapidapi1,CATERING SR COOK - CADA HORA,Compass Group Careers Spanish,"Hyattsville, US","Sector de impuestos

Título del cargo: CATERING SR COOK

Rango de pago: 22,00$

Hacemos que la solicitud sea fácil! ¿Quieres postularte a este trabajo por mensaje de texto? Envía un mensaje de texto con la palabra JOB al 75000 y busca el número de identificación de solicitud 1431723.

El programa anunciado es un asistente de reclutamiento basado en inteligencia artificial que te ayuda a postularte para empleos en Compass Group. La frecuencia de los mensajes varía. Es posible que se apliquen tarifas por mensajes y datos. Envía STOP para cancelar la suscripción o HELP para solicitar ayuda. Términos y condiciones: http://olivia.paradox.ai/moSkg

La diversidad de pensamiento y la inclusión para todos es lo que impulsa nuestro éxito. Lo invitamos a comenzar su viaje con nosotros hoy mismo!

¿Está buscando un trabajo con salarios competitivos, uno en el que pueda aprender y crecer y ser parte de un gran equipo? Estamos contratando! Excelentes ventajas para los miembros del equipo, como Instapay (acceso anticipado a tu salario) y grandes ahorros en intereses, todo ello a través de la aplicación EVEN.

Desde el estadio hasta la mesa principal, Levy aprovecha la creatividad desenfrenada, las estrategias personalizadas, un servicio impecable y el verdadero amor por la buena comida para crear experiencias inolvidables. Fundada en Chicago hace 40 años como una tienda de delicatessen, Levy ahora se ha convertido en una presencia líder en la industria de alimentos, bebidas y venta minorista en más de 200 establecimientos de entretenimiento, deportes y restaurantes en todo el país.

Para obtener más información sobre lo que somos como empresa, visítenos siguiendo el siguiente enlace: http://www.levyrestaurants.com/who-we-are/

Resumen del trabajo

Resumen: Prepara los alimentos para garantizar que sean nutritivos y tengan el sabor adecuado de acuerdo con las normas, directrices y reglamentos federales, estatales, locales y empresariales aplicables.

Deberes y responsabilidades esenciales:
• Puede supervisar las actividades de cocina de los asociados del servicio de alimentos según lo asignado por el director del servicio de alimentos.
• Prepara varios platos principales y del menú siguiendo las recetas establecidas.
• Opera y limpia el equipo después de cada uso. Realiza una limpieza rutinaria programada.
• Almacena, etiqueta y fecha los alimentos de acuerdo con la política. Ayuda a mantener el almacenamiento organizado de productos secos y productos refrigerados y congelados.
• Sigue las pautas de HACCP para garantizar la calidad y la seguridad del suministro de alimentos.
• Cumple con las normas de salud y saneamiento federales, estatales y locales y con los procedimientos de saneamiento de los departamentos.
• Ayuda al director del servicio de alimentos a mantener registros precisos de producción diaria y completa toda la documentación, los informes y los registros requeridos según lo asignado.
• Ayuda en la capacitación cruzada de los empleados.
• Realiza otras tareas según lo asignado.

Aplica a Levy hoy mismo!

Levy es miembro de Compass Group USA

Haga clic aquí para obtener más información sobre la historia de Compass

Compass Group es un empleador que ofrece igualdad de oportunidades. En Compass, nos comprometemos a tratar a todos los solicitantes y asociados de manera justa en función de sus habilidades, logros y experiencia sin distinción de raza, nacionalidad, sexo, edad, discapacidad, condición de veterano, orientación sexual, identidad de género o cualquier otra clasificación protegida por la ley.

A los asociados de Levy se les ofrecen muchos beneficios fantásticos.
• Instapay (acceso anticipado a su salario) y ahorros con altos intereses, tanto a través de la aplicación EVEN
• Programa de compras para asociados
• Programa de salud y bienestar
• Mercado de descuentos
• Programa de asistencia al empleado

Los empleados también pueden ser elegibles para recibir beneficios por tiempo libre remunerado o no remunerado de acuerdo con las leyes federales, estatales y locales aplicables. Para trabajar en el estado de Washington o Maryland, o para trabajar de forma remota, haga clic aquí para obtener información sobre los beneficios por tiempo libre remunerado.",[],[],,https://trabajos.compassgroupcareers.com/catering-sr-cook-cada-hora/job/29141893?utm_campaign=google_jobs_apply&utm_source=google_jobs_apply&utm_medium=organic,,[],2025-06-11
2eea2439e311c9b334b22d896462db06,rapidapi1,ASISTENTE DE SUITE - PARQUE NACIONAL,Compass Group Careers Spanish,"Washington D. C., US","Sector de impuestos

Título del puesto: [[title]]

Rango de pago: 22,25 a 27,80 dólares

Hacemos que la solicitud sea fácil! ¿Quieres postularte a este trabajo por mensaje de texto? Envía un mensaje de texto con la palabra JOB al 75000 y busca el número de identificación 1389994.

El programa anunciado es un asistente de reclutamiento basado en inteligencia artificial que te ayuda a postularte para empleos en Compass Group. La frecuencia de los mensajes varía. Es posible que se apliquen tarifas por mensajes y datos. Envía STOP para cancelar la suscripción o HELP para solicitar ayuda. Términos y condiciones: http://olivia.paradox.ai/moSkg

La diversidad de pensamiento y la inclusión para todos es lo que impulsa nuestro éxito. Lo invitamos a comenzar su viaje con nosotros hoy mismo!

¿Está buscando un trabajo con salarios competitivos, uno en el que pueda aprender y crecer y ser parte de un gran equipo? Estamos contratando! Excelentes ventajas para los miembros del equipo, como Instapay (acceso anticipado a tu salario) y grandes ahorros en intereses, todo ello a través de la aplicación EVEN.

Desde el estadio hasta la mesa principal, Levy aprovecha la creatividad desenfrenada, las estrategias personalizadas, un servicio impecable y el verdadero amor por la buena comida para crear experiencias inolvidables. Fundada en Chicago hace 40 años como una tienda de delicatessen, Levy ahora se ha convertido en una presencia líder en la industria de alimentos, bebidas y venta minorista en más de 200 establecimientos de entretenimiento, deportes y restaurantes en todo el país.

Para obtener más información sobre lo que somos como empresa, visítenos en el siguiente enlace: http://www.levyrestaurants.com/who-we-are/

Resumen del puesto

Resumen: Entrega y sirve comida en las funciones programadas bajo la supervisión del capitán del servicio de catering. Garantiza la ejecución precisa de todos los eventos durante su turno. Puede conducir un camión de reparto de catering. Organiza y sirve en las funciones; limpia el área de eventos durante y después de los eventos; arregla la configuración y deja el área limpia y ordenada; devuelve los alimentos y el equipo sobrantes al establecimiento de catering de manera oportuna.

Deberes y responsabilidades esenciales:
• Reúne y entrega todos los alimentos y suministros para las funciones de catering en sus ubicaciones programadas.
• Registra y mantiene la temperatura de los alimentos.
• Organiza las mesas y las decoraciones.
• Organiza las mesas de buffet con alimentos, bebidas y artículos de servicio de acuerdo con las normas.
• Sirve comida y bebidas a los huéspedes.
• Limpia a fondo el lugar una vez finalizado el evento.
• Devuelve los alimentos y bebidas y sirve el equipo y los utensilios a las instalaciones de catering.
• Distribuye y recopila tarjetas de comentarios de los clientes para eventos con servicio de catering.
• Almacena, limpia y mantiene las instalaciones y el equipo de catering.
• Garantiza que los huéspedes reciban un servicio amable y cortés en todo momento.
• Mantiene un conocimiento profundo del menú completo y de los productos disponibles.
• Mantiene un entorno de trabajo limpio y seguro.
• Sigue las políticas y los procedimientos de seguridad y saneamiento en todo momento.
• Realiza otras tareas según lo asignado.

Cualificaciones:
• Es posible que se requiera una licencia de conducir válida; debe poseer o poder obtener un permiso válido para manipular alimentos y/o un permiso para servir bebidas alcohólicas cuando lo exija la ley estatal.

Aplica a Levy hoy mismo!

Levy es miembro de Compass Group USA

Haga clic aquí para obtener más información sobre la historia de Compass

Compass Group es un empleador que ofrece igualdad de oportunidades. En Compass, nos comprometemos a tratar a todos los solicitantes y asociados de manera justa en función de sus habilidades, logros y experiencia sin distinción de raza, nacionalidad, sexo, edad, discapacidad, condición de veterano, orientación sexual, identidad de género o cualquier otra clasificación protegida por la ley.

A los asociados de Levy se les ofrecen muchos beneficios fantásticos.
• Instapay (acceso anticipado a su salario) y ahorros con altos intereses, tanto a través de la aplicación EVEN
• Programa de compras para asociados
• Programa de salud y bienestar
• Mercado de descuentos
• Programa de asistencia al empleado

Los empleados también pueden ser elegibles para recibir beneficios por tiempo libre remunerado o no remunerado de acuerdo con las leyes federales, estatales y locales aplicables. Para trabajar en el estado de Washington o Maryland, o para trabajar de forma remota, haga clic aquí para obtener información sobre los beneficios por tiempo libre remunerado.",[],[],,https://trabajos.compassgroupcareers.com/asistente-de-suite-parque-nacional/job/29030125?utm_campaign=google_jobs_apply&utm_source=google_jobs_apply&utm_medium=organic,,[],2025-06-11
6e02dabc73c011243110dbac9f4b9819,rapidapi1,Mobile Tech Lead (React Native),GFR Technologies SE,"Adair, US","GFT es una compania pionera en transformacion digital que desarrolla soluciones sostenibles basadas en nuevas tecnologias, como la inteligencia artificial y blockchain/DLT. Los expertos de GFT crean e implementan aplicaciones de software escalables que hacen que el acceso a modelos de negocio innovadores sea seguro y sencillo.

Que estamos buscando?

Actualmente, tenemos un puesto vacante para un/a Mobile Tech Lead (React Native) que quiera unirse a GFT. Buscamos una persona entusiasta y dinamica dispuesta a empezar y crecer en un entorno multicultural, motivador y desafiante.

Tus principales responsabilidades seran:

Aunque dependeran de tus conocimientos y experiencia aportada, en general las principales funciones que llevarias a cabo con nosotros serian:
• Liderar el desarrollo del MVP de la app movil.
• Colaborar con otros Tech Lead para definir la arquitectura y estrategia tecnica del proyecto al igual que con equipos internos de Producto y Diseno para ofrecer experiencias intuitivas y fluidas.
• Implementar buenas practicas de seguridad movil, incluyendo verificacion de identidad (ID&V), proteccion con codigo de acceso y autenticacion biometrica.
• Establecer fundamentos tecnicos solidos: CI/CD, QA, arquitectura modular y herramientas escalables.
• Desarrollar con vision a futuro donde se facilite la integracion de funcionalidades como open banking, predictores de ahorro y chat en vivo dentro de la app.

Requisitos:
• Experiencia profesional de mas de 8 anos con React Native capaz de liderar tanto la construccion como la direccion tecnica del proyecto.
• Valorable experiencia publicando aplicaciones en las tiendas de aplicaciones de Apple y Android.
• Colaboracion con otros/as Tech Lead para definir la entrega del MVP de la aplicacion (flujos clave: onboarding, gestion de cuentas).
• Experiencia como tecnico/a en arquitectura, herramientas y seguridad (verificacion de identidad, codigo de acceso, biometria)
• Ayudar a establecer bases escalables (CI/CD, control de calidad, diseno modular, etc.).
• Nivel de ingles alto (B2).

Competencias personales:
• Trabajo en equipo.
• Habilidades de comunicacion, favoreciendo dinamicas que permitan el flujo de conocimiento, con interes tanto en aprender como en ensenar.
• Proactividad en la busqueda de nuevas soluciones y mejoras

En GFT consideramos que la diversidad es uno de nuestros pilares fundamentales y promovemos un entorno de trabajo inclusivo basado en la cooperacion y el respeto mutuo. Ofrecemos igualdad de oportunidades a todas las personas sin tener en cuenta su raza, origen cultural, sexo, edad, orientacion sexual, identidad de genero, discapacidad o creencias religiosas. GFT dispone y ha registrado un Plan de Igualdad que recoge las medidas a adoptar con el objetivo de alcanzar en la empresa la igualdad de trato y de oportunidades entre mujeres y hombres y a eliminar, si es que la hay, la discriminacion por razon de sexo

Unete a nuestro equipo global!",[],[],,"https://www.ziprecruiter.com/c/GFR-Technologies-SE/Job/Mobile-Tech-Lead-(React-Native)/-in-Adair,IA?jid=26687af8fe1de806&utm_campaign=google_jobs_apply&utm_source=google_jobs_apply&utm_medium=organic",,[],2025-06-11
bf809f132268d774e921cff7472e6a97,rapidapi1,Executive AI Advisor,Oracle,"Annapolis, US","**Job Description**
• *¡Usted y Oracle!**

Oracle se encuentra en uno de los momentos más entusiasmantes de su historia! Dotada de una base instalada de más de 400.000 clientes, que incluye las organizaciones más exitosas del mundo y equipada con soluciones líderes en Inteligencia Artificial (IA), IaaS, PaaS y SaaS, Oracle apoya a sus clientes para que aproveche los beneficios innovadores de la IA para enfrentar los desafíos de hoy y aprovechar las oportunidades de mañana.

En los últimos años, algunas de las mayores empresas líderes en IA, como NVIDIA, Uber, xAI, Character AI, MOSAIC ML (ahora Databricks), Zoom, o Microsoft (para sus servicios de Bing), OpenAI, Meta han seleccionado las soluciones de IA de Oracle para proporcionar servicios innovadores a sus clientes.

Construimos un equipo de creadores, innovadores, emprendedores y líderes para desbloquear posibilidades infinitas para nuestros clientes y socios con el poder de OCI. Ahora estamos buscando un (a) Ejecutivo (a) de Cuentas para Cloud para adquirir a gran escala nuevos clientes de IA en todo Latinoamerica.
• *Descripción**

En este puesto, usted jugará un papel crucial en la identificación, desarrollo y adquisición de nuevos clientes empresariales de IA en Latinoamerica. Estas compañías están cambiando el mundo utilizando la Inteligencia Artificial para resolver problemas complejos.
• *Roles & Responsibilities**

+ Desarrollo de negocios - Identificar el potencial de negocios en IA en el territorio y construir una estrategia de Go-to-Market (GTM) para generar nuevo pipeline,

+ Establecer relaciones con los posibles clientes Oracle, a menudo con su C-Level, enfocándose en la satisfacción del cliente y, por tanto, en el crecimiento del consumo y la renovación de contratos;

+ Desarrollar y ejecutar un plan continuo de generación de nuevos negocios, enfocado en productos y soluciones de Inteligencia Artificial;

+ Gestionar a los partners de IA que operan en el territorio;

+ Coordinar y trabajar con los equipos relevantes para la atención al cliente final (p. ej.: arquitectura, ingeniería, operaciones, postventa, finanzas, otros ejecutivos de cuentas, etc);

+ Desarrollar estrategias a corto, medio y largo plazo en los principales clientes;

+ Informar, influir e contribuir al trabajo de otros colegas relacionados con GenAI en Oracle, incluyendo equipos de ventas, marketing, desarrollo de negocios, arquitectura e ingeniería de productos, contribuyendo al desarrollo de nuestra estrategia de GenAI.

+ Producir contenido, storytelling de GenAI, conducir workshops y eventos para el ecossistema. Actuará como evangelista y especialista en el asunto de GenAI dentro de Oracle y externamente.

+ Lanzar y ejecutar nuevas iniciativas y programas para satisfacer las necesidades de sus clientes con proyectos relacionados con GenAI.
• *REQUISITOS Y HABILIDADES NECESARIAS**

+ Experiencia de 10 años vendiendo plataformas tecnológicas e infraestructuras de soluciones en un proveedor de nube,

+ Conocimientos sólidos en machine learning, deep learning, Gen IA, GPU y servicios de IA en clientes es requisito,

+ Experiencia en el trato a C-level y en la construcción de relaciones a largo plazo,

+ Historial comprobado de éxito en proyectos grandes de datos y nube de IA con entregas exitosas,

+ Excelentes habilidades escritas, de presentación y comunicación.

+ Entendimiento profundo del panorama de la IA, incluyendo en ISV, jugadores líderes en IA y empresas de consultoría.

+ Disponibilidad para viajar el 50% del tiempo;

+ Inglés y Español avanzados;
• *REQUISITOS Y HABILIDADES DESEABLES**

+ Experiencia en ventas en tecnología y/o soluciones similares;

+ Conocimiento técnico de soluciones de Nube;

+ Conocimiento de tecnologías disruptivas: Data, AI, GenAI, etc.

Disclaimer:
• *Certain US customer or client-facing roles may be required to comply with applicable requirements, such as immunization and occupational health mandates.**
• *Range and benefit information provided in this posting are specific to the stated locations only**

US: Hiring Range in USD from: $106,700 to $207,300 per annum. May be eligible for equity. Eligible for commission with an estimated pay mix of 60/40 - 70/30.

Oracle maintains broad salary ranges for its roles in order to account for variations in knowledge, skills, experience, market conditions and locations, as well as reflect Oracle's differing products, industries and lines of business.

Candidates are typically placed into the range based on the preceding factors as well as internal peer equity.

Oracle US offers a comprehensive benefits package which includes the following:

1. Medical, dental, and vision insurance, including expert medical opinion

2. Short term disability and long term disability

3. Life insurance and AD&D

4. Supplemental life insurance (Employee/Spouse/Child)

5. Health care and dependent care Flexible Spending Accounts

6. Pre-tax commuter and parking benefits

7. 401(k) Savings and Investment Plan with company match

8. Paid time off: Flexible Vacation is provided to all eligible employees assigned to a salaried (non-overtime eligible) position. Accrued Vacation is provided to all other employees eligible for vacation benefits. For employees working at least 35 hours per week, the vacation accrual rate is 13 days annually for the first three years of employment and 18 days annually for subsequent years of employment. Vacation accrual is prorated for employees working between 20 and 34 hours per week. Employees working fewer than 20 hours per week are not eligible for vacation.

9. 11 paid holidays

10. Paid sick leave: 72 hours of paid sick leave upon date of hire. Refreshes each calendar year. Unused balance will carry over each year up to a maximum cap of 112 hours.

11. Paid parental leave

12. Adoption assistance

13. Employee Stock Purchase Plan

14. Financial planning and group legal

15. Voluntary benefits including auto, homeowner and pet insurance

The role will generally accept applications for at least three calendar days from the posting date or as long as the job remains posted.

Career Level - IC5
• *About Us**

As a world leader in cloud solutions, Oracle uses tomorrow's technology to tackle today's challenges. We've partnered with industry-leaders in almost every sector-and continue to thrive after 40+ years of change by operating with integrity.

We know that true innovation starts when everyone is empowered to contribute. That's why we're committed to growing an inclusive workforce that promotes opportunities for all.

Oracle careers open the door to global opportunities where work-life balance flourishes. We offer competitive benefits based on parity and consistency and support our people with flexible medical, life insurance, and retirement options. We also encourage employees to give back to their communities through our volunteer programs.

We're committed to including people with disabilities at all stages of the employment process. If you require accessibility assistance or accommodation for a disability at any point, let us know by emailing accommodation-request_mb@oracle.com or by calling +1 888 404 2494 in the United States.

Oracle is an Equal Employment Opportunity Employer. All qualified applicants will receive consideration for employment without regard to race, color, religion, sex, national origin, sexual orientation, gender identity, disability and protected veterans' status, or any other characteristic protected by law. Oracle will consider for employment qualified applicants with arrest and conviction records pursuant to applicable law.",[],[],,https://www.jobget.com/jobs/job/00b41772-c832-4b41-9b71-0e6f74f6f402?utm_campaign=google_jobs_apply&utm_source=google_jobs_apply&utm_medium=organic,,[],2025-06-11
0d3f4f00eb78ef7cf805cf998f78f479,rapidapi1,Analista De Negocios De Inteligencia Artificial,Whatjobs,"None, US","Senior Data Scientist en Análisis de Negocio"">
Estamos buscando a un/a Senior Data Scientist para formar parte del equipo de Análisis de Negocio que se encarga de la investigación, definición, prototipado, desarrollo y puesta en producción de soluciones basadas en algorítmica de IA.Como miembro de este equipo, tendrás la oportunidad de trabajar en proyectos innovadores que involucran el análisis de grandes conjuntos de datos, la creación de modelos predictivos y la implementación de soluciones de Machine Learning en entornos de producción.Responsabilidades:
- Entender los problemas/dificultades que enfrentan los diferentes departamentos de planificación, compras, distribución, etc.- Desarrollar pruebas de concepto rápidas con herramientas como Streamlit, entendiendo la calidad y el potencial de los datos disponibles y/o necesarios.- Redactar declaraciones de trabajo básicas de proyectos con todas las partes implicadas.- Desarrollar proyectos basados en algoritmos de Machine Learning en entornos de producción.- Colaborar con otros Data Scientists, ML Engineers y miembros del equipo de Advanced Analytics para la correcta implementación de soluciones.- Utilizar tecnologías Big Data para manejar grandes volúmenes de datos y mejorar la eficiencia de los modelos.Requisitos:
- Grado/Máster en Ing. Informática, Ing. Ciencia de Datos, o similar.- Al menos 5 años de experiencia desarrollando en Python u otro lenguaje orientado a objetos.- Experiencia en el uso y puesta en producción de librerías enfocadas a Deep Learning como TensorFlow o PyTorch.- Sólidos conocimientos en Machine Learning y redes neuronales. Arquitecturas y métodos de evaluación.- Experiencia en prototipar soluciones software basadas en Machine Learning y capacidad para definir la experimentación necesaria en este tipo de proyectos.- Se valora positivamente haber liderado el desarrollo end-to-end de un proyecto desde la fase de prototipo hasta la puesta en producción y mantenimiento.Beneficios:
- Incorporación inmediata con contrato indefinido.- Horario flexible.- Posibilidad de teletrabajo en un 50%.- Descuentos en nuestras líneas.- Oportunidades constantes de desarrollo con retos muy variados que generan aprendizaje en el puesto de trabajo.Más información:
Ayudamos a las personas a crecer profesionalmente y personalmente a través de nuestra política de referidos, sesiones de fisioterapia, sala de fitness y vestuarios por si te gusta hacer deporte en tu tiempo libre.También ofrecemos workshops, meetups, comunidades de prácticas, team buildings y company meetings para que puedas aprender y crecer con nosotros."">
Servicios:
- Formación técnica en plataformas como O'Reilly.- Idiomas y habilidades personales.- Papelera electrónica propia.- Acceso a servicios de comedor y cocina en las instalaciones de la central.- Servicio médico propio en las instalaciones de la central."">
,",[],[],,https://www.recruit.net/job/analista-de-negocios-de-inteligencia-jobs/B7CCFC4E0F0AA371?utm_campaign=google_jobs_apply&utm_source=google_jobs_apply&utm_medium=organic,,[],2025-06-11
59bc38e231ccbc10a8c7a67fc301cadd,rapidapi1,CORREDOR,Compass Group Careers Spanish,"Baltimore, US","Sector de impuestos

Título del puesto: Baltimore Convention Center/Levy/Porter

Rango salarial: de 17,00 a 18,00 dólares

Hacemos que la solicitud sea fácil! ¿Quieres postularte a este trabajo por mensaje de texto? Envía un mensaje de texto con la palabra JOB al 75000 y busca el número de identificación de solicitud 1430984.

El programa anunciado es un asistente de reclutamiento basado en inteligencia artificial que te ayuda a postularte para empleos en Compass Group. La frecuencia de los mensajes varía. Es posible que se apliquen tarifas por mensajes y datos. Envía STOP para cancelar la suscripción o HELP para solicitar ayuda. Términos y condiciones: http://olivia.paradox.ai/moSkg

La diversidad de pensamiento y la inclusión para todos es lo que impulsa nuestro éxito. Lo invitamos a comenzar su viaje con nosotros hoy mismo!

¿Está buscando un trabajo con salarios competitivos, uno en el que pueda aprender y crecer y ser parte de un gran equipo? Estamos contratando! Excelentes ventajas para los miembros del equipo, como Instapay (acceso anticipado a tu salario) y grandes ahorros en intereses, todo ello a través de la aplicación EVEN.

Desde el estadio hasta la mesa principal, Levy aprovecha la creatividad desenfrenada, las estrategias personalizadas, un servicio impecable y el verdadero amor por la buena comida para crear experiencias inolvidables. Fundada en Chicago hace 40 años como una tienda de delicatessen, Levy ahora se ha convertido en una presencia líder en la industria de alimentos, bebidas y venta minorista en más de 200 establecimientos de entretenimiento, deportes y restaurantes en todo el país.

Para obtener más información sobre lo que somos como empresa, visítenos siguiendo el siguiente enlace: http://www.levyrestaurants.com/who-we-are/

Resumen del trabajo

Resumen: Entrega comida a los clientes del restaurante/comedor de manera oportuna, profesional y eficiente.

Deberes y responsabilidades esenciales:
• Entrega comida a los clientes/clientes del restaurante/comedor.
• Sigue los principios de higiene y seguridad en la manipulación de alimentos y equipos.
• Interactúa con los clientes para garantizar su satisfacción.
• Interactúa con sus compañeros de trabajo para garantizar el cumplimiento de los estándares de servicio de la empresa.
• Completa el trabajo paralelo según lo asignado.
• Realiza otras tareas según lo asignado.

Aplica a Levy hoy mismo!

Levy es miembro de Compass Group USA

Haga clic aquí para obtener más información sobre la historia de Compass

Compass Group es un empleador que ofrece igualdad de oportunidades. En Compass, nos comprometemos a tratar a todos los solicitantes y asociados de manera justa en función de sus habilidades, logros y experiencia sin distinción de raza, nacionalidad, sexo, edad, discapacidad, condición de veterano, orientación sexual, identidad de género o cualquier otra clasificación protegida por la ley.

A los asociados de Levy se les ofrecen muchos beneficios fantásticos.
• Instapay (acceso anticipado a su salario) y ahorros con altos intereses, tanto a través de la aplicación EVEN
• Programa de compras para asociados
• Programa de salud y bienestar
• Mercado de descuentos
• Programa de asistencia al empleado

Los empleados también pueden ser elegibles para recibir beneficios por tiempo libre remunerado o no remunerado de acuerdo con las leyes federales, estatales y locales aplicables. Para trabajar en el estado de Washington o Maryland, o para trabajar de forma remota, haga clic aquí para obtener información sobre los beneficios por tiempo libre remunerado.",[],[],,https://trabajos.compassgroupcareers.com/corredor/job/29138874?utm_campaign=google_jobs_apply&utm_source=google_jobs_apply&utm_medium=organic,,[],2025-06-11
ec71960999b8bd2f4075cdd369e1d646,rapidapi1,"Senior Software Development Engineer, Databricks and AI Platform","ZINC Zillow, Inc.","None, US","About the team AI products at Zillow help millions of people find the best home for them with less stress and more visibility. Zillow scientists develop a variety of ML models (natural language understanding, computer vision, recommendation systems) that enables our customers to find and move to their next home. Join the team that develops end to end platform powering AI research and development at Zillow! As a member of the AI Platform team, you will help define Zillow’s approach to Artificial Intelligence research & Products, powering products like home value estimation, economic research, personalized recommendations and semantic search etc. You will work on building powerful ML infrastructure enabling containerized services, performing distributed computations at scale, empowering continuous research & deployments of ML models, evaluations and monitoring. Learn more about what we are doing at https://www.zillow.com/data-science and https://www.zillow.com/engineering Acerca del equipo Los productos de IA en Zillow ayudan a millones de personas a encontrar la mejor casa para ellos con menos estrés y más visibilidad. Los científicos de datos de Zillow desarrollan una variedad de modelos ML (comprensión del lenguaje natural, visión por ordenador, sistemas de recomendación) que permiten a nuestros clientes encontrar y mudarse a su próxima casa. Únete al equipo que desarrolla la plataforma integral que impulsa la investigación y el desarrollo de la IA en Zillow. Como miembro del equipo de la Plataforma de Inteligencia Artificial, ayudarás a definir el enfoque de Zillow para la investigación y los productos de Inteligencia Artificial, impulsando productos como la estimación del valor de la vivienda, la investigación económica, las recomendaciones personalizadas y la búsqueda semántica, etc. Trabajarás en la creación de una potente infraestructura de Inteligencia Artificial que permita servicios en contenedores, realizando cálculos distribuidos a escala, potenciando la investigación continua y el despliegue de modelos de Inteligencia Artificial, evaluaciones y monitorización. Más información sobre lo que estamos haciendo en https://www.zillow.com/data-science y https://www.zillow.com/engineering About the role We are looking for a Senior Software Development Engineer to help us build the next generation of AI infrastructure powering multiple Zillow products. The position gives you opportunities to: Craft and build scalable infrastructure for orchestrating end to end machine learning lifecycle from experimentation phase to production jobs & services. Work with a variety of technologies such as Kubernetes, KNative, Argo, Spark, Kafka, Tensorflow etc. Collaborate with Applied Scientists, Machine Learning Engineers and cross functional teams in crafting and implementing your technical vision. Work closely with our data infrastructure team to build the data systems and stores that power ML models. Collaborate with various teams (Product, Engineering) to scope and deliver platform solutions. Acerca del puesto Estamos buscando un Ingeniero Senior de Desarrollo de Software para ayudarnos a construir la próxima generación de infraestructura de IA que impulsa múltiples productos de Zillow. El puesto te ofrece oportunidades para: Crear y construir una infraestructura escalable para orquestar el ciclo de vida del aprendizaje automático de extremo a extremo, desde la fase de experimentación hasta los trabajos y servicios de producción. Trabajar con una variedad de tecnologías como Kubernetes, KNative, Argo, Spark, Kafka, Tensorflow, etc. Colaborar con científicos aplicados, ingenieros de aprendizaje automático y equipos funcionales cruzados en la elaboración e implementación de tu visión técnica. Trabajar en estrecha colaboración con nuestro equipo de infraestructura de datos para construir los sistemas de datos y almacenes que alimentan los modelos de ML. Colabora con varios equipos (producto, ingeniería) para definir y ofrecer soluciones de plataforma. This role has been categorized as a teleworker position. Teleworkers do not have a permanent corporate office workplace and, instead, work from a physical location of their choice which must be identified to the Company. Employees may live in any part of Mexico, but preferably in Mexico City, as we would encourage attendance for occasional in-office events. In addition to a competitive base salary and benefits, this position is also eligible for equity awards based on factors such as experience, performance and location. Who you are Basic Qualifications: A degree (BS+) in Computer Science or a related field. Masters in Computer Science preferred. 4+ years of experience with Machine Learning, data and/or backend web services & infrastructure. 1+ years of experience with platform solutions. Experience working with cloud services (AWS/Azure/GCP) Excellent interpersonal skills and passionate about collaborating across organizational boundaries. Quién es usted Cualificaciones básicas: Licenciatura (BS+) en Informática o un campo relacionado. Se prefiere un máster en Informática. 4+ años de experiencia con Machine Learning, datos y/o servicios web backend e infraestructura. 1+ años de experiencia con soluciones de plataforma. Experiencia trabajando con servicios en la nube (AWS/Azure/GCP). Excelentes habilidades interpersonales y apasionado por colaborar con otros. Nice to haves: Have vision and passion to make Machine Learning development easier for ML Practitioners. Experience developing sophisticated software systems scaling to millions of users with production quality deployment, monitoring and reliability. Experience with Databricks (for data and/or ML use cases) Experience with building low latency, high reliability Web Services (K8s, KNative services) Experience with Machine Learning Frameworks (e.g. PyTorch, Keras, Tensorflow, XGBoost) Experience with modern data technologies (Spark, Hive, Kafka, Beam, Airflow) Agradable de tener: Tener visión y pasión para hacer que el desarrollo de Machine Learning sea más fácil para los profesionales de ML. Experiencia en el desarrollo de sistemas de software sofisticados escalables a millones de usuarios con despliegue de calidad de producción, monitorización y fiabilidad. Experiencia con Databricks (para datos y/o casos de uso de ML) Experiencia en la construcción de Servicios Web de baja latencia y alta fiabilidad (K8s, KNative services) Experiencia con marcos de aprendizaje automático (por ejemplo, PyTorch, Keras, Tensorflow, XGBoost) Experiencia con tecnologías de datos modernas (Spark, Hive, Kafka, Beam, Airflow) Transferable Skills Here at Zillow - we value the experience and perspective of candidates with non-traditional backgrounds. We encourage you to apply if you have transferable skills or related experiences. Habilidades transferibles Aquí en Zillow - valoramos la experiencia y la perspectiva de los candidatos con antecedentes no tradicionales. Te animamos a presentar tu candidatura si tienes habilidades transferibles o experiencias relacionadas. Get to know us Zillow is reimagining real estate to make it easier to unlock life’s next chapter. As the most-visited real estate website in the United States, Zillow® and its affiliates help movers find and win their home through digital solutions, first class partners, and easier buying, selling, financing and renting experiences. Millions of people visit Zillow Group sites every month to start their home search, and now they can rely on Zillow to help make it easier to move. The work we do is helping people move from dreaming to transacting — and no matter what job you're in, you will play a critical role in making this vision a reality. Our efforts to streamline the real estate transaction are supported by a deep-rooted culture of innovation, our passion to redefine the employee experience, and a fundamental commitment to Equity and Belonging. We’re also setting the standard for work experiences of the future, where our employees are supported in doing their best work and living a flexible, well-balanced life. But don’t just take our word for it. Read recent reviews on Glassdoor and recent recognition from multiple organizations, including: the 100 Best Companies to Work For in 2022 list, Glassdoor Employees’ Choice Award, honoring the Best Places to Work in 2022, Bloomberg Gender-Equality Index 2022, Human Rights Campaign (HRC) Corporate Equity Index and Best Place to Work for LGBTQ Equality 2022, and TIME 100 Most Influential Companies list. Zillow Group is an equal opportunity employer committed to fostering an inclusive, innovative environment with the best employees. We are committed to equal employment opportunity regardless of race, color, ancestry, religion, sex, national origin, sexual orientation, age, citizenship, marital status, disability, and gender identity. If you have a disability or special need that requires accommodation, please contact your recruiter directly. Qualified applicants with arrest or conviction records will be considered for employment in accordance with applicable state and local law. That’s OK! Stay connected with Job Alerts and Talent Network Newsletters. To set up job alert email notifications, simply log into your existing Workday profile, or create a profile to get started. By joining our Talent Network, you’ll receive early access to events and insights into life at Zillow. Unlock what’s possible - it could be just one communication away! Giving our employees more flexibility can lead to a more diverse and representative workforce. Cloud HQ represents our commitment to flexible work at Zillow, and a positive work-life integration. It’s living where you want, and wrapping your work around your life instead of vice versa. Cloud HQ doesn’t mean eschewing offices or never seeing each other in person; the office just serves a different purpose now. We are more intentional about how and when we get together.","['Colabora con varios equipos (producto, ingeniería) para definir y ofrecer soluciones de plataforma', 'Who you are Basic Qualifications: A degree (BS+) in Computer Science or a related field', '4+ years of experience with Machine Learning, data and/or backend web services & infrastructure', '1+ years of experience with platform solutions', 'Experience working with cloud services (AWS/Azure/GCP) Excellent interpersonal skills and passionate about collaborating across organizational boundaries', 'Quién es usted Cualificaciones básicas: Licenciatura (BS+) en Informática', 'Nice to haves: Have vision and passion to make Machine Learning development easier for ML Practitioners', 'Experience developing sophisticated software systems scaling to millions of users with production quality deployment, monitoring and reliability', 'Experience with Databricks (for data and/or ML use cases) Experience with building low latency, high reliability Web Services (K8s, KNative services) Experience with Machine Learning Frameworks (e.g. PyTorch, Keras, Tensorflow, XGBoost) Experience with modern data technologies (Spark, Hive, Kafka, Beam, Airflow) Agradable de tener: Tener visión y pasión para hacer que el desarrollo de Machine Learning sea más fácil para los profesionales de ML', 'Experiencia en el desarrollo de sistemas de software sofisticados escalables a millones de usuarios con despliegue de calidad de producción, monitorización y fiabilidad', 'Experiencia con Databricks (para datos y/o casos de uso de ML) Experiencia en la construcción de Servicios Web de baja latencia y alta fiabilidad (K8s, KNative services) Experiencia con marcos de aprendizaje automático (por ejemplo, PyTorch, Keras, Tensorflow, XGBoost) Experiencia con tecnologías de datos modernas (Spark, Hive, Kafka, Beam, Airflow) Transferable Skills Here at Zillow - we value the experience and perspective of candidates with non-traditional backgrounds', 'As a member of the AI Platform team, you will help define Zillow’s approach to Artificial Intelligence research & Products, powering products like home value estimation, economic research, personalized recommendations and semantic search etc', 'You will work on building powerful ML infrastructure enabling containerized services, performing distributed computations at scale, empowering continuous research & deployments of ML models, evaluations and monitoring', 'The position gives you opportunities to: Craft and build scalable infrastructure for orchestrating end to end machine learning lifecycle from experimentation phase to production jobs & services', 'Work with a variety of technologies such as Kubernetes, KNative, Argo, Spark, Kafka, Tensorflow etc', 'Collaborate with Applied Scientists, Machine Learning Engineers and cross functional teams in crafting and implementing your technical vision', 'Work closely with our data infrastructure team to build the data systems and stores that power ML models', 'Collaborate with various teams (Product, Engineering) to scope and deliver platform solutions', 'Acerca del puesto Estamos buscando un Ingeniero Senior de Desarrollo de Software para ayudarnos a construir la próxima generación de infraestructura de IA que impulsa múltiples productos de Zillow', 'El puesto te ofrece oportunidades para: Crear y construir una infraestructura escalable para orquestar el ciclo de vida del aprendizaje automático de extremo a extremo, desde la fase de experimentación hasta los trabajos y servicios de producción', 'Trabajar con una variedad de tecnologías como Kubernetes, KNative, Argo, Spark, Kafka, Tensorflow, etc', 'Colaborar con científicos aplicados, ingenieros de aprendizaje automático y equipos funcionales cruzados en la elaboración e implementación de tu visión técnica', 'Trabajar en estrecha colaboración con nuestro equipo de infraestructura de datos para construir los sistemas de datos y almacenes que alimentan los modelos de ML', 'un campo relacionado', 'Se prefiere un máster en Informática. 4+ años de experiencia con Machine Learning, datos y/o servicios web backend e infraestructura. 1+ años de experiencia con soluciones de plataforma', 'Experiencia trabajando con servicios en la nube (AWS/Azure/GCP)']",[],,https://zillow.wd5.myworkdayjobs.com/en-US/Zillow_Group_External/job/Senior-Software-Development-Engineer--Databricks-and-AI-Platform_P745432?utm_campaign=google_jobs_apply&utm_source=google_jobs_apply&utm_medium=organic,,[],2025-06-11
