job_id,source,job_title,company,location,description,skills,careers_required,date_posted,url,career_tag,soft_skills_detected,extraction_date
9f1497d289613d1b439be416340b501f,rapidapi1,INGENIERO DE ESTUDIOS AGUA INDUSTRIAL,Veolia,"Washington D. C., US","INGENIERO DE ESTUDIOS AGUA INDUSTRIAL

El grupo Veolia tiene la ambición de volverse la empresa de referencia de la transformación ecológica. Presente en los cinco continentes con cerca de 179 000 empleados, el Grupo diseña e implementa soluciones útiles y concretas para la gestión de agua, residuos y energía que ayudan a cambiar radicalmente el panorama. Con sus tres actividades complementarias, Veolia contribuye al desarrollo del acceso a los recursos así como a la preservación y renovación de los recursos disponibles. En 2020, el grupo Veolia abasteció de agua potable a 95 millones de personas y prestó servicio de saneamiento a 62 millones, produjo cerca de 43 millones de MWh y valorizó 47 millones de toneladas de residuos.

Veolia Latam-Iberia está especializada en la gestión integral de Agua y Residuos y energía para clientes municipales e industriales de toda América Latina, España y Portugal. Actualmente está presente en 11 países (Argentina, Brasil, Chile, Colombia, Ecuador, México, Panamá, Perú, Uruguay, Portugal y España).

Veolia en México consolida su presencia y liderazgo local con soluciones medio ambientales de agua, residuos y energía para municipios e industrias.

Nuestra misión es generar valor para nuestros clientes ofreciendo las soluciones más completas en la gestión integral de agua, residuos y energía para contribuir a la mejora de la calidad de vida de las personas y al cuidado del ambiente.

La empresa gestiona anualmente en el país 2.3 millones de toneladas de Residuos Sólidos en tratamiento y 800 mil en recolección y potabiliza aproximadamente 500MMm3 de agua, alcanzando más de 20 ciudades atendidas y 13 millones de usuarios en sus dos actividades.

En cuanto al sector industrial, Veolia México garantiza un servicio responsable y eficiente en el tratamiento y disposición final de residuos sólidos y residuos peligrosos.

Muestra de ello son los más de 7,000 clientes satisfechos en México y América latina, con los que estamos comprometidos, dando servicio a grandes corporaciones multinacionales como a empresas locales

Solicitamos:

INGENIERO DE ESTUDIOS AGUA INDUSTRIAL

Roles & Responsabilidades:

Realización de levantamientos, asesorías, estudios técnicos y económicos de tratamiento de agua (agua de proceso, efluentes industriales, reuso, operación y mantenimiento, refacciones, etc.) asociados al proceso de desarrollo de oferta y de negocio para el sector industrial (edificios o plantas industriales).

Coordinación, planificación, gestión, construcción, seguimiento y control de la elaboración de dichos estudios y levantamientos al involucrar otros expertos (internos o externos)

Soporte y apoyo a los gerentes de desarrollo para las presentaciones comerciales y las revisiones necesarias a la elaboración de propuestas y contratos

Elaborar y mantener herramientas y métodos de trabajo para agilizar la elaboración de los mismos en el futuro (hojas de calculo, informe estándares etc)

Elaboración de informes, cálculos, proformas etc en aplicación de los procedimientos tantos internos (presupuesto, informe técnico) como externos (oferta técnica, licitación).

Participar de manera efectiva en la comunicación y el trabajo de los equipos y frentes funcionales en la elaboración del proyecto (compras, finanzas, dirección técnica etc)

Coordinar las actividades que deben ser ejecutadas durante el proceso de cotización para cumplir con los requisitos de los clientes.

Requisitos

Perfil académico: Ingeniería o Master (química, Obra Civil, Mecánica, Medio Ambiente, Procesos Industriales). Al no contar con esta educación se considerará la experiencia laboral y cargos anteriores respecto a los conocimientos académicos que se requieren y la experiencia práctica comprobable:
• 5 años en puesto similar o afín.

Conocimientos:
• Desarrollo de propuestas
• Tren de tratamiento de aguas industriales
• MBR
• MBBR
• Analisis Financieros

Competencias duras:
• Tratamiento de aguas industriales
• Levantamiento técnico y capacitad de análisis
• Operación y mantenimiento instalaciones de agua
• DAF, Lodos activados, Reverso Osmosis Inversa, Biodigestor, Biogas etc
• Diseño y ingeniería

As an inclusive company, Veolia is committed to diversity and gives equal consideration to all applications, without discrimination.

Postuler",[],[],,https://www.getro.org/companies/veolia-2-bf8b8cd5-e8db-4807-a266-5be8f37a8282/jobs/47389221-ingeniero-de-estudios-agua-industrial?utm_campaign=google_jobs_apply&utm_source=google_jobs_apply&utm_medium=organic,,[],2025-06-11
53c0d5ca0b07e7d4d929b3d6f15dd7f2,rapidapi1,Consultor PEC para hacer un diagnóstico del ecosistema de emprendimiento de alto potencial (LAB/SKI),Inter-American Development Bank,"Washington D. C., US","Mejoramos vidas

El Grupo BID es una comunidad de personas diversas, versátiles y apasionadas que se unen en un viaje para mejorar vidas en América Latina y el Caribe. Nuestra gente encuentra un propósito y hace lo que ama en un ambiente inclusivo, colaborativo, ágil y gratificante.

Acerca de este puesto

El fortalecimiento del ecosistema de emprendimiento dinámico, de base tecnológica, es fundamental para impulsar el crecimiento económico, la innovación y la generación de empleo de calidad en Ecuador. La experiencia internacional —y en particular en América Latina— muestra que, si bien muchas políticas se han centrado en el apoyo a micro y pequeñas empresas, el verdadero motor del crecimiento en productividad y empleo proviene de una fracción muy pequeña de nuevas empresas con alto potencial de crecimiento e innovación.

La presente consultoría busca realizar un diagnóstico exhaustivo del ecosistema. Identificando los principales cuellos de botella que afectan el desarrollo del ecosistema de emprendimiento dinámico de Ecuador. Este documento, se basará en fuentes secundarias y en entrevistas a actores del ecosistema, para diseñar estrategias y proponer recomendaciones que permitan el crecimiento del ecosistema y la creación de un ambiente propicio para que los actores privados logren canalizar recursos hacia las nuevas empresas responsables del crecimiento de la productividad.

Trabajarás con BID Lab, el brazo de innovación y venture capital del Banco Interamericano de Desarrollo (BID), que tiene como misión catalizar soluciones innovadoras que generen nuevas oportunidades para poblaciones pobres y vulnerables, al tiempo que activa nuevos motores de crecimiento económico y productividad en América Latina y el Caribe (ALC), ofreciendo para ello conocimiento, financiamiento y conexiones.

Qué harás

ALCANCE DE LA CONSULTORÍA

La Consultoría Deberá Abordar Los Siguientes Aspectos
• Un análisis del comportamiento de las empresas jóvenes, en términos de generación de empleo y atracción de inversión, así como su peso relativo dentro del ecosistema emprendedor nacional. Este análisis, que se basará en fuentes secundarias, deberá generar insumos comparables con estudios anteriores del BID (ej. Costa Rica, Uruguay, Chile), y apoyarse en evidencia de bases de datos estructuradas, datos públicos, e información generada por Pitchbook, LAVCA, Crunchbase, entre otros
• Análisis del ecosistema de apoyo al emprendimiento de alto potencial, con foco en: (i) especialización y desempeño de incubadoras y aceleradoras; (ii) estructura y brechas del financiamiento en etapas tempranas; (iii) gobernanza institucional y políticas públicas, (iv) coordinación interinstitucional y sectorial. Asimismo, analizar específicamente el desarrollo del sector Biotech y agrifoodtech. Incluir, en el análisis, una comparación con algunos países referentes ( ej. Chile, Costa Rica, Uruguay y Colombia).
• Recomendaciones de política pública para el emprendimiento de alto potencial, de base tecnológica.

METODOLOGÍA

La Consultoría Deberá Seguir La Metodología Utilizada Por Crespi y Ernst (2025) Para El Estudio De El Ecosistema De Emprendimiento Dinámico En Costa Rica, Para Lo Cual Será Necesario
• Revisión de literatura, informes y estudios previos sobre el ecosistema de emprendimiento en Ecuador.
• Entrevistas con actores clave del sector (empresas, startups, reguladores, académicos, inversionistas. organismos públicos de apoyo al ecosistema emprendedor y al sistema de i+d+i).
• Revisión de bases de datos públicas y privadas

Cronograma de Entregas y Pagos

Plan de trabajo: Documento inicial que define las actividades, cronograma y metodología del proyecto.

Porcentaje asociado: 20%

Fecha estimada de entrega: 2 semanas a partir de la firma del contrato.

Informe de avance: Presentación de un borrador de hallazgos y de la metodología utilizada. Este entregable deberá incluir una presentación que será discutida con las contrapartes.

Porcentaje asociado: 35%

Fecha estimada de entrega: 8 semanas a partir de la firma del contrato.

Informe final: Documento detallado con los resultados, análisis de datos, conclusiones y recomendaciones. El informe deberá estar en formato publicable y acompañado de una presentación para las contrapartes en el ecosistema de Ecuador.

Porcentaje asociado: 45%

Fecha estimada de entrega: 12 semanas después de iniciado el contrato.

Lo que necesitas
• Educación: Titulación académica con Máster (o titulación superior equivalente) en economía, ingeniería, empresariales, finanzas o cualquier área relacionada con la consultoría.
• Experiencia: Al menos 3 años de experiencia en el ecosistema de I+D, conocimiento del ecosistema de innovación y startups, capacidad de análisis de datos económicos y tecnológicos.
• Idiomas: Dominio del español

Requisitos
• Ciudadanía: Usted es ciudadano de Ecuador o ciudadano de uno de nuestros 48 países miembros.El candidato seleccionado no prestará servicios desde la oficina del Banco y no se le proporcionará un espacio físico en las instalaciones de la Oficina de País del Banco. El candidato seleccionado será responsable de habilitar el espacio y de disponer de los equipos, internet y accesos telefónicos necesarios para el cumplimiento de estos TdR, fuera de la oficina del Banco. El acceso a los sistemas del Banco se organizará en coordinación con éste.
• Consanguinidad: No tiene miembros de su familia (hasta el cuarto grado de consanguinidad y segundo grado de afinidad, incluido el cónyuge) que trabajen en el BID, BID Invest o BID Lab.

Tipo de contrato y duración
• Tipo de Contrato: Consultor de Productos y Servicios Externos (PEC), suma alzada.
• Duración: 3 meses.
• Ubicación Laboral: Remoto.

Nuestra cultura

En el BID, trabajamos para que todos aporten lo mejor de sí mismos y encuentren su propósito. Nuestra gente se esfuerza constantemente por alcanzar la excelencia, y reconocemos y celebramos el impacto de sus contribuciones.

En nuestros esfuerzos por impulsar la innovación, incluimos intencionadamente todas las voces, cultivamos un sentimiento de pertenencia y defendemos la equidad. Damos la bienvenida a personas de grupos infrarrepresentados para que se unan a nosotros y compartan sus perspectivas únicas.

Nos aseguramos de que las personas con discapacidad dispongan de los medios razonables para participar en el proceso de entrevistas de trabajo. Si necesita alguna adaptación para rellenar esta solicitud, envíenos un correo electrónico a accommodations@iadb.org.

Sobre BID Lab

BID Lab es el brazo de innovación y venture capital del Grupo Banco Interamericano de Desarrollo. Encontramos nuevas formas de impulsar la inclusión social, la acción ambiental y la productividad en América Latina y el Caribe. BID Lab apalanca financiamiento, conocimiento y conexiones para apoyar el emprendimiento en etapa temprana, desarrollar nuevas tecnologías, activar mercados innovadores y dinamizar sectores existentes. www.bidlab.org",[],[],,https://www.linkedin.com/jobs/view/consultor-pec-para-hacer-un-diagn%C3%B3stico-del-ecosistema-de-emprendimiento-de-alto-potencial-lab-ski-at-inter-american-development-bank-4244972416?utm_campaign=google_jobs_apply&utm_source=google_jobs_apply&utm_medium=organic,,[],2025-06-11
51ae9f56117f35a734f2eecf6dca87b7,rapidapi1,Operador de Unidade Móviles. (2),Veolia,"Washington D. C., US","Operador de Unidade Móviles. (2)

Veolia Water Technologies LATAM ofrece soluciones integradas en el tratamiento de aguas, efluentes y reutilización para diferentes mercados como: Minería, Petróleo y Gas, Celulosa y Papel, Química, Biocombustibles, Alimentos y Bebidas, Municipal, Farmacéutica y Energía entre otros. Nuestra perspectiva se centra en mantener las grandes oportunidades que América Latina ofrece como mercado, por lo tanto, consolida una organización integrada a través de PROJECTS, que abarca toda América Latina, con un enfoque especial en mercados y países selectos, para proporcionar: ingeniería eficiente y rentable, ejecución de contratos y el desarrollo de ventas sostenibles. Además, Veolia Water Technologies LATAM ofrece también la división 3S: SERVICIO, SOLUCIONES Y EQUIPOS ESTÁNDAR. 3S incluye marcas como: Elga, Hydrex, SDI, Servicio Móvil de Agua, Servicio Técnico (entre muchas otras tecnologías), con el objetivo de ofrecer soluciones rápidas y estandarizadas, repuestos y consumibles a nuestros clientes.

Operar equipo móvil de planta de tratamiento de agua.
• Conocimientos básicos de la operación de una Planta de tratamiento.
• Ósmosis inversa (preferente)
• Operación de equipos de tratamiento de agua.

Escolaridad
Ing. Química, Ambiental, Mecánica, Hidrologia, Mantenimiento
• Salario competitivo + préstaciones de Ley + Seguro de Vida
• Como empresa inclusiva, Veolia está comprometida con la diversidad y valora todas las solicitudes sin discriminación.

Como empresa inclusiva, Veolia está comprometida con la diversidad y valora todas las solicitudes sin discriminación.

Postuler",[],[],,https://www.getro.org/companies/veolia-2-bf8b8cd5-e8db-4807-a266-5be8f37a8282/jobs/47810583-operador-de-unidade-moviles-2?utm_campaign=google_jobs_apply&utm_source=google_jobs_apply&utm_medium=organic,,[],2025-06-11
68644aebec2e01fe048a6c07cec25921,rapidapi1,Líder de Mantenimiento y Operaciones,Veolia,"Washington D. C., US","Líder de Mantenimiento y Operaciones
Descripción de la empresa

El grupo Veolia tiene la ambición de volverse la empresa de referencia de la transformación ecológica. Presente en los cinco continentes con cerca de 220.000 empleados, el Grupo diseña e implementa soluciones útiles y concretas para la gestión de agua, residuos y energía que ayudan a cambiar radicalmente el panorama. Con sus tres actividades complementarias, Veolia contribuye al desarrollo del acceso a los recursos así como a la preservación y renovación de los recursos disponibles. En 2021, el grupo Veolia abasteció de agua potable a 79 millones de personas y prestó servicio de saneamiento a 61 millones, produjo cerca de 48 millones de MWh y valorizó 48 millones de toneladas de residuos. Veolia Environnement (Paris Euronext: VIE) realizó en 2021 una facturación consolidada de 28,508 mil millones de euros. www.veolia.com

Veolia Latam-Iberia está especializada en la gestión integral de Agua y Residuos y energía para clientes municipales e industriales de toda América Latina, España y Portugal. Actualmente está presente en 11 países (Argentina, Brasil, Chile, Colombia, Ecuador, México, Panamá, Perú, Uruguay, Portugal y España).

Cifras claves:
23 791 empleados (Global Report finales 2020, auditado 2021)
CA: 1.234.1€ (Latam-Iberia)

En Argentina y Uruguay, somos más de 2.300 colaboradores y 7 compañías forman parte del grupo. Ofrecemos los siguientes servicios a través de ellas:

Recolección, barrido y limpieza de residuos sólidos urbanos
Recolección y tratamiento de residuos patogénicos
Recolección y tratamientos de residuos industriales.
Con respecto al negocio de Energía, ofrecemos servicio de mantenimiento edilicio a más de 40 clientes y eficiencia energética para reducir el consumo eléctrico de sus instalaciones.
Descripción del empleo

Si querés formar parte de una empresa que tiene como propósito liderar la #TransformaciónEcológica,

¡SUMATE AL EQUIPO DE VEOLIA ARGENTINA!

Como referentes de la transformación ecológica, situamos el cuidado del ambiente en el centro de cada proceso y actividad que realizamos, brindando a nuestros clientes soluciones innovadoras para abordar los principales desafíos ambientales: descarbonización, descontaminación y regeneración de los recursos.

Buscamos incorporar un Líder de Mantenimiento y Operaciones para sumarse al equipo de Veolia Servicios de Gestión y Energía. Como agente de transformación ecológica, su propósito será liderar la gestión integral de un contrato de mantenimiento considerado una unidad de negocio (Hospitales, Data Centers, Torres Corporativas, Bancos, Universidades, Industria).

Responsabilidades:

Gestionar tanto la operación y el mantenimiento de las instalaciones a su cargo, como la confección y administración del budget y forecast anual de su unidad de negocio. Liderar los grupos de trabajo garantizando un equipo eficiente, acompañándolos en su desarrollo. Asegurar el cumplimiento de los objetivos operativos, de calidad, de compliance, de recursos humanos, KPI técnicos y de seguridad e higiene. Gestionar las actividades comerciales relacionadas con el contrato, manteniendo relaciones efectivas con clientes y proveedores.

Toda la gestión de la unidad de negocio, se hará junto con el apoyo de las áreas centrales (RRHH, Administración, Seguridad e Higiene, Operaciones, Comercial). El candidato reportará directamente a una Gerencia Zonal de Operaciones.
Requisitos
• Experiencia comprobada en gestión de mantenimiento y operaciones, preferentemente en sectores industriales o de servicios.
• Habilidades de liderazgo y capacidad para gestionar equipos multidisciplinarios.
• Experiencia en la confección y gestión de presupuestos y forecast anuales para unidades de negocio.
• Sólida capacidad para manejar múltiples prioridades y asegurar el cumplimiento de objetivos operativos y financieros.
• Conocimientos avanzados en la gestión de KPI técnicos y comerciales.
• Disponibilidad para trabajar full time
• Formación académica en Ingeniería o carreras afines (deseable).
• Nivel intermedio inglés (deseable).
• Certificaciones en gestión de mantenimiento, seguridad e higiene, o áreas relacionadas (deseable).

Información adicional

Lugar de trabajo: CABA / Zona Norte

Modalidad: 100% presencial

En Veolia te ofrecemos una política de beneficios para todos los Resources:

Prepaga de primer nivel para vos y tu grupo familiar a cargo.

Descuento en universidades.

Formación continua.

Regalo por nacimiento de hijos.

Caja/gift card navideña.

Eventos por fechas especiales.

Licencia coparental por nacimiento/adopción.

Soft landing para madres.

Un día libre al año para acciones de voluntariado corporativo.

Club de descuentos en productos de Unilever.

Almuerzo.

As an inclusive company, Veolia is committed to diversity and gives equal consideration to all applications, without discrimination.

Postuler",[],[],,https://www.getro.org/companies/veolia-2-bf8b8cd5-e8db-4807-a266-5be8f37a8282/jobs/51788832-lider-de-mantenimiento-y-operaciones?utm_campaign=google_jobs_apply&utm_source=google_jobs_apply&utm_medium=organic,,[],2025-06-11
bced17c0ca05d6769b83b11fc1ec1d1d,rapidapi1,Estimador de construcción,SERVPRO of Arvada/Broomfield/NW Adams County/Greater Boulder,"Lanham, US","Estimador de construcción

¿Te encanta ayudar a las personas en situaciones difíciles?

Entonces, no pierda la oportunidad de unirse a nuestra Franquicia como un nuevo Estimador de Construcción. En esta posición, marcará la diferencia todos los días. ¡Tenemos un impulso sincero hacia el objetivo de ayudar a reparar daños por fuego y agua ""como si nunca hubiera sucedido""!

Nuestra franquicia está buscando a alguien que se sienta cómodo trabajando duro en situaciones desafiantes, disfrute conociendo gente nueva, tenga excelentes habilidades de comunicación y sea un serio multitarea. Si está motivado y tiene excelentes habilidades interpersonales, prosperará en este entorno de trabajo. ¿Eres altamente confiable y estás súper emocionado por superar las expectativas de manera rutinaria? ¡Entonces puedes ser nuestro héroe perfecto!

Como miembro valioso del equipo de franquicias SERVPRO®, recibirá una tarifa de pago competitiva con la oportunidad de aprender y crecer.

Responsabilidades primarias
• La satisfacción del cliente
• Establecer relaciones con los clientes para los servicios de construcción.
• Educar a los clientes sobre el proceso de construcción.
• Trabajar con los clientes para comprender las actualizaciones/cambios deseados
• Asegurar que las estimaciones cumplan con los requisitos del cliente.
• Inicio del proyecto
• Analizar los requisitos de mano de obra, materiales y tiempo para un proyecto
• Cree un boceto preciso y el alcance inicial del trabajo para proyectos de construcción.
• Entregue una estimación inicial coherente y bien definida.
• Reconocer las limitaciones del proyecto y/o las actualizaciones necesarias
• Trabaje con el Gerente de Proyecto para fijar el precio de los artículos de la oferta, si es necesario.
• Planificación de proyectos
• Identificar y documentar el alcance del trabajo del proyecto finalizado.
• Trabajar con recursos externos según sea necesario para completar estimaciones precisas (es decir, ingenieros estructurales, ITEL, inspectores eléctricos, etc.)
• Reúna estimaciones precisas y bien organizadas.
• Entregar y comunicar presupuestos al Project Manager.

Experiencia necesaria y conjunto de habilidades
• 2 años de experiencia previa en estimación de construcción y/o ajuste de seguros
• Excelente historial de servicio al cliente
• Comunicación escrita y oral efectiva.
• Habilidades matemáticas avanzadas
• Experiencia preferida con el software de estimación Xactimate™
• Microsoft Project una ventaja
• Habilidades de pensamiento crítico y resolución de problemas.
• Jugador de equipo
• Debe tener un buen historial de manejo
Educación/Entrenamiento Formal
• Una licenciatura en ingeniería, ciencias de la construcción o un campo relevante similar es una ventaja
Requisitos físicos y ambientales de trabajo
Caminar y/o estar de pie durante todo el día. Conducir y sentarse con frecuencia. Ocasionalmente subiendo escaleras. El miembro del equipo está ocasionalmente expuesto a condiciones extremas como el calor. El nivel de ruido en el entorno de trabajo y en los lugares de trabajo puede ser alto.
Horas de trabajo normales, horas de trabajo adicionales y requisitos de viaje
Esta es una posición de tiempo completo, trabajando de 7:00 am a 5:00 pm, de lunes a viernes, 45 horas por semana. Esta posición requiere con frecuencia largas horas, trabajo de guardia y trabajo de fin de semana. Se requiere viajar y es principalmente local. Sin embargo, se pueden esperar algunos viajes fuera del área y durante la noche.

La compensación incluye una bonificación discrecional junto con asignaciones de Vehículo/Teléfono.

Beneficios incluidos:
Médico, dental y de la vista
Licencia parental
Tiempo libre pagado
Tiempo libre pagado por enfermedad
401k con partido
Discapacidad a corto plazo opcional y otros seguros disponibles

Servpro es un empleador EOE M/F/D/V.

All employees of a SERVPRO® Franchise are hired by, employed by, and under the sole supervision and control of an independently owned and operated SERVPRO® Franchise. SERVPRO® Franchise employees are not employed by, jointly employed by, agents of, or under the supervision or control of Servpro Franchisor, LLC, in any manner whatsoever.",[],[],,https://servpro-careers.careerplug.com/jobs/1925144/apps/new?loc=es&utm_campaign=google_jobs_apply&utm_source=google_jobs_apply&utm_medium=organic,,[],2025-06-11
ca26e47cd9bb984772de84f51867bbfa,rapidapi1,Asociado de Desarrollo de Negocios Científicos,Kelly Services,"State College, US","Business Development Associate

Kelly® Science & Clinical is seeking Business Development Associate for a direct hire position with a global biotechnology leader in Central PA. If you’re passionate about bringing the latest scientific discoveries to life and are ready to take the next step in your career, trust The Experts at Hiring Experts.

Compensation: $70,000-$80,000/yr, plus annual bonus

Schedule: M-F, 1st shift

Location: Central PA/Remote > the candidate must sit within driving distance to Central PA or be willing to relocate to Central PA (relo support provided)
• expectation of 30-40% travel
• expectation of training onsite

SUMMARY

Water Reuse & Environmental Toxicology

We develop innovative products and services that help protect human and environmental health with applications in water reuse, environmental toxicology, and academic/governmental environmental research. El objetivo de este puesto es ampliar nuestra presencia en los mercados de reutilización de agua y toxicología ambiental en rápido crecimiento. Este puesto es responsable de desarrollar nuevas oportunidades de proyectos y de gestionar proyectos en curso para clientes existentes. Trabajar con partes interesadas clave en empresas de agua, autoridades reguladoras, consultores de ingeniería ambiental y otros desarrollando relaciones sólidas y soluciones para las necesidades de los clientes.

Responsibilities:
• Serve as the primary point of contact for water reuse and environmental toxicology clients and related stakeholders
• Develop strategies to facilitate customer contracts for bioassay services and products
• Engage with existing and potential clients to nurture relationships by identifying client needs
• Craft effective bioassay solutions for clients’ water quality monitoring programs
• Represent the company at conferences, trade shows, and industry events to build visibility and new business opportunities
• Participate in the development of sales and marketing strategies that align with the company’s growth objectives for the Water Reuse and Environmental Toxicology markets
• Identify trends, emerging opportunities, and regulatory developments that impact the Water Reuse and Environmental Toxicology markets
• Maintain accurate records of client interactions in CRM systems and provide regular updates on market trends and business performance
• Establish contacts within the Water Reuse, Environmental Toxicology, and related markets
• Assist in the development of the annual budget for the company’s Environmental Business Unit

Qualifications:
• A bachelor’s degree in a scientific, engineering, or a related field with 1-3yrs of scientific industry or regulatory experience
• Some experience in developing business use cases (water quality monitoring or environmental toxicology applications ideal) is preferred
• Willingness to develop a strong understanding of environmental regulations (e.g., SDWA, UCMR, TSCA) and their impact on water quality monitoring programs
• Demonstrated strong written and oral communication skills
• The ability to effectively communicate scientific and technical concepts to a diverse audience
• A willingness to travel 30-40% for client visits, trade shows, conferences, etc.","['A bachelor’s degree in a scientific, engineering, or a related field with 1-3yrs of scientific industry or regulatory experience', 'Willingness to develop a strong understanding of environmental regulations (e.g., SDWA, UCMR, TSCA) and their impact on water quality monitoring programs', 'Demonstrated strong written and oral communication skills', 'The ability to effectively communicate scientific and technical concepts to a diverse audience', 'A willingness to travel 30-40% for client visits, trade shows, conferences, etc', 'Location: Central PA/Remote > the candidate must sit within driving distance to Central PA or be willing to relocate to Central PA (relo support provided)', 'expectation of 30-40% travel', 'expectation of training onsite', 'Este puesto es responsable de desarrollar nuevas oportunidades de proyectos y de gestionar proyectos en curso para clientes existentes', 'Trabajar con partes interesadas clave en empresas de agua, autoridades reguladoras, consultores de ingeniería ambiental y otros desarrollando relaciones sólidas y soluciones para las necesidades de los clientes', 'Serve as the primary point of contact for water reuse and environmental toxicology clients and related stakeholders', 'Develop strategies to facilitate customer contracts for bioassay services and products', 'Engage with existing and potential clients to nurture relationships by identifying client needs', 'Craft effective bioassay solutions for clients’ water quality monitoring programs', 'Represent the company at conferences, trade shows, and industry events to build visibility and new business opportunities', 'Participate in the development of sales and marketing strategies that align with the company’s growth objectives for the Water Reuse and Environmental Toxicology markets', 'Identify trends, emerging opportunities, and regulatory developments that impact the Water Reuse and Environmental Toxicology markets', 'Maintain accurate records of client interactions in CRM systems and provide regular updates on market trends and business performance', 'Establish contacts within the Water Reuse, Environmental Toxicology, and related markets', 'Assist in the development of the annual budget for the company’s Environmental Business Unit']",[],,https://www.mykelly.com/es/job/9861873-scientific-business-development-associate-state-college-pa-united-states/?utm_campaign=google_jobs_apply&utm_source=google_jobs_apply&utm_medium=organic,,[],2025-06-11
1158d7517cff4aa70800619e6a3d845d,rapidapi1,Consultor – Política energética y climática,Guidehouse,"McLean, US","Qué harás

Únete a nuestro equipo para contribuir a proyectos impactantes que impulsan la transición energética verde a nivel global y nacional. Nuestro trabajo se centra en desafíos clave como los marcos de inversión para tecnologías limpias, el diseño del mercado eléctrico, la integración de energías renovables, el acoplamiento sectorial, la descarbonización industrial y la ampliación de la economía del hidrógeno.

Con la orientación de nuestro equipo experimentado, ayudará a lograr resultados exitosos del proyecto apoyando el análisis de políticas estructuradas, ayudando en la coordinación del proyecto y comprometiéndose con las partes interesadas y los socios. Participarás en proyectos encargados principalmente por instituciones públicas a nivel nacional, de la UE e internacional, con trabajos ocasionales para clientes de la industria.

También se te animará a construir relaciones de trabajo sólidas en la red más amplia de Guidehouse, al tiempo que defiendes nuestros valores fundamentales de respeto, integridad, innovación, administración y excelencia. Apoyar nuestro compromiso con la inclusión y la diversidad será una parte clave de su función.
Lo que buscamos
• Un jugador de equipo colaborativo con una actitud proactiva, que se sienta cómodo trabajando con grupos diversos en un entorno de consultoría.
• Un gran interés En sostenibilidad, innovación energética y política climática, con capacidad de pensamiento crítico, atención al detalle y capacidad creativa para la resolución de problemas.
• Capaz de trabajar de forma independiente y eficiente, tanto de forma remota como presencial.
• Capaz de gestionar múltiples proyectos, comprendiendo los objetivos clave y las necesidades del cliente.
• Confianza al presentar y comunicar los resultados del proyecto tanto a equipos internos como a clientes externos.

Requisitos
• Máster (o equivalente) en ingeniería (energética, ambiental, eléctrica), políticas públicas, economía o ciencias sociales con especial énfasis en temas relacionados con la energía.
• 1 a 3 años de experiencia profesional en el sector energético (consultoría, instituciones públicas, servicios públicos u operadores de red).
• Sólida comprensión de las tecnologías energéticas actuales, las tendencias del mercado y los mecanismos regulatorios.
• La fluidez en inglés es esencial; se requiere un buen dominio del alemán para brindar soporte a nuestra base de clientes alemanes.",[],[],,https://sigmaearth.com/es/trabajos-de-sostenibilidad/trabajo/Consultor-de-pol%C3%ADtica-energ%C3%A9tica-y-clim%C3%A1tica-4/?utm_campaign=google_jobs_apply&utm_source=google_jobs_apply&utm_medium=organic,,[],2025-06-11
9c2ddb4908e78a7ba53eb6e610ec6c0c,rapidapi1,Maintenance Supervisor,Cargill Spanish,"White Marsh, US","Cargill’s size and scale allows us to make a positive impact in the world. Our purpose is to nourish the world in a safe, responsible and sustainable way. We are a family company providing food, ingredients, agricultural solutions and industrial products that are vital for living. We connect farmers with markets so they can prosper. We connect customers with ingredients so they can make meals people love. And we connect families with daily essentials — from eggs to edible oils, salt to skincare, feed to alternative fuel. Our 160,000 colleagues, operating in 70 countries, make essential products that touch billions of lives each day. Join us and reach your higher purpose at Cargill.
Job Purpose and Impact

The Maintenance Supervisor will coordinate the deployment of leading maintenance practices in alignment with production needs. In this role, you will supervise a team which executes a variety of medium complex activities to maintain capacity utilization and quality standards for reliable operations in the region.

Key Accountabilities
• Coordinate the execution of specific equipment strategy for each asset involved with containing, controlling or safeguarding a high hazard process.
• Implement methodologies to improve operational effectiveness in compliance with regulatory codes and standards.
• Assist to lead the integration of contractor partners and equipment providing support to the plant force.
• Partner with regional and global leadership to support area leading practices.
• Develop the operational related budget to track the area progress against the estimate.
• You will have some authority for personnel decisions related to hiring, performance, or disciplinary actions, and much of your time is spent completing the same tasks as the subordinate employees.
• Other duties as assigned

#LI-CF1 #fgb #themuse

Qualifications

Minimum Qualifications
• Bachelor’s degree in a related field or equivalent experience
• Minimum one year of directly related work experience

Preferred Qualifications
• Knowledge of related tools, processes controls and area technology systems
• Experience coordinating third party resources to deliver business results
• One year of supervisory experience
• Experience in managing budgets
• Training in structured problem solving
• Experience with servant leadership model

Position Information
• This position is located in White Marsh, Maryland
• Relocation assistance will be provided for this position.

Compensation
The expected salary for this position is $84,000 - 92,000. This position is eligible for a discretionary incentive award. The incentive award amount is dependent upon company performance and your personal performance.

Benefits
Full-Time (30+ hours) positions are eligible for a benefit package including the following (subject to certain collective bargaining agreements for Union positions): Paid time off; paid holidays; medical, vision and dental coverage; flexible spending accounts; life insurance; disability insurance; retirement savings; employee and family assistance program (EAP)

Equal Opportunity Employer, including Disability/Vet.","['Bachelor’s degree in a related field or equivalent experience', 'Minimum one year of directly related work experience', 'The Maintenance Supervisor will coordinate the deployment of leading maintenance practices in alignment with production needs', 'In this role, you will supervise a team which executes a variety of medium complex activities to maintain capacity utilization and quality standards for reliable operations in the region', 'Coordinate the execution of specific equipment strategy for each asset involved with containing, controlling or safeguarding a high hazard process', 'Implement methodologies to improve operational effectiveness in compliance with regulatory codes and standards', 'Assist to lead the integration of contractor partners and equipment providing support to the plant force', 'Partner with regional and global leadership to support area leading practices', 'Develop the operational related budget to track the area progress against the estimate', 'You will have some authority for personnel decisions related to hiring, performance, or disciplinary actions, and much of your time is spent completing the same tasks as the subordinate employees', 'Other duties as assigned']",[],,https://careers.cargill.com/es/trabajo/white-marsh/maintenance-supervisor/23251/80893449072?utm_campaign=google_jobs_apply&utm_source=google_jobs_apply&utm_medium=organic,,[],2025-06-11
2255159eaf3e9bf9817ac955fb1caef5,rapidapi1,Ingeniero Civil - Recursos Hídricos,Top Echelon,"Milton, US","¿Por qué trabajar para esta organización?

Este cliente no es simplemente otra firma de ingeniería multidisciplinaria; ¡es un equipo vibrante de innovadores que dan forma al futuro! Fundada hace más de cinco décadas, es una empresa de ingeniería consultora ENR Top 8217 donde la individualidad impulsa la innovación y el crecimiento.",[],[],,https://redsealrecruiting.com/es/trabajo/ingeniero-civil-de-recursos-h%C3%ADdricos/?utm_campaign=google_jobs_apply&utm_source=google_jobs_apply&utm_medium=organic,,[],2025-06-11
6dad00ad8b68b235221ff801a2c3b867,rapidapi1,Producción General,Cargill Spanish,"Timberville, US","Hay nuevas opciones disponibles para este puesto y de fácil aplicación: chatee con nuestra asistente de reclutamiento Ana en careers.cargill.com o envíe un mensaje de texto con la palabra CargillJobs al 60196.

Si no recibe noticias de Cargill Reclutamiento acerca de su solicitud para este puesto, puede volver a aplicar el próximo mes a la nueva posición de Produccion General que se publique.

¿Quiere construir un futuro más sólido, sustentable y cultivar tu carrera? Súmate al equipo global de Cargill que cuenta con 160,000 empleados que están comprometidos en usar maneras seguras, responsables y sustentables de nutrir al mundo. Este puesto está dentro del negocio de proteína y sal de Cargill, con el que proveemos productos alimenticios saludables de alta calidad a una amplia gama de clientes, desde operadores de servicios de alimentos y tiendas de comestibles hasta fabricantes y exportadores.

Ubicación: Timberville, VA
Tipo de empleo: Tiempo Completo
Turno(s): 1ro & 2do
Compensación: $18.80/hr - $19.25/hr

Información de Beneficios
• Seguro médico, dental y de la vista
• Marathon Health Clinic (Centro de salud patrocinado por el empleador)
• Vacaciones pagadas y vacaciones
• 401(k) con contribuciones coincidentes de Cargill
• Cuentas de Gastos Flexibles (FSAs)
• Seguro de Discapacidad a Corto Plazo y Seguro de Vida
• Programa de Asistencia al Empleado (EAP)
• Reembolso de matrícula
• Descuentos para empleados

Responsabilidades Principales
• Levantar/manejar carnes crudas y cocinadas
• Pesaje, etiquetado, embolsado, embalaje y empacar producto terminado
• Garantizar la seguridad alimenticia y calidad
• Mantener el área de trabajo limpia e higiénica

Calificaciones Requeridas
• Legal para trabajar en los Estados Unidos sin la necesidad de un patrocinio de Visa
• Mayor de 18 años de edad

Calificaciones Preferidas
• Experiencia previa en producción de alimentos, fabricación o entorno similar
• Historial de trabajo en los últimos 12 meses

Tenga en cuenta que esta posición no incluye el reembolso de la reubicación.

Empleador con Igualdad de oportunidaddes, incluyendo Discapacidad/Ve",[],[],,https://careers.cargill.com/es/trabajo/timberville/produccion-general/31241/82037834224?utm_campaign=google_jobs_apply&utm_source=google_jobs_apply&utm_medium=organic,,[],2025-06-11
