job_id,source,job_title,company,location,description,skills,careers_required,date_posted,url,career_tag,soft_skills_detected,extraction_date
b0224442ac621b9c616239243e259ec0,rapidapi1,Ingeniero de Seguridad de Sistemas de Información,"Omega Enterprise Solutions, LLC","Annapolis Junction, US","Beneficios:
• 401(k)
• Igualación de 401(k)
• Salario competitivo
• Seguro dental
• Seguro de enfermedad
• Tiempo libre remunerado
• Permiso por paternidad
• Participación en las utilidades
• Formación y desarrollo
• Seguro de visión

Ingeniero de Seguridad de Sistemas de Información (ISSE)

Omega Enterprise Solutions es una pequeña empresa propiedad de veteranos discapacitados en servicio (SDVOSB) con sede en Maryland con un enfoque especial en la misión del Departamento de Defensa de los EE. UU. (DoD) y la Comunidad de Inteligencia (IC) y las tecnologías habilitadoras. Estamos construyendo un equipo con valores compartidos y pasión por nuestra Visión y Misión. Además de brindar oportunidades de crecimiento profesional que son innovadoras y desafiantes y de misión crítica para nuestros clientes, enfatizamos un enfoque diario centrado en la vida. Estamos comprometidos con el aprendizaje permanente y brindamos un método de gestión de coaching de vida para empoderarlo e inspirarlo a convertirse en la mejor versión de sí mismo en la búsqueda de una vida feliz, saludable y satisfactoria.

Descripción

El Ingeniero de Seguridad de Sistemas de Información (ISSE) proporciona servicios de ingeniería de seguridad y orientación para proyectos, redes y sistemas de tecnología de la información (TI). El ISSE contribuye al diseño, desarrollo, implementación y/o integración de arquitecturas, sistemas o componentes de sistemas de Aseguramiento de la Información (IA). El ISSE emplea la política de IA y las mejores prácticas para la protección de datos y la configuración segura del sistema. El ISSE apoya la implementación de políticas y soluciones de seguridad para lograr la confidencialidad, integridad y disponibilidad. El ISSE apoya proyectos para mejorar la seguridad y lograr la autorización de seguridad a través de procesos aplicables, como el proceso del Marco de Gestión de Riesgos (RMF) del NIST.

Responsabilidades

Dependiendo de la función, el nivel de habilidad y la complejidad del sistema del ISSE, el ISSE puede realizar todas o algunas de estas funciones. En los niveles más bajos, el ISSE puede trabajar bajo supervisión como miembro de un equipo utilizando procesos establecidos para desarrollar, probar o mejorar la seguridad del sistema. En los niveles más altos, el ISSE puede trabajar de forma independiente o en un papel técnico dirigido por un contratista, desarrollando la arquitectura y los requisitos de seguridad del sistema, definiendo procesos y metodologías, y resolviendo cuestiones técnicas complejas o problemas de investigación con la supervisión del gobierno.

Calificaciones/Certificaciones:

Este puesto requiere una autorización de seguridad activa adecuada y un polígrafo.

Se requiere el cumplimiento de DoD 8570.01-M con el Nivel II del Técnico de Aseguramiento de la Información (IAT) o el Arquitecto e Ingeniero de Sistemas de Aseguramiento de la Información (IASAE) Nivel 1.

Una licenciatura en Ciencias de la Computación, Aseguramiento de la Información, Ingeniería de Sistemas de Seguridad de la Información, o una disciplina relacionada de un colegio o universidad acreditada y una certificación técnica como Security + , o un título de asociado en Ciencias de la Computación, Aseguramiento de la Información, Ingeniería de Sistemas de Seguridad de la Información, o una disciplina relacionada de un colegio o universidad acreditada y una certificación técnica como Security + más dos (2) años de experiencia general en TI, o Cuatro (4) años de experiencia general en TI, al menos uno (1) de los cuales debe ser experiencia en seguridad de sistemas de información.

Omega Enterprise Solutions es un empleador que ofrece igualdad de oportunidades. Todos los solicitantes de empleo calificados son considerados para todos los puestos sin distinción de raza, color, religión, origen nacional, sexo, orientación sexual, identidad de género, edad, discapacidad, estado de veterano o cualquier otra clase protegida.",[],[],,https://omega-enterprise-solutions-llc.careerplug.com/jobs/2588572?loc=es-US&utm_campaign=google_jobs_apply&utm_source=google_jobs_apply&utm_medium=organic,,[],2025-06-11
b20bf8158310938518352bf9f834efb7,rapidapi1,Ingeniero de sistemas,Kelly Services,"Chantilly, US","Oportunidad laboral: Ingeniero de sistemas
Ubicación: Chantilly, VA
Turno: Horario laboral de 11.0 a 9. 1.er turno
Duración: más de 0 meses con posible extensión

Descripción del puesto

.0;
• Un ingeniero de sistemas en la industria de defensa y aeroespacial desempeña un papel crucial en el desarrollo, la integración y el mantenimiento de sistemas y tecnologías complejos utilizados en aplicaciones de defensa y aeroespaciales. La descripción del puesto puede variar ligeramente según la organización o el proyecto específico.

Responsabilidades
Diseño y desarrollo del sistema:
• Colaborar con equipos multifuncionales para diseñar y desarrollar sistemas Arquitecturas, subsistemas y componentes para sistemas de defensa y aeroespaciales.
• Esto implica comprender y analizar los requisitos del sistema, realizar estudios de viabilidad y crear especificaciones de diseño.

Integración del sistema:
• Coordinar y supervisar la integración de varios subsistemas, componentes y tecnologías para garantizar la funcionalidad y la interoperabilidad adecuadas.
• Esto incluye realizar pruebas del sistema, solucionar problemas e implementar medidas correctivas.

Administración de requisitos:
• Defina, documente y administre los requisitos del sistema durante todo el ciclo de vida del desarrollo. Esto implica capturar las necesidades de las partes interesadas, analizar y asignar requisitos, y mantener la trazabilidad entre los elementos del sistema.

Evaluación y mitigación de riesgos:
• Identificar los posibles riesgos e incertidumbres asociados con el diseño, la integración y la operación del sistema. Desarrollar e implementar estrategias para mitigar riesgos, garantizar la seguridad del sistema y mejorar la confiabilidad.

Documentación técnica:
• Preparar y mantener documentación técnica precisa y completa, incluyendo especificaciones del sistema, documentos de diseño, planes de prueba y manuales de usuario.
• Asegure el cumplimiento de las normas y regulaciones de la industria.

Colaboración y comunicación:
• Trabaje en estrecha colaboración con equipos interdisciplinarios, incluidos ingenieros, gerentes de proyectos y partes interesadas, para garantizar una comunicación, colaboración y alineación efectivas de las metas y los objetivos del proyecto. Participar en reuniones, revisiones y presentaciones.

Verificación y validación:
• Planificar y ejecutar actividades de verificación y validación para garantizar que los sistemas desarrollados cumplan con los requisitos y las métricas de rendimiento especificados.
• Esto incluye el desarrollo de procedimientos de prueba, la realización de pruebas, el análisis de resultados y la documentación de hallazgos.

Administración del ciclo de vida del sistema:
• Apoyar las actividades de administración del ciclo de vida del sistema, incluyendo el sistema actualizaciones, gestión de configuración y planificación de mantenimiento. Supervisar el rendimiento del sistema, evaluar los problemas operativos y proponer mejoras.

Requisitos
Educación:
• Licenciatura o Maestría en ingeniería, preferiblemente en un campo relevante como Ingeniería Aeroespacial, Ingeniería Eléctrica o Ingeniería de Sistemas, Ingeniería Informática o de Software. Es posible que se prefieran títulos o certificaciones avanzados para puestos superiores o especializados.

Conocimientos técnicos:
• Sólida comprensión de los principios, metodologías y mejores prácticas de la ingeniería de sistemas.
• Familiaridad con los estándares, regulaciones y normas de la industria aeroespacial y de defensa. y especificaciones.
• Conocimiento de tecnologías relevantes, como aviónica, sensores, sistemas de comunicación e integración de software.

Habilidades analíticas y de resolución de problemas:
• Sólidas habilidades de resolución de problemas para abordar los desafíos de integración y garantizar el rendimiento del sistema.
• Experiencia con integración de computadoras y experiencia en pruebas.
• La experiencia en scripts de Bash es una ventaja.

Gestión de proyectos:
• Competencia en principios y prácticas de gestión de proyectos.",[],[],,https://www.mykelly.com/es/job/9772070-systems-engineer-chantilly-va-united-states/?utm_campaign=google_jobs_apply&utm_source=google_jobs_apply&utm_medium=organic,,[],2025-06-11
4bf4c29227d0677fb1a2111b69705ff3,rapidapi1,Técnico en Ciberseguridad y Computación de Laboratorio,Kelly Services,"Collegeville, US","Kelly está contratando a un técnico en ciberseguridad e informática de laboratorio con sede en Collegeville, PA 19426 para nuestro prestigioso cliente.

Título: Ciberseguridad e informática de laboratorio Técnico
Ubicación: Collegeville, PA 19426
Lunes a viernes (presencial)
Contrato: 12 meses

Técnico en Ciberseguridad y Computación de Laboratorio
• * Asegurarse de que los dispositivos cumplan con los estándares de seguridad y ayudar a los clientes con la resolución de problemas y correcciones relacionadas con la ciberseguridad, así como ayudar a los clientes con la instalación de hardware, diagnóstico de hardware, redes, mantenimiento, resolución de problemas y reparaciones, incluida la reconfiguración de políticas de grupo, configuración de red y eliminación de software no aprobado.
• También ayudamos a los clientes con la instalación de sistemas operativos, software de seguridad informática y software de aplicación.
• Según sea necesario, brindar asistencia técnica a nuestra comunidad de usuarios con la configuración de periféricos como instrumentos de laboratorio, impresoras, etc.
• Recurso para varios otros proyectos pequeños. Manejar tickets de soporte de Service Now y conducir hacia una solución para clientes internos.
• Trabaje con otros proveedores de servicios internos/externos para colaborar en servicios y soluciones.
• Gestión del ciclo de vida de los activos y reciclaje de hardware. Management of Client Support Device’s and records.

The experience in the following areas are preferred:
• Windows O/S upgrades
• Defender security software
• CSD compliance and Patching, including patch servers.
• ServiceNow vulnerability ticket handling
• ServiceNow incident and request ticket SLA fulfillment.
• Firewall and networking devices.
• Strong Customer Service skills
• Ability to work in a hybrid team environment (multi-site)
• This is a high-paced environment and an excellent opportunity for the right candidate to expand their expertise and hone their customer service, project, and cybersecurity skills.

Job Requirements
• Ability to troubleshoot/diagnose network and software/OS problems.
• Requiere excelentes habilidades interpersonales, de relación, comunicación y colaboración, y un enfoque innovador para la resolución de problemas.
• Buscamos un candidato autónomo con compromiso con la calidad y el servicio al cliente.
• Se requiere agacharse, inclinarse, caminar y levantar más de 25 libras.
• Se prefiere un título de asociado en electrónica o tecnología informática; se acepta experiencia equivalente.
• Requiere al menos 3 años de experiencia en soporte general de Windows.
• Se prefieren conocimientos de ciberseguridad.
• Se requiere condición física.

Si crees que eres una excelente opción para este puesto, postúlate.",[],[],,https://www.mykelly.com/es/job/9841648-cybersecurity-and-laboratory-computing-technician-collegeville-pa-united-states/?utm_campaign=google_jobs_apply&utm_source=google_jobs_apply&utm_medium=organic,,[],2025-06-11
bfed686724e6592d25c804d7efd7d450,rapidapi1,Técnico de Redes/ISP/OSP,AHU Technologies Inc,"Washington D. C., US","Descripción de funciones:

Breve descripción: 1-5 años de experiencia. Proporciona orientación técnica para dirigir y monitorear las operaciones de los sistemas de información. Diseña, construye e implementa sistemas de red.

Descripción completa:
El Cliente busca un técnico de campo con experiencia en planta externa/planta interna (OSP / ISP) para realizar la remediación de cumplimiento en varios sitios de trabajo en todo el Distrito. El técnico proporcionará servicios de mano de obra general para corregir el cableado de red y las instalaciones de energía que no cumplan con las normas. Además de la remediación del cumplimiento, el técnico será responsable de la instalación de nuevos accesorios de red, la migración de equipos de telecomunicaciones a los nuevos accesorios y el desmantelamiento de los accesorios antiguos. Si bien el personal puede estar haciendo la mayor parte de su trabajo de 6 a 3 p.m. de lunes a viernes; Se espera que el personal ajuste su horario normal de trabajo para adaptarse a las ventanas de mantenimiento de los clientes. Las tareas variarán diaria y semanalmente.
Ejemplos de tareas requeridas para este puesto son, entre otros, los siguientes:
• Desmontar, retirar y migrar los aparatos de telecomunicaciones y electrónicos existentes.
o Demolición e instalación de estanterías, estanterías de escalera y accesorios en general.
• Movimientos y transferencias limitados del panel de conexión de cobre
• Movimientos y transferencias limitados del panel de conexión de fibra
• Accesorios de conexión a tierra a la barra colectora de la sala de telecomunicaciones
• Tratamientos cortafuegos para puntos de entrada de cables de telecomunicaciones nuevos y heredados
• Transportar, levantar y entregar los suministros, herramientas y accesorios necesarios hacia y desde los sitios de trabajo
• Fabricación de soportes, ganchos, tirantes y otras piezas según sea necesario para construir un equipo confiable y una configuración de accesorios
• Se requiere que los técnicos tengan sus propias herramientas manuales básicas. NO se proporcionarán vehículos y no se facturarán otros costos directos (kilometraje, gasolina y estacionamiento) a este contrato.
Habilidades requeridas:
• Debe tener experiencia en OSP/ISP. Se requieren 3+ años de experiencia.
• Debe ser capaz de leer y comprender las órdenes de trabajo de ingeniería OSP / ISP y los planos de arquitectura.
• Debe ser capaz de comprender los planos de arquitectura eléctrica (NEC-NFPA-70 Current Applicable Edition By DCRA/DCMR).
• Debe ser capaz de instalar baterías y realizar el mantenimiento preventivo de las baterías
• Capacidad para operar de manera segura herramientas eléctricas como taladros percutores, sierras de cinta, sierras recíprocas, etc.
• Capacidad para levantar hasta 50 libras.
• Capacidad y voluntad de escalar problemas al líder del equipo
• Demostrar capacidad para tener cuidado en el manejo de equipos de telecomunicaciones activos y cableado para minimizar las interrupciones a los clientes
• Requieren certificaciones de conexión a tierra, unión, detención de incendios y tapones de conductos: técnico certificado en conexión eléctrica y puesta a tierra (CEBGT) o similar
o Debe tener o tener la capacidad de obtener la certificación y ser competente con la detención de incendios, el taponamiento de conductos con varios ensamblajes y aplicaciones (Requisitos del código según NEC-NFPA-70)
o Debe tener o tener la capacidad de obtener la certificación actual y ser competente con las infraestructuras y vías de enlace/puesta a tierra de TIC/SCS (Mejores prácticas de ANSI-TIA 607-C)
• Debe estar familiarizado con los estándares de cableado OSHA, EIA/TIA, ANSI, IEEE y BICSI
• Se siente cómodo trabajando solo y sin supervisión o como miembro del equipo
• Debe ser capaz de instalar y quitar gabinetes, bastidores de relés, estanterías de escalera y canales de canal, gabinetes montados en la pared y tableros / herrajes traseros (Mejores prácticas de ANSI-TIA #568-D.0.-D.4 y #569-D).
• Debe dominar las terminales R-66, Krone, 110
• Preferible, pero no obligatorio, tener certificaciones vigentes para incluir una o una combinación de las siguientes certificaciones BICSI TECH y Técnico de Nivel II (TECH, INSTF, INSTC), Corning y Bellcore.

DESCRIPCIÓN DEL TRABAJO DE LA CATEGORÍA DE TRABAJO POR CONTRATO
Responsabilidades:
1. Proporciona orientación técnica para dirigir y monitorear las operaciones de los sistemas de información. Diseña, construye e implementa sistemas de red.
2. Dirige la compilación de registros e informes relacionados con las operaciones y el mantenimiento de la red. Soluciona problemas de rendimiento de la red. Analiza el tráfico de red y proporciona soluciones de planificación de capacidad.
3. Supervisa y responde a problemas complejos de hardware y software de las instalaciones de control técnico. Interactúa con los grupos de servicios de soporte de proveedores para garantizar una escalada adecuada durante interrupciones o períodos de rendimiento degradado del sistema.
4. Administra la compra, prueba, instalación y soporte de comunicaciones de red, incluidos los sistemas de red de área local (LAN)/red de área metropolitana (MAN)/red de área amplia (WAN).
5. Realiza el diseño y la configuración de productos a nivel de sistema, incluida la determinación del hardware, el sistema operativo y otras especificaciones de la plataforma.
6. Planifica proyectos de sistemas a gran escala a través de la comparación de proveedores y estudios de costos.
7. Realiza una variedad de tareas y actividades de ingeniería de sistemas que son de naturaleza amplia y se refieren al diseño, la integración y la implementación de sistemas importantes, incluido el personal, el hardware, el software, las instalaciones y / o equipos presupuestarios y de soporte.
8. Proporciona revisión de garantía de calidad y evaluación de productos de software nuevos y existentes.
9. Proporciona asistencia y supervisión para todas las actividades de operaciones de sistemas de información, incluidas las operaciones informáticas y de telecomunicaciones/comunicaciones, la entrada de datos, el control de datos, la administración y el soporte de operaciones de LAN/MAN/WAN, la programación de sistemas operativos, los procedimientos de política de seguridad del sistema y/o la estrategia y las operaciones web.
10. Proporciona aportes a las discusiones a nivel de políticas con respecto a las normas y las restricciones presupuestarias.
11. Supervisa a todo el personal involucrado en la operación y el soporte de las instalaciones de red, incluidos todos los equipos de comunicaciones en varias plataformas en operaciones a gran escala o de varios turnos.
12. Supervisa operaciones complejas que involucran dos o más funciones adicionales, tales como, entre otras, operaciones de red, seguridad de sistemas, soporte de software de sistemas y actividades de soporte de producción.
13. Monitorea y responde a problemas de hardware, software y red.
14. Proporciona las pruebas y análisis de rutina de todos los elementos de las instalaciones de la red (incluida la energía, el software, la maquinaria de comunicaciones, las líneas, los módems y los terminales).
15. Utiliza herramientas de software y hardware e identifica y diagnostica problemas complejos y factores que afectan el rendimiento de la red.
16. Soluciona problemas de los sistemas de red cuando es necesario y realiza mejoras en la red.

Requisitos mínimos de educación/certificación:
Grado en Información

Habilidades:
· Debe tener antecedentes OSP / ISP (Planta Exterior / Planta Interior). Requerido 1 año

· Debe ser capaz de comprender los planos de arquitectura eléctrica (NEC-NFPA-70 Current Applicable Edition By DCRA/DCMR). Requerido 1 año

· Debe ser capaz de instalar baterías y realizar el mantenimiento preventivo de las baterías.
Requerido 1 año
· Experiencia en el análisis del tráfico de red y en el suministro de soluciones de planificación de capacidad.
Requerido 1 año
· Capacidad para operar de manera segura herramientas eléctricas como taladros percutores, sierras de cinta, sierras recíprocas, etc. Requerido 1 año

· Experiencia en la planificación y configuración de una red empresarial. Requerido 1 año

· Debe estar familiarizado con los estándares de cableado OSHA, EIA/TIA, ANSI, IEEE y BICSI.
Requerido 1 año
· Debe ser capaz de instalar y quitar gabinetes, bastidores de relés, estanterías de escalera y canales de canal, gabinetes montados en la pared y tableros / herrajes traseros (ANSI-TIA). Requerido 1 año

· Experiencia en el monitoreo y respuesta a problemas de hardware, software y red.
Requerido 1 año
· Diploma de escuela secundaria o GED. Obligatorio",[],[],,https://ahu-technologies-inc.careerplug.com/jobs/2766109/apps/new?loc=es&utm_campaign=google_jobs_apply&utm_source=google_jobs_apply&utm_medium=organic,,[],2025-06-11
fe13e6abb799ea737c83effecad875f2,rapidapi1,COORDINADORA DE CONTRATACIÓN DE PERSONAS Y TALENTO,Compass Group Careers Spanish,"Washington D. C., US","Ocasiones

Título del puesto: COORDINADOR DE RECLUTAMIENTO DE PERSONAS Y TALENTO

Grado salarial: 11

Reporta a: Gerente General

Salario: de 60 000 a 65 000 dólares al año

una visión para crear eventos extraordinarios

LA COMIDA ES LO PRIMERO. INSPIRADO EN LOS INGREDIENTES. EXCELENTE SERVICIO.

Nuestro enfoque

Desde 1986, Occasions Caterers es una empresa de catering de servicio completo ubicada en Washington DC y se ha forjado una excelente reputación por la impecable ejecución de eventos elegantes. El equipo de Occasions trabaja en estrecha colaboración con nuestros clientes para diseñar, personalizar y crear eventos extraordinarios.

Hemos crecido en tamaño, pero mantenemos un enfoque boutique con un enfoque centrado en los menús personalizados, la decoración creativa, la planificación experta y un servicio amable. Creamos experiencias a través de la comida, el diseño y la hospitalidad para reflejar el estilo, el gusto y la visión únicos de nuestros clientes.

Únase a nuestro equipo de profesionales inspirados y forme parte de una gama incomparable de conocimientos, recursos y relaciones para producir eventos que superen las expectativas de nuestros clientes y deleiten en todos los sentidos.
Resumen del puesto

Esta es una magnífica oportunidad para un profesional especializado en recursos humanos y talentos, ya que tiene la oportunidad de adquirir experiencia práctica y familiarizarse con los NUEVOS sistemas de personal, los programas, la gestión de proyectos y la estrategia de personal líderes en evolución. El coordinador de apoyo al talento brindará apoyo administrativo en materia de talento para las estrategias generales del sector que importan a las personas, de acuerdo con el modelo de servicios compartidos de Compass. Coordina con el vicepresidente de operaciones las actividades diarias. Es responsable de las funciones administrativas y administrativas de los Servicios de Personal, y desempeña tareas como las relacionadas con los empleados, que incluyen, entre otras, las siguientes: ayudar en la contratación, la incorporación y la formación, y gestionar los documentos de información de los empleados.

Funciones, deberes y responsabilidades esenciales:

Desarrolle y dirija día a día a las personas el apoyo táctico, los programas y el cumplimiento cuando sea necesario, que pueden incluir, entre otros: consultas y mantenimiento de People Hub, ferias de contratación y empleo por horas, reuniones de bienvenida a los nuevos empleados, orientación, programas o guías de capacitación, consultas al centro de servicio de recursos humanos de Compass, capacitación como CHAT, encuestas sobre el compromiso de los empleados, informes, que respalden el cumplimiento legal.

Distribuya y apoye las comunicaciones entre las personas. Responde a las consultas de la gerencia, los asociados y los compañeros de trabajo: dirige o gestiona según sea necesario. Explica las políticas, los procedimientos, las prácticas y los programas de recursos humanos. Mantiene al equipo de servicios de personal corporativo de R/A actualizado sobre todos los asuntos relacionados pertinentes, según corresponda. Asiste a eventos de catering y ayuda a los equipos in situ según sea necesario. Puede ayudar en otras tareas según sea necesario y requerido.

Requisitos:
• Antecedentes de soporte administrativo.
• Comprensión de las funciones cruciales de recursos humanos y las metodologías estándar.
• Familiaridad con las leyes y reglamentos pertinentes.
• Experiencia con herramientas y software clave de recursos humanos.
• Debe tratar la eficacia con diversas personas en las organizaciones de R/A y Compass en varios niveles.
• Tiene buen juicio y la capacidad de tomar decisiones acertadas y oportunas.
• Capacidad para mantener la confidencialidad de los datos de la empresa y comunicarse solo con quienes necesitan conocerlos.
• Sólidas habilidades organizativas, analíticas y de resolución de problemas, sabe cómo hacer avanzar los proyectos para que tengan éxito.
• Habilidades validadas de servicio al cliente y hospitalidad con la capacidad de mantener la compostura en todo momento.
• Mantiene su dedicación a la excelencia y a los altos estándares.

Cualificaciones:
• Licenciatura
• De 1 a 3 años de experiencia en RRHH. Las certificaciones SPHR/HR y la participación profesional en SHRM son útiles.
• Capacidad para:
• leer, analizar e interpretar revistas técnicas comunes, informes financieros y de recursos humanos y documentos legales.
• redacta presentaciones, articula y presenta (por ejemplo, una orientación para nuevos empleados), trabaja con conceptos matemáticos razonables que permitan el flujo de datos y las interpretaciones de los recursos humanos
• maneja aplicaciones informáticas y de MS: tiene experiencia previa en software de recursos humanos. (Se prefiere SAP)
• Puede definir problemas, recopilar datos, establecer hechos y sacar conclusiones apropiadas basadas en hechos.
• Capacidad para trabajar de forma independiente y como miembro de varios equipos y comités

Aplica a Occasions Caterers hoy mismo!

Occasions Caterers es miembro de Compass Group USA

Haga clic aquí para obtener más información sobre la historia de Compass

Compass Group es un empleador que ofrece igualdad de oportunidades. En Compass, nos comprometemos a tratar a todos los solicitantes y asociados de manera justa en función de sus habilidades, logros y experiencia sin distinción de raza, nacionalidad, sexo, edad, discapacidad, condición de veterano, orientación sexual, identidad de género o cualquier otra clasificación protegida por la ley. Consideraremos para el empleo a todos los solicitantes que reúnan los requisitos, incluidos aquellos con antecedentes penales (incluidos los antecedentes de conducción pertinentes), de conformidad con todas las leyes federales, estatales y locales aplicables, incluida la Ordenanza sobre la Iniciativa de Oportunidades Justas para la Contratación de la Ciudad de Los Ángeles, la Ordenanza sobre Oportunidades Justas de San Francisco y la Ley de Oportunidades Justas de Nueva York. Alentamos a los solicitantes con antecedentes penales (y antecedentes de conducción) a que presenten su solicitud.

Las solicitudes se aceptan de forma continua.",[],[],,https://trabajos.compassgroupcareers.com/coordinadora-de-contrataci-n-de-personas-y-talento/job/29106244?utm_campaign=google_jobs_apply&utm_source=google_jobs_apply&utm_medium=organic,,[],2025-06-11
b1e4a697f0bd548d5e162d21556e7af6,rapidapi1,Guest Experience Representative,"Marriott International, Inc","Washington D. C., US","Organizar, confirmar, procesar y realizar todos los registros de entrada/salida, reservaciones, solicitudes, cambios y cancelación de habitaciones de los huéspedes. Obtener pagos; verificar y ajustar las cuentas. Activar las llaves de las habitaciones y archivarlas. Procesar todos los pedidos de los huéspedes y transmitirles mensajes. Imprimir listas de contingencia para tener un registro de todos los huéspedes en caso de una emergencia. Identificar y explicar las funcionalidades de las habitaciones a los huéspedes; dar a los huéspedes/residentes indicaciones e información sobre las instalaciones, servicios y horas de operación de la propiedad, y áreas de interés y actividades locales. Dar seguimiento a los pedidos o problemas pendientes del día anterior para ver si se resolvieron. Ejecutar y revisar los informes/registros diarios. Completar los informes de caja y cierre designados en el sistema de computadoras. Aceptar y anotar solicitudes de los huéspedes de llamadas para despertarlos y enviarlas al departamento correspondiente. Contar el dinero de caja al principio y al final del turno; asegurar la caja. Procesar todos los tipos de pago, recibos de ajuste, pagos, recibos de corrección y cargos misceláneos; dar cambio. Responder a las solicitudes especiales de huéspedes con necesidades especiales y verificar con ellos para asegurarse de que han quedado satisfechos. Revisar los registros de turnos/memorandos diarios y documentar la información pertinente en los libros de registro. Recibir, registrar y transmitir los mensajes con precisión, integridad y legibilidad. Notificar a Prevención de Pérdidas/Seguridad cualquier caso de hurto reportado por los huéspedes. Operar el tablero de distribución telefónica para atender las llamadas. Procesar las solicitudes de los huéspedes de llamadas para despertarlos, preseleccionando las llamadas, y otras solicitudes relacionadas con hacer o recibir llamadas telefónicas. Avisar a los huéspedes de los mensajes (p.ej., mensajes de voz, correspondencia, faxes) recibidos para ellos y enviarlos a la habitación de ser necesario. Responder, registrar y procesar todas las llamadas, solicitudes, preguntas o preocupaciones de los huéspedes. Recibir, registrar y transmitir los mensajes con precisión, integridad y legibilidad. Registrar en la computadora todas las solicitudes o problemas de los huéspedes, contactarse con la persona o departamento adecuado (p. ej. botones, departamento de limpieza) y hacer un seguimiento con los huéspedes para asegurarse de que sus solicitudes se atendieron a su satisfacción. Ayudar a los huéspedes a establecer conexión a internet.

Cumplir con todas las políticas y procedimientos de seguridad de la compañía; informar al gerente sobre accidentes y lesiones y condiciones de trabajo peligrosas. Asegurarse de que el uniforme y la apariencia personal sean pulcros y profesionales; mantener la confidencialidad de la información propiedad de la compañía; proteger los bienes de la compañía. Dar la bienvenida y atender a todos los huéspedes de acuerdo con las normas de la compañía; anticiparse a las necesidades de servicio de los huéspedes y atenderlas; asistir a las personas con discapacidades y dar las gracias a los huéspedes con sinceridad. Hablar con otras personas usando un lenguaje claro y profesional; contestar los teléfonos usando la etiqueta apropiada. Desarrollar y mantener relaciones laborales positivas con otras personas; apoyar al equipo para lograr las metas comunes y escuchar y responder apropiadamente a los problemas de otros empleados. Asegurarse del cumplimiento de las expectativas y los estándares de calidad. Leer y verificar visualmente información en varios formatos (por ejemplo, las letras menudas) Ingresar y localizar información relacionada con el trabajo usando computadoras o sistemas de punto de ventas. Estar de pie, sentarse o caminar durante períodos prolongados o durante el turno de trabajo completo. Mover, levantar, transportar, empujar, arrastrar y colocar sin ayuda objetos que pesen 10 libras (4,5 Kg) o menos. Efectuar otras tareas de trabajo razonables solicitadas por sus supervisores.

APTITUDES DESEABLES

Educación: Título de estudios secundarios o certificado equivalente de un programa de Desarrollo de Educación General

(General Educational Development, GED).

Experiencia laboral afín: No se requiere experiencia laboral afín.

Experiencia como supervisor: No se requiere experiencia como supervisor.

Licencia o certificación: Ninguna

El pago inicial para este puesto es $22.28 por hora, el pago al cumplir 6 meses en este puesto es $25.01 por hora y el pago al cumplir un año en este puesto es $29.70 por hora. Este puesto ofrece prestaciones de atención médica, tiempo libre remunerado y/o baja por enfermedad, seguro de vida, cobertura por discapacidad y otras prestaciones de vida y bienestar laboral. Las prestaciones pueden estar sujetas a requisitos generales de elegibilidad, periodos de carencia, cotizaciones y otros requisitos y condiciones.

En Marriott International, nos comprometemos a ofrecer igualdad de oportunidades, a hacer que todos se sientan bienvenidos y a facilitar el acceso a oportunidades laborales. Promovemos activamente un entorno en el que se valora y celebra la diversidad de orígenes de nuestros asociados. Nuestra gran fortaleza yace en la exquisita fusión de culturas, talentos y experiencias de nuestros asociados. Nos comprometemos a no discriminar por motivos de discapacidad, condición de veterano u otras características protegidas por la legislación vigente.

Marriott Hotels se esfuerza por mejorar el arte de la hospitalidad, innovando siempre que puede mientras mantiene el confort de lo familiar en todo el mundo. Como anfitrión de Marriott Hotels, nos ayudarás a mantener la promesa de “Una experiencia hotelera maravillosa, siempre” con un servicio cuidado y sincero, que se adelanta a las necesidades de los huéspedes, para así mejorar este legado vivo. Con un nombre que es sinónimo de hospitalidad en todo el mundo, nos enorgullece invitarte a consultar las oportunidades de empleo de Marriott Hotels. Al unirte a Marriott Hotels, te unes a una cartera de marcas con Marriott International. Estarás donde puedes llevar a cabo tu mejor trabajo,​ comenzarás a cumplir tu propósito, formarás parte de un increíble​ equipo mundial y te convertirás en tu mejor versión.
JW Marriott forma parte de la cartera de lujo de Marriott International y se compone de más de 100 hermosos hoteles en ciudades destacadas y ubicaciones de resorts privilegiadas en todo el mundo. JW cree que los empleados son lo primero, porque, si tú eres feliz, los huéspedes también lo serán. Los empleados de JW Marriott son confiados, innovadores, genuinos, intuitivos y llevan adelante el legado de la marca y del fundador de la empresa, J. Willard Marriott. Nuestros hoteles ofrecen una experiencia laboral inigualable, donde formarás parte de una comunidad y disfrutarás de verdadera camaradería con un grupo de colegas muy variado. JW crea oportunidades de capacitación, desarrollo, reconocimiento y, lo más importante, un lugar donde puedes seguir tu pasión en un ambiente de lujo enfocado en el bienestar holístico. El trato excepcional a los huéspedes empieza con el modo en que cuidamos a nuestros empleados. Este es el The JW Treatment™. Al unirte a JW Marriott, te unes a una cartera de marcas con Marriott International. Estarás donde puedes llevar a cabo tu mejor trabajo,​ comenzarás a cumplir tu propósito, formarás parte de un increíble​ equipo mundial y te convertirás en tu mejor versión.",[],[],,https://careers.marriott.com/es/guest-experience-representative/job/D8C7DE1AF05338654767A092D3DC8245__es?utm_campaign=google_jobs_apply&utm_source=google_jobs_apply&utm_medium=organic,,[],2025-06-11
368b5abdedb4edd0e076afed8594b8a7,rapidapi1,"Mecánico de HVAC - Washington, DC",Compass Group Careers Spanish,"Washington D. C., US","Crothall Healthcare

Salario: de 35,00 a 45,00 dólares por hora

Mecánico de HVAC con experiencia en controles. MedStar MGUH

Crothall Healthcare es una empresa de Compass One que brinda servicios de apoyo especializados, innovadores y receptivos de alta calidad exclusivamente para la industria de la salud. Crothall presta servicios a muchos de los 100 mejores hospitales a través de sus más de 1300 equipos de servicios de salud en 46 estados. Crothall ha sido reconocida como uno de los mejores lugares para trabajar y los mejores lugares para trabajar en Pensilvania por la revista Modern Healthcare desde 2013 y como uno de los 150 mejores lugares para trabajar según Becker desde 2016. Somos una división de Compass Group USA y nuestro equipo cuenta con más de 26 000 miembros. Nuestros servicios principales incluyen: servicios medioambientales, soluciones de tecnología sanitaria, transporte de pacientes, lavandería y ropa de cama, gestión de instalaciones y vehículos eléctricos ambulatorios. Obtenga más información en www.Crothall.com.
Resumen del trabajo

Programe, ponga en marcha y ponga en marcha e integre sistemas comerciales de control de HVAC. Desarrolle soluciones frontales para sistemas de automatización de edificios.

DEBERES Y TAREAS ESENCIALES:
• Lea y comprenda la secuencia de operaciones de los equipos de HVAC. Ser capaz también de entender la intención de la secuencia en una aplicación determinada.
• Lea y comprenda los planos y las especificaciones del proyecto.
• Aplique una secuencia determinada de operaciones para «bloquear y conectar» los programas.
• Diseñe una estación Niagara AX/Niagara 4.
• Controladores de arranque y puesta en marcha, incluida su integración en las estaciones Niagara AX/4.
• Verifique la funcionalidad de los sensores y actuadores y resuelva cualquier problema que pueda surgir.
• Desarrolle interfaces gráficas de usuario para los usuarios finales según las especificaciones del proyecto y los estándares de la empresa.
• Brindar capacitación y apoyo a los propietarios.

RESPONSABILIDADES:
• El técnico de controles de los sistemas de administración de edificios (BMS) y de los sistemas de calefacción, ventilación y aire acondicionado (HVAC) será responsable de completar las llamadas de servicio, además de trabajar en proyectos más grandes bajo la dirección de la administración del departamento.
• Lea y revise las especificaciones y diagramas de control.
• Realiza otras tareas según lo asignado.
• Puede trabajar a temperaturas variables, tanto en interiores como en exteriores, incluidas las inclemencias del tiempo, el calor, la humedad, el frío y la humedad.
• Puede funcionar en áreas expuestas a niveles de ruido moderados o altos.
• Puede estar expuesto a humos o partículas suspendidas en el aire, incluido el polvo.
• Durante el desempeño de sus funciones, el empleado puede trabajar en lugares elevados, trepar, agacharse, tirar, estirar, extender la mano por encima de la cabeza, permanecer de pie o caminar durante largos períodos de tiempo y levantar hasta 50 libras.

CALIFICACIONES:
• Más de 2 años de experiencia en el campo de los controles; o una combinación equivalente de formación profesional y experiencia.
• Se recomienda la certificación Tridium AX o N4 o experiencia previa con DDC, PLC o programación similar de Ladder-Logic.
• Debe dominar la suite Microsoft Office.
• Debe poder realizar múltiples tareas, trabajar con una supervisión mínima, seguir instrucciones escritas y orales, prestar atención a los detalles y demostrar habilidades para resolver problemas.
• Debe poder pasar un examen de detección de drogas previo a la oferta de empleo y es posible que se le exija completar satisfactoriamente verificaciones de antecedentes adicionales según sea necesario (por ejemplo, ACHA, antecedentes penales).
• Debe cumplir con todas las políticas y procedimientos de la empresa.
• Debe estar disponible y tener los medios para presentarse en varios lugares de trabajo según lo asignado, lo que incluye trabajar en diferentes horarios, lo que puede requerir horarios extendidos y requerir estándares de seguridad específicos para el cliente.
• Con frecuencia se requiere el uso de herramientas manuales, computadoras portátiles, escaleras, controles y el alcance con las manos y los brazos.
• Debe poder identificar correctamente todos los colores de un cable o alambres codificados por colores y poder ver de cerca, de lejos, de percepción de profundidad, visión periférica y capacidad para ajustar el enfoque.
• Puede ser necesario viajar (normalmente no durante la noche).

Aplica a Crothall hoy!

Crothall es miembro de Compass Group USA

Haga clic aquí para obtener más información sobre la historia de Compass

A los asociados de Crothall se les ofrecen muchos beneficios fantásticos.
• Médico
• Dental
• Visión
• Seguro de vida/ AD
• Seguro de invalidez
• Plan de jubilación
• Tiempo libre flexible
• Tiempo libre en vacaciones (varía según el sitio o el estado)
• Programa de compras para asociados
• Programas de salud y bienestar
• Mercado de descuentos
• Protección contra el robo de identidad
• Seguro para mascotas
• Beneficios para viajeros
• Programa de asistencia al empleado
• Cuentas de gastos flexibles (FSA)
• Licencia parental remunerada
• Licencia personal

Los asociados también pueden ser elegibles para recibir beneficios por tiempo libre remunerado o no remunerado de acuerdo con las leyes federales, estatales y locales aplicables. Para trabajar en el estado de Washington o Maryland, o para trabajar de forma remota, haga clic aquí para obtener información sobre los beneficios por tiempo libre remunerado.

Compass Group es un empleador que ofrece igualdad de oportunidades. En Compass, nos comprometemos a tratar a todos los solicitantes y asociados de manera justa en función de sus habilidades, logros y experiencia sin distinción de raza, nacionalidad, sexo, edad, discapacidad, condición de veterano, orientación sexual, identidad de género o cualquier otra clasificación protegida por la ley.

Los candidatos calificados deben poder desempeñar las funciones esenciales de este puesto de manera satisfactoria, con o sin una adaptación razonable. Descargo de responsabilidad: este puesto de trabajo no es necesariamente una lista exhaustiva de todas las responsabilidades, habilidades, tareas o requisitos esenciales asociados con este puesto. Si bien esto pretende reflejar con precisión el puesto publicado, la Compañía se reserva el derecho de modificar o cambiar las funciones esenciales del puesto de trabajo en función de las necesidades empresariales. Consideraremos para el empleo a todos los solicitantes que reúnan los requisitos, incluidos aquellos con antecedentes penales (incluidos los antecedentes de conducción pertinentes), de conformidad con todas las leyes federales, estatales y locales aplicables, incluida la Ordenanza sobre la Iniciativa de Oportunidades Justas para la Contratación de la Ciudad de Los Ángeles, la Ordenanza sobre Oportunidades Justas de San Francisco y la Ley de Oportunidades Justas de Nueva York. Alentamos a los solicitantes con antecedentes penales (y antecedentes de conducción) a que presenten su solicitud.

Las solicitudes se aceptan de forma continua.

Crothall mantiene un lugar de trabajo libre de drogas.

Número de solicitud: 1417799

Crothall Healthcare

RANDY REPELDING

[[req_classification]]",[],[],,https://trabajos.compassgroupcareers.com/mec-nico-de-hvac-washington-dc/job/29039438?utm_campaign=google_jobs_apply&utm_source=google_jobs_apply&utm_medium=organic,,[],2025-06-11
2e587a966775d4f10de2956d088a48c6,rapidapi1,Trabajador Agrícola,BP MILLER FARMS LLC,"Clinton, US","Se requerirá que los trabajadores realicen todas las tareas necesarias para propagar, plantar, cultivar y cosechar una variedad para producir. Las actividades previas a la cosecha pueden incluir la preparación del suelo para la siembra utilizando fertilizantes, aditivos y mantillo. Antes de cosechar los productos, las áreas de cultivo preparadas requerirán azadas, estacas, atado, funcionamiento, deshierbe, riego, eliminación de sacrificios, recolección de rocas y cualquier tarea adicional requerida para la siembra, cosecha, comercialización y cuidado general de los productos. Los productos cosechados se colocarán en contenedores, según corresponda, como sacos, cajas, contenedores, cestas, etc. Los trabajadores desecharán los productos podridos o inaceptables y todos los demás desechos no deseados antes de colocarlos en contenedores. Los trabajadores cargarán contenedores de productos cosechados en remolques, conectados a tractores y / o camiones y transportarán los productos de cosecha desde los campos hasta los lugares indicados. Los productos estarán listos para la cosecha según corresponda a productos específicos, como el tamaño, el color, la forma y la madurez. Los trabajadores serán cosechados de cultivos en varios momentos desde el verano hasta el otoño según sea necesario y bajo la instrucción del supervisor. Se debe tener extremo cuidado de no causar moretones o daños en todo momento. Los trabajadores empacarán los productos, cargarán / descargarán camiones y apilarán contenedores para su almacenamiento o comercialización. El sitio de trabajo debe limpiarse diariamente. Las herramientas o equipos deben limpiarse o repararse según corresponda. Es posible que se requiera que los trabajadores preformen actividades adicionales como cortar / balear heno o césped, cavar zanjas, limpiar / reparar cercas, cortar leña, mover pilas de rocas, alimentar / cuidar animales de granja, trabajar con sistemas de riego, mantener terrenos y edificios, operar tractores y otros equipos agrícolas, y otras tareas necesarias en la granja / sitio de trabajo según lo requiera el empleador. Debe tener experiencia laboral trabajando en la granja y debe ser físicamente capaz de realizar todas las actividades laborales requeridas.
El empleador acepta proporcionar una copia del contrato de trabajo a los trabajadores H-2A en un idioma entendido por el trabajador como necesario y razonable.
El empleador acepta proporcionar empleo a cualquier trabajador estadounidense calificado y elegible que solicite al empleador hasta que haya transcurrido el 50 por ciento del período del contrato de trabajo.",[],[],,https://seasonaljobs.dol.gov/es/jobs/H-300-25063-742736?utm_campaign=google_jobs_apply&utm_source=google_jobs_apply&utm_medium=organic,,[],2025-06-11
1331e968abf14a2faa2ecedaa79ce1c1,rapidapi1,SUPERVISOR DE TURNO (TIEMPO COMPLETO),Compass Group Careers Spanish,"Falls Church, US","Morrison Healthcare
• Estamos contratando de inmediato para un puesto de SUPERVISOR DE TURNO a tiempo completo.
• Ubicación: campus médico de Inova Fairfax, 3300 Gallows Road, Falls Church, VA 22042. Nota: solo se aceptan solicitudes en línea.
• Horario: horario completo. De 6:00 a.m. a 2:00 p.m., fines de semana rotativos. Los días pueden variar. Más información en la entrevista.
• Requisito: se requiere 1 año de experiencia previa como supervisor.
• Ventajas: Bono de inicio de sesión de 750$!
• Tarifa de pago: 17,00$ por hora.

Haga una diferencia en la vida de las personas, de su comunidad y de usted mismo. Únase a una cultura de oportunidades con Morrison Healthcare. Nuestras carreras están llenas de propósito y le permiten transformar las experiencias de atención médica. Eche un vistazo al poder de los alimentos!

Morrison Healthcare es una empresa nacional líder en servicios de alimentación y nutrición que presta servicios a más de 1000 hospitales y sistemas de salud en 46 estados, muchos de los cuales están reconocidos como los mejores hospitales y sistemas de salud según la clasificación de U.S. News & World Report. Durante más de 70 años, Morrison ha prestado servicios a algunos de los sistemas de salud más grandes del país y ha aportado una experiencia culinaria, nutricional y operativa que transforma verdaderamente la experiencia gastronómica de los centros de salud. Morrison cuenta con más de 1600 dietistas registrados, 1200 chefs ejecutivos y 31 000 miembros del equipo profesional de servicios de alimentos. La compañía ha sido reconocida como uno de los mejores lugares para trabajar de Modern Healthcare desde 2012.

Resumen del trabajo

Resumen: Dirige las actividades de los empleados durante un turno específico y supervisa que se cumplan las expectativas laborales asignadas mientras se mantienen las políticas y los procedimientos.

Deberes y responsabilidades esenciales:
• Responsable de brindar capacitación y crear horarios de trabajo.
• Evaluar el desempeño de los trabajadores, recompensar a los trabajadores de alto desempeño y disciplinar a los empleados que no cumplan con estándares razonables de desempeño laboral.
• Prepare informes de producción o ventas para la gerencia y asegúrese de que su unidad cumpla con las expectativas de calidad, productividad y seguridad.
• Actúa como persona de contacto para los empleados que presentan quejas o solicitudes de tiempo libre.
• Puede actuar como mentor, desarrollar a los empleados y alentarlos a establecer metas y esforzarse por avanzar dentro de la organización.
• Realice otras tareas según lo asignado.

BENEFICIOS PARA LOS MIEMBROS DE NUESTRO EQUIPO
• Los puestos a tiempo completo y parcial ofrecen los siguientes beneficios: plan de jubilación, programa de compras para asociados, programas de salud y bienestar, mercado de descuentos, protección contra robo de identidad, seguro para mascotas y otros beneficios voluntarios, como el seguro de enfermedades graves, el seguro de accidentes, el seguro de indemnización hospitalaria, los servicios legales y el programa Choice Auto and Home
• Los puestos de tiempo completo también ofrecen los siguientes beneficios a los asociados: seguro médico, dental, oftalmológico, de vida/AD, seguro de discapacidad, beneficios para viajeros, programa de asistencia al empleado y cuentas de gastos flexibles (FSA)

Los empleados también pueden ser elegibles para recibir beneficios por tiempo libre remunerado o no remunerado de acuerdo con las leyes federales, estatales y locales aplicables. Para trabajar en el estado de Washington o Maryland, o para trabajar de forma remota, haga clic aquí para obtener información sobre los beneficios por tiempo libre remunerado.

Morrison Healthcare es miembro de Compass Group. Compass Group es un empleador que ofrece igualdad de oportunidades. En Compass, nos comprometemos a tratar a todos los solicitantes y asociados de manera justa en función de sus habilidades, logros y experiencia sin distinción de raza, nacionalidad, sexo, edad, discapacidad, condición de veterano, orientación sexual, identidad de género o cualquier otra clasificación protegida por la ley.

Los candidatos calificados deben poder desempeñar las funciones esenciales de este puesto de manera satisfactoria con o sin una adaptación razonable. Descargo de responsabilidad: este puesto de trabajo no es necesariamente una lista exhaustiva de todas las responsabilidades, habilidades, tareas o requisitos esenciales asociados con este puesto. Si bien esto pretende reflejar con precisión el puesto publicado, la Compañía se reserva el derecho de modificar o cambiar las funciones esenciales del puesto en función de las necesidades empresariales.

Las solicitudes se aceptan de forma continua.

Fecha límite de solicitud: las solicitudes se aceptan de forma continua hasta que se cubran todas las vacantes para este puesto. Si un candidato es rechazado debido a que el puesto está siendo cubierto, aún puede ser considerado para futuras oportunidades y siempre puede volver a postularse.

Morrison Healthcare mantiene un lugar de trabajo libre de drogas.",[],[],,https://trabajos.compassgroupcareers.com/supervisor-de-turno-tiempo-completo/job/29133896?utm_campaign=google_jobs_apply&utm_source=google_jobs_apply&utm_medium=organic,,[],2025-06-11
448871b9e7ba494fdbe82e629713b1e9,rapidapi1,Trabajador De Paisajismo Y Jardinería,"Ruppert Landscape, LLC","Forestville, US","Los deberes pueden incluir: bajo supervisión directa el cuidado de las propiedades: agua, maleza, recortar / podar, cortar, bordear, rociar / aplicar fertilizantes, limpiar macizos de flores, recoger y eliminar la basura. Rastrillar, cavar, transportar o esparcir la capa superior del suelo y / o paja / mantillo según sea necesario. Ayudar con la instalación de sistemas de aspersión/riego/drenaje; Invernada y puesta en marcha en primavera incluida, utilizando métodos de riego: ajustar la cantidad de consumo de agua y evitar el desperdicio. Siga el plan / diseño / cronograma del paisaje: plante o gire el follaje, las flores, los pastos, los árboles / arbustos, instale jardines de rocas, instale unidades de pared de mampostería de concreto segmentado sin mortero (para fines de paisajismo), instale / coloque césped o césped según sea necesario y otras actividades relacionadas con el paisajismo y el mantenimiento del terreno según SOC / OES 37-3011 (onetonline.org).

Horario estándar/esperado: lunes a viernes de 6:30 a.m. a 3:30 p.m. Ofreciendo más de 40 (más) horas por semana; sin incluir el almuerzo y/o las pausas aplicables. Posible trabajo de fin de semana/vacaciones. Las horas de inicio / finalización, las horas ofrecidas y / o las horas extras pueden variar, ya que pueden depender de otros factores, como las necesidades del proyecto / horario / servicio, el clima y el tiempo de viaje entre los sitios de trabajo (si corresponde). Horas extras posibles, pero no requeridas o garantizadas. A discreción exclusiva del empleador: posibles aumentos y / o bonificaciones basadas en factores individuales como el rendimiento laboral o la habilidad (no garantizada).",[],[],,https://seasonaljobs.dol.gov/es/jobs/H-400-24308-449439?utm_campaign=google_jobs_apply&utm_source=google_jobs_apply&utm_medium=organic,,[],2025-06-11
ddf0a79ec615132d9a9ce626c943f93a,rapidapi1,Asistente De Oficina/asistente De Reclutamiento,"Millennium Pool Management, LLC","Springfield, US","Ayudar a los recursos humanos / reclutamiento en el proceso de contratación, como el monitoreo de solicitudes de empleo, entrevistas y programación de empleados, específicamente: Ayudar a los reclutadores a organizar ferias de empleo, obtener candidatos y actualizar la base de datos de recursos humanos de MPM, y usar el sistema para procesar a los solicitantes contratados y los empleados que regresan. Ayudar con la programación de los empleados, la confirmación de la disponibilidad y monitorear las solicitudes de cambio de disponibilidad
Ayudar a los departamentos de recursos humanos con las tareas administrativas de rutina, tales como: impresión y ensamblaje de materiales impresos relacionados con el empleo, ayudar con la organización de eventos de los empleados.
Recepción, selección y enrutamiento de llamadas entrantes. Proporcionar a las personas que llaman información general, así como ayudar tanto a los empleados como a los clientes a través de problemas y/o preguntas. Ayude con las tareas rutinarias de administración de la oficina y mantenga el área de la oficina principal de manera ordenada.
Posible trabajo de fin de semana",[],[],,https://seasonaljobs.dol.gov/es/jobs/H-400-25001-581001?utm_campaign=google_jobs_apply&utm_source=google_jobs_apply&utm_medium=organic,,[],2025-06-11
