job_id,source,job_title,company,location,description,skills,careers_required,date_posted,url,career_tag,soft_skills_detected,extraction_date
6a7b34113544262e149e48e47408f06b,jooble,"Aplicar por empleo- plomería, mecánica y eléctrica de nivel de entrada",Excel Services Inc,"Louisville, KY","&nbsp;...Excel 
 Excel Services es una empresa de servicio completo de diseño/construcción, contratación y mantenimiento de electricidad, <b>mecánica,</b> plomería y tecnología con sede en Louisville, Kentucky. 
 Nombrada ""Una de las compañías de más rápido crecimiento de Estados Unidos...&nbsp;",[],[],2025-05-20T00:00:00.0000000,https://jooble.org/away/-735929849391240114,,[],2025-06-11
a5a69d4c4c362965cdda73658b260eb0,jooble,Settup,Kelly Services,Puerto Rico,"&nbsp;...nEl SETTUP es responsable de realizar ajuste a las maquinarias de producci?ón, hacer prueba para corregir las fallas, reparaciones <b>mecánicas </b>livianas y llevar a cabo mantenimientos preventivos. Responsable por el funcionamiento de la línea de producción, incluyendo la...&nbsp;",[],[],2025-05-22T00:00:00.0000000,https://jooble.org/away/-3317697790059385542,,[],2025-06-11
ed27c35371b3e8d2e0597873305f9f58,jooble,Electricista,Genera PR LLC,Puerto Rico,"&nbsp;...Ambiente de trabajo mayormente bajo las inclemencias del tiempo. 
 Condiciones mojadas y húmedas. 
 Trabajar cerca de piezas <b>mecánicas </b>en movimiento. 
 Humos o partículas en el aire. 
 Trabajar cerca o manipular productos químicos tóxicos. 
 Temperaturas diversas...&nbsp;",[],[],2025-05-28T00:00:00.0000000,https://jooble.org/away/57808554832975097,,[],2025-06-11
ada5c298ea4c74ce42743f1c6d4e1792,jooble,Técnico Automotriz,NIMAY KENNEDY,Puerto Rico,"&nbsp;...visualmente o con equipos de diagnóstico informático. 
 Realiza pruebas en piezas y sistemas específicos para confirmar la función <b>mecánica </b>adecuada; asegura que todas las partes críticas sean examinadas. 
 Realiza reparaciones, reemplazos o mantenimiento cuando lo...&nbsp;",[],[],2025-06-05T00:00:00.0000000,https://jooble.org/away/671578875565286969,,[],2025-06-11
98bb07b7acbfa1b11c3a8675436bc7a7,jooble,PACKAGING OPERATOR,Millicent Puerto Rico LLC,Puerto Rico,"&nbsp;...y equipos. 
 Realizar cambios de formato, limpieza y montaje de equipos. 
 Detectar y reportar desviaciones, anomalías o fallas <b>mecánicas </b>al supervisor. 
 Área de Empaque 
 Montaje, desmontaje y operación de líneas de empaque primario y secundario (blister, frascos,...&nbsp;",[],[],2025-06-10T00:00:00.0000000,https://jooble.org/away/8507788941610525496,,[],2025-06-11
cf44d7acd519284a8879f65f4d7c1e0d,jooble,Mecanico Diesel,H & H Solar LLC,Puerto Rico,"&nbsp;...actualizado con las nuevas tecnologías y mejores prácticas en el mantenimiento de generadores industriales. 
 Diploma o certificación en <b>Mecánica </b>Diésel o campo relacionado. 
 Experiencia en el mantenimiento y reparación de generadores diésel comerciales. 
 Conocimiento só...&nbsp;",[],[],2025-05-23T00:00:00.0000000,https://jooble.org/away/2750402918966212499,,[],2025-06-11
0f5cfa81eb135d452e37993869c3cc77,jooble,Maquinista,Flowserve,"Baton Rouge, LA","&nbsp;...que fabricar y modificar piezas para reparar máquinas de herramienta o mantener máquinas industriales, aplicando conocimientos de <b>mecánica,</b> matemáticas, propiedades del metal, diseño y procedimientos de mecanizado.  
  Este es un rol de 2º turno (5:00pm - 3:30am)...&nbsp;",[],[],2025-06-10T04:22:49.2030000,https://jooble.org/jdp/-6231982199593579824,,[],2025-06-11
a61e23bd9e764cee7a9dc0c36f28179b,jooble,TECNICO ELECTROMECANICO,Pan Pepin,Puerto Rico,"&nbsp;...Ingeniería 
 II. Requisitos 
 Licencia de ayudante de electricista y/o equivalente 
 Estudios conducentes a grado asociado en <b>Mecánica </b>Industrial y Electricista con Licencia de Aprendiz y certificado vocacional equivalente y dos años de experiencia en una posición...&nbsp;",[],[],2025-05-19T00:00:00.0000000,https://jooble.org/away/8228689460108219310,,[],2025-06-11
6a9cc336474b64999f6886bdb537b71f,jooble,Técnico de Mantenimiento,Genera PR LLC,Puerto Rico,"&nbsp;...lisis, filtración y aceite hidráulico. 
 Poseer habilidades efectivas de coordinación y comunicación. 
 Poseer una fuerte aptitud <b>mecánica,</b> conocimientos y habilidades. 
 Capaz de manejar múltiples proyectos simultáneamente y realizar tareas con una supervisión mínima...&nbsp;",[],[],2025-05-29T00:00:00.0000000,https://jooble.org/away/-4926912352319351645,,[],2025-06-11
37f93aa8781ea49c0bc9ab37018f1ec0,jooble,SUPERVISOR DE INGENIERIA,Pan Pepin,Puerto Rico,"&nbsp;...continua, garantizar el cumplimiento de normativas de seguridad y maximizar la eficiencia operativa. 
 Requisitos: 
 Curso Técnico de <b>Mecánica </b>Industrial o Electricidad 
 Mínimo 3 años de experiencia en industrias y campos similares 
 Dominio en los programas de...&nbsp;",[],[],2025-05-30T00:00:00.0000000,https://jooble.org/away/-4486217387213959573,,[],2025-06-11
75dc0fd11049b7cfc7b9d902f84f1b47,jooble,Automotive Mech. & Tinsmith,Tropigas de Puerto Rico Inc,Puerto Rico,"&nbsp;...Organización 
 Seguir instrucciones y procedimientos 
 Experiencia con uso de scanners y herramientas o equipos relativos a un taller de <b>mecánica </b>
 Licencias, certificaciones y permisos requeridos 
 Certificado de antecedentes penales negativo (30 días o menos)
 Licencias...&nbsp;",[],[],2025-05-25T00:00:00.0000000,https://jooble.org/away/-7540975088146008763,,[],2025-06-11
f4d75299cbec4db1acc82b6643815562,jooble,Gerente de operaciones,OmniSource México,"Monterey, CA","&nbsp;...requisitos de seguridad, salud y medio ambiente.
EDUCACIÓN FORMAL MÍNIMA REQUERIDA Licenciatura en ingeniería industrial, eléctrica, <b>mecánica </b>o similar. Maestría en Administración (deseable).
CONOCIMIENTOS Y DESTREZAS ESPECÍFICAS Sólidas habilidades de comunicación oral y...&nbsp;",[],[],2025-06-07T00:00:00.0000000,https://jooble.org/jdp/7790907784397117583,,[],2025-06-11
633780f283c916c69f432e6c3a192663,jooble,Vehicle Maintenance Coordinator,B Fernandez & Hermanos Inc.,Puerto Rico,"&nbsp;...Conocimiento en regulaciones y normativas de vehículos aplicables, análisis de costos, gestión de proveedores. 
 Conocimiento básico en <b>mecánica </b>automotriz y/o montacarga. 
 Excelentes destrezas en el uso de Microsoft Office 365 (Excel, Power Point, Outlook, Word) y Oracle....&nbsp;",[],[],2025-05-29T00:00:00.0000000,https://jooble.org/away/5317384290946025106,,[],2025-06-11
8409fcf681a9adf2ac504ec5d0e13ea8,jooble,Electrician,OWL Services,"Apopka, FL",&nbsp;...del código NFPAComeje con precisión el trabajo eléctricoAdministre y complete proyectos eléctricos prácticosRealice diversas tareas <b>mecánicas </b>y de construcciónRequisitos y habilidadesDebe tener un mínimo de 3 años de experiencia eléctricaDebe tener una licencia eléctrica...&nbsp;,[],[],2025-05-30T00:00:00.0000000,https://jooble.org/away/-78756627086676124,,[],2025-06-11
0cbc2ba128a6274c371d8b90fe49c31e,jooble,Mechanic,Environmental Management Inc,"Columbus, OH","&nbsp;...Job Description 
 Job Description  <b>MECÁNICA </b>DE FLOTAS Y EQUIPOS DE PAISAJISMO 

 Resumen: 

 Con la orientación del gerente de la flota, los mecánicos dan servicio y reparan todos los vehículos de la compañía, cortando el césped y los equipos de construcción mientras...&nbsp;",[],[],2025-05-29T00:00:00.0000000,https://jooble.org/away/-3219590317206108883,,[],2025-06-11
ecdb572f508c2adcd9ba74e12bc6cf55,jooble,Mecánico,"Akehurst Landscape Service, Inc","Joppa, MD","&nbsp;...necesario 
·  Reparar/reconstruir  sistemas hidráulicos, inculyendo cilindros/válvulas, manguearas y tuberias 
· Realiza reparaciones <b>mecánicas </b>mayores y menores en todos los equipos propiedad de la empresa, incluidos los frenos, la suspensión, la reparación/reconstrucción...&nbsp;",[],[],2025-06-07T00:00:00.0000000,https://jooble.org/away/-1242666112712548540,,[],2025-06-11
e46f3019b14a58c11fd27767d19616d2,jooble,Landscape Foreman,Environmental Management Inc,"Blacklick, OH","&nbsp;...empleado está expuesto regularmente a condiciones climáticas exteriores, condiciones húmedas o húmedas, trabajando cerca de partes <b>mecánicas </b>móviles y humos o partículas en el aire. El empleado está ocasionalmente expuesto a vibraciones, productos químicos tóxicos o cá...&nbsp;",[],[],2025-05-29T00:00:00.0000000,https://jooble.org/away/-8630068491236577925,,[],2025-06-11
e3e715cd5c19ea479c43fcfab58db8e1,jooble,Ingeniero Innovador,Odoo,"Miami, FL","&nbsp;...s y habilidades de comunicación para potenciar la interacción global.
Requisitos:
Título en Ingeniería (Informática, Electrónica, <b>Mecánica,</b> etc.) y experiencia relevante.
Pasión por la innovación y la tecnología.
Habilidades excepcionales de resolución de problemas y trabajo...&nbsp;",[],[],2025-06-07T00:00:00.0000000,https://jooble.org/jdp/5348608199589624396,,[],2025-06-11
c3cb552738409dfed778924edf4357a2,jooble,REPAIR,"Millwood, Inc.","Solon, OH","&nbsp;...funciones esenciales. Mientras desempeñan los deberes del trabajo, el empleado es expuesto regularmente a trabajar cerca de partes <b>mecánicas </b>en movimiento. El empleado es expuesto frecuentemente a gases o partículas en el aire. El empleado es ocasionalmente expuesto a...&nbsp;",[],[],2025-05-22T00:00:00.0000000,https://jooble.org/away/-4984810826141160747,,[],2025-06-11
9c737b0a48c08903b7de8386991a3292,jooble,Asistente de Manejo,4RR,Puerto Rico,"&nbsp;...encuentren en buen estado. Las tareas incluyen, pero no se limitan a mantenimiento de áreas verdes, construcción liviana, limpieza, <b>mecánica,</b> electricidad, carpintería, apoyo en actividades especiales, entre otras. 
 Requisitos: 
 Cuarto año de Escuela Superior...&nbsp;",[],[],2025-06-09T00:00:00.0000000,https://jooble.org/away/-7672340368076673461,,[],2025-06-11
457e69d60485af18b1b5113c2a94546f,jooble,LINE OPERATOR,Forestry Resources LLC,"Cross City, FL","&nbsp;...políticas y procedimientos de la Compañía. 
 Otros deberes según le sean asignados. 
 Habilidades Requeridas: 
 Conocimiento de <b>mecánica </b>básico. 
 Debe estar orientado en los detalles. 
 Debe ser capaz de aprender y comprender la interfaz del PLC. 
 Capacidad para...&nbsp;",[],[],2025-05-23T00:00:00.0000000,https://jooble.org/away/-8020243835604313665,,[],2025-06-11
a1f5e867fd155b465d216188a2909827,jooble,Superintendente Asistente,Thompson Golf Group,"Prior Lake, MN","&nbsp;...tareas según las indicaciones del superintendente y el mecánico. 
 Puede inspeccionar, diagnosticar y hacer algunas reparaciones <b>mecánicas </b>en diversos equipos de mantenimiento de campos de golf, incluyendo automóviles, camiones, zanjadoras, barredoras, rodillos, cortadoras...&nbsp;",[],[],2025-06-09T00:00:00.0000000,https://jooble.org/jdp/-4560709447997952567,,[],2025-06-11
befe9acef408b52b998822e8b2afdbf0,jooble,Cocinar,IHOP,"San Antonio, TX","&nbsp;...espera que trabaje?
 Exposición regular a los vapores de la cocina o a las partículas en el aire 
 Trabajo frecuente con piezas <b>mecánicas </b>móviles y productos químicos de limpieza 
 Exposición ocasional a condiciones húmedas y/o mojadas, temperaturas extremas, llamas...&nbsp;",[],[],2025-05-21T00:00:00.0000000,https://jooble.org/jdp/-2591033157491774410,,[],2025-06-11
cbc6c5e8f3ec0b15ef89a91a0bac31b3,jooble,Conductor de Camión,PRISM RESPONSE LLC,"Raleigh, NC","&nbsp;...planificar el transporte en consecuencia. 

 Los candidatos calificados también tendrán experiencia previa y demostrada en reparación de <b>mecánica </b>diesel y competencia en todo tipo de herramientas de reparación. Esta posición será responsable de poder diagnosticar y reparar...&nbsp;",[],[],2025-05-31T00:00:00.0000000,https://jooble.org/away/1049583628488897693,,[],2025-06-11
e87d8a75fa58adfddb16f28a9e1c9bc3,jooble,Limpiador General,Ubiquity Resources Group Inc.,"Charlotte, NC","&nbsp;...según lo asignado. 
 Supervise la limpieza de las áreas enteras del vestíbulo y la plaza. 
 Supervise y mantenga las escaleras <b>mecánicas </b>y las cabinas de los ascensores, incluidos los pisos, según sea necesario. Si están alfombrados, los pisos de los ascensores, las...&nbsp;",[],[],2025-06-04T00:00:00.0000000,https://jooble.org/away/8558578549421526524,,[],2025-06-11
83f03855216d47a2c43394cf993699d4,jooble,Ayudante de Mecanico,United Collection,Puerto Rico,"&nbsp;...instrucciones impartidas de la labor que se presenten en el sistema CDK, con el propósito de ejecutar las reparaciones correspondientes de la <b>mecánica </b>liviana. Es decir, cambios de aceite y filtro de motor, reemplazo de filtro de aire de motor, limpieza de terminal de baterías e...&nbsp;",[],[],2025-05-14T00:00:00.0000000,https://jooble.org/away/3216442092390849867,,[],2025-06-11
6116691934578695911f34308cd1cba0,jooble,Quick Lube Technician,United Collection,Puerto Rico,"&nbsp;...de las instrucciones impartidas de la labor que se presenten, con el propósito de ejecutar las reparaciones correspondientes de la <b>mecánica </b>liviana. Es decir, cambios de aceite y filtro de motor, reemplazo de filtro de aire de motor, limpieza de terminal de baterías e...&nbsp;",[],[],2025-05-14T00:00:00.0000000,https://jooble.org/away/-4456258751995090485,,[],2025-06-11
287e21f5dc83c02f04f6e5680e511329,jooble,Team Leader,Transmed Corp,Puerto Rico,"&nbsp;...asegura de que la flota y las facilidades estén limpias en óptimas condiciones 
 Coordinan en colaboración con el Departamento de <b>Mecánica </b>el mantenimiento de la flota asignada a la base 
 Conocimiento, Habilidades y Destrezas 
 Grado Asociado en Técnico de...&nbsp;",[],[],2024-01-31T00:00:00.0000000,https://jooble.org/away/8442596830693260108,,[],2025-06-11
b5e595667071b49fe1a3d78e3ef457fc,jooble,Irrigation Service Technician,Environmental Management Inc,"Blacklick, OH","&nbsp;...empleado está expuesto regularmente a condiciones climáticas exteriores, condiciones húmedas o húmedas, trabajando cerca de partes <b>mecánicas </b>móviles y humos o partículas en el aire. El empleado está ocasionalmente expuesto a vibraciones, productos químicos tóxicos o cá...&nbsp;",[],[],2025-05-29T00:00:00.0000000,https://jooble.org/away/4687352390242810585,,[],2025-06-11
130309446fa6f1a5135efe7ceae48714,jooble,Conductor,trabajito,"Santa Cruz, CA","&nbsp;...Requisitos 
 Licencia de conducir categoría C (excluyente)
 Libreta de servicio militar (obligatorio para varones)
 Conocimientos de <b>mecánica </b>automotriz (deseable)
 Formación: Bachiller en Humanidades / Técnico Automotriz o afines (deseable)
 Funciones 
 Operación...&nbsp;",[],[],2025-06-05T00:00:00.0000000,https://jooble.org/jdp/-245032321649981510,,[],2025-06-11
9992519792920b1f07eafa533a0f2e97,jooble,Tecnico de Encuadernacion,Arandell,"Menomonee Falls, WI","&nbsp;...incluyendo configuración y operación de encuadernadoras, preferible.
Conocimientos en corte, envío por correo y plegado valorados.
Aptitud <b>mecánica </b>y habilidades para resolver problemas imprescindibles.
Excelentes habilidades de comunicación verbal y escrita.
Fuertes...&nbsp;",[],[],2025-06-07T00:00:00.0000000,https://jooble.org/jdp/-1149688576586825290,,[],2025-06-11
0f59fc258f216fb06be1ac0963a96ba3,jooble,Ingeniero de Servicio,Trane Technologies,"La Crosse, WI","&nbsp;...equipos.
Contar con flexibilidad para trabajar fuera de horario y fines de semana.
Lo que traerás:
Recién Egresado de Ingeniería <b>Mecánica,</b> Eléctrica, Mantenimiento, Eléctrica-mecánica, carrera en Aire acondicionado y/ o refrigeración.
Experiencia de 1 año en trabajo en...&nbsp;",[],[],2025-06-09T00:00:00.0000000,https://jooble.org/jdp/-391797449222849388,,[],2025-06-11
dc210344ec2ab0881ee88226cecc96f0,jooble,Gerente de Servicio,NFI Industries,"Orlando, FL","&nbsp;...las instalaciones, y tomar decisiones de reparación basadas en hechos y costos. Debe tener conocimientos profundos de reparación <b>mecánica,</b> experiencia en supervisión y productividad mecánica. Además, debe poseer conocimientos en computadoras, análisis de costos, evaluaci...&nbsp;",[],[],2025-06-08T00:00:00.0000000,https://jooble.org/jdp/58807085470512621,,[],2025-06-11
22f50f338f2cc63566f10a35122f1003,jooble,Gerente de Lote,Black River Outdoors,"Columbia, TN","&nbsp;...DMS de última generación. 
 Habilidades profesionales, confiables, enérgicas e interpersonales. 
 Orientado al detalle 
 Aptitud <b>Mecánica </b>
 Beneficios: 
 Horario flexible para mantener el equilibrio entre el trabajo y la vida personal. 
 Seguro integral de salud,...&nbsp;",[],[],2025-06-09T00:00:00.0000000,https://jooble.org/jdp/-8277225200154681314,,[],2025-06-11
8524f34206e6c4a0d50f632788e17082,jooble,Laborer & Material Handler,"Excel Cabinets, Inc","Corona, CA","&nbsp;...están climatizadas, las temperaturas interiores y exteriores son iguales. El nivel de ruido varía de bajo a alto. Encontrará piezas <b>mecánicas </b>móviles y vibraciones de máquinas; equipos motorizados; aire comprimido; carretillas elevadoras accionadas por propano; paletas y...&nbsp;",[],[],2025-05-29T00:00:00.0000000,https://jooble.org/away/2969452459801506390,,[],2025-06-11
233fa35a3ff3d86ea8925372c5aafec8,jooble,Obrero,CRH,"Tulsa, OK","&nbsp;...expuesto a humos o partículas en el aire y productos químicos tóxicos o  cáusticos. 
 El empleado está ocasionalmente expuesto a piezas <b>mecánicas </b>en movimiento; lugares altos y precarios; condiciones climáticas exteriores; y riesgo de descarga eléctrica o quemaduras. 
 El...&nbsp;",[],[],2025-06-04T11:59:33.6500000,https://jooble.org/jdp/7700202000553869778,,[],2025-06-11
ff1406dc5db6e02c76686d18fa3e3785,jooble,Operador de cable,ProSource Industries,"Grand Prairie, TX","&nbsp;...actualizado sobre las regulaciones de calidad. 
 Requisitos: 
 
 Tiene experiencia en montaje/producción de calidad y una gran aptitud <b>mecánica </b>
 Motivado y detallista 
 Atención al detalle, excelente destreza manual 
 Competente en habilidades matemáticas básicas...&nbsp;",[],[],2025-05-30T00:00:00.0000000,https://jooble.org/jdp/2911389414016256572,,[],2025-06-11
2f7ddd773365d33dc9a76ba74191dfd1,jooble,Rack Installer (TRAVELING),Reich Installation Services Inc,"Pewaukee, WI","&nbsp;...instalar sistemas industriales de estanterías (racks) y equipos relacionados. Este puesto está dirigido a personas con habilidades <b>mecánicas,</b> activas físicamente y con mentalidad de equipo. 

 Responsabilidades Clave 
 Subir y trabajar en alturas utilizando equipo de...&nbsp;",[],[],2025-05-30T00:00:00.0000000,https://jooble.org/away/-5717085008238964536,,[],2025-06-11
ef80d0bae8f1faadfcb303b8ac4a2649,jooble,ZL01-031725 Pharmaceutical Operator I (Barceloneta),Validation & Engineering Group,Puerto Rico,"&nbsp;...área farmacéutica o industria relacionada. 
 Conocimientos básicos de GMP y Seguridad en el manejo de materiales. 
 Habilidades <b>mecánicas.</b> 
 Destrezas de comunicación básica, verbal y escrita tanto en inglés como español. 
 Ejercer su función dentro de los requerimientos...&nbsp;",[],[],2025-05-16T00:00:00.0000000,https://jooble.org/away/-3775593307553068491,,[],2025-06-11
b21edbdc257d48ed698006583bef6137,jooble,Project Manager- Commercial Construction,Coastal Mechanical,"Tampa, FL","&nbsp;...Gerente de Proyecto de Construcción para las áreas de Tampa para gestionar grandes proyectos comerciales. Debe poseer conocimientos de <b>mecánica </b>y/o fontanería. *Si necesita ayuda para completar la solicitud, comuníquese con Liana u Orquidia al (***) ***-****

Requirements

•...&nbsp;",[],[],2025-06-07T00:00:00.0000000,https://jooble.org/jdp/962165697976224960,,[],2025-06-11
f9d32ac45abe068a19d65fd351756f1f,jooble,"Técnico de Servicio- Generadores, Bombas & Co",AGC Consulting,Puerto Rico,"&nbsp;...servicio de alta calidad. 

 Responsabilidades: 

 Técnicos de Generadores: 
 Conocimiento básico de electricidad y amplio de <b>mecánica.</b> 
 Grado técnico en mecánica diésel o electromecánica o experiencia equivalente. 
 Realizar inspecciones periódicas y...&nbsp;",[],[],2025-06-01T00:00:00.0000000,https://jooble.org/away/-5683240689820987310,,[],2025-06-11
dbca2ffe142168144d89e8eb7afc672f,jooble,Operador de Recuperación Pesada,Remote Mechanic Jobs,"Boston, MA","&nbsp;...interpersonales y de comunicación para la interacción con los clientes.
Why Join Us? Nuestra innovadora aproximación a los trabajos de <b>mecánica </b>remota está remodelando la industria, ofreciendo oportunidades inigualables para profesionales capacitados como tú. Al unirte a...&nbsp;",[],[],2025-06-08T00:00:00.0000000,https://jooble.org/jdp/1762959894216798683,,[],2025-06-11
3681020e0a617c01b04b0e010fde8ef4,jooble,Machine Operator,Kelly Services,Puerto Rico,"&nbsp;...ticas incluyendo equipo de ensamblaje robótico. 
\n 
\n  Requisitos: \n \n\t 
 Grado técnico completado de Soldadura, ingeniería, <b>mecánica,</b> delineante \n\t 
 Leer e interpretar planos\n\t 
 Experiencia mínima de 6 meses en ámbito laboral (No require experiencia...&nbsp;",[],[],2025-05-19T00:00:00.0000000,https://jooble.org/away/-8688796132084456884,,[],2025-06-11
41fe7fbbda1bcc406e49f347113bdf4c,jooble,Mecánico de vehículos pesados,Nueva Chevallier SA,"San Diego, CA","Buscamos un Medio Oficial Mecánico para incorporarse al equipo de Nueva Chevallier SA.
¿Te consideras una persona apasionada de la <b>mecánica </b>pesada, responsable y buscas una oportunidad para crecer profesionalmente? ¡Esta es tu oportunidad! Estamos en la búsqueda de...&nbsp;",[],[],2025-06-08T00:00:00.0000000,https://jooble.org/jdp/4715180594654943486,,[],2025-06-11
5af4f93ba3654b59604fc589737b02f1,jooble,Salesperson,"Advance Auto Parts, Inc.",Puerto Rico,"&nbsp;...ticas, como la instalación de baterías y la limpieza de limpiaparabrisas. El empleado también está expuesto ocasionalmente a piezas <b>mecánicas </b>móviles; lugares altos y precarios; sustancias químicas tóxicas o cáusticas; riesgo de descarga eléctrica; explosivos; y...&nbsp;",[],[],2025-05-23T00:00:00.0000000,https://jooble.org/jdp/-396722682562078130,,[],2025-06-11
b0cd388f4885860f84249ad7a57cd3fd,jooble,Electro-Mecanicos Bilingue,REX STAFFING,"Grand Prairie, TX","&nbsp;...e imperial. 
 Interpretación y diseño de esquemas eléctricos, mecánicos, neumáticos e hidráulicos. 
 Conocimientos sobre partes <b>mecánicas,</b> eléctricas y electrónicas de maquinaria. 
 Manejo de PLC, HMI, servodrives, sistemas de visión y refrigeración comercial. 
 Conocimientos...&nbsp;",[],[],2025-05-28T00:00:00.0000000,https://jooble.org/away/7567274680484090875,,[],2025-06-11
e9c1b3cb06712df0876549a05e15e65d,jooble,Miembro De Jardinar,"Akehurst Landscape Service, Inc","Joppa, MD","&nbsp;...Recortes de soplado 
 Poda de arbustos y árboles que utilizan cortasetos, motosierras o cizallas 
 Remoción de hojas, tanto <b>mecánicas </b>con equipo como a mano con rastrillos. 
 Plantando flores, árboles y arbustos. 
 Instalación de mantillo 
 Otros deberes asignados...&nbsp;",[],[],2025-05-16T00:00:00.0000000,https://jooble.org/away/-6099268300096218609,,[],2025-06-11
7f14f9d999f9611033aea0a4577f8238,jooble,Técnico de Mantenimiento,Element Logic Americas Career Page,"Valencia, CA","&nbsp;...estado y funcionalidad?de las instalaciones del proyecto asignado en Chile realizando acciones de mantenimiento a la especialidad <b>mecánica </b>y/o eléctrica para cumplir con los requerimientos según requerimientos del cliente y lo indicado por el supervisor. 

 Responsabilidades...&nbsp;",[],[],2025-05-17T00:00:00.0000000,https://jooble.org/away/-7440359164847484608,,[],2025-06-11
27b71c98b9442a391cf72ddfdbb05e64,jooble,Mecánico de Maquinaria Pesada,Remote Mechanic Jobs,"Salt Lake City, UT","&nbsp;...conocimientos.
Qualifications and Experience Qualifications Diploma de escuela secundaria o equivalente (requerido).
Certificación técnica en <b>Mecánica </b>Diesel, Reparación de Maquinaria Pesada o campos relacionados (preferido).
Experience Mínimo de 3 años de experiencia en reparació...&nbsp;",[],[],2025-06-11T00:00:00.0000000,https://jooble.org/jdp/3076800832534578148,,[],2025-06-11
eb53592fc0cc0274d25e83e8a72d4ed9,jooble,Mecanico Industrial,AppleOne,Puerto Rico,"&nbsp;.../h 
 ACTIVIDADES: 
- Realizar mantenimiento preventivo y correctivo en maquinaria industrial. 
- Diagnosticar y reparar fallas <b>mecánicas,</b> hidráulicas y neumáticas. 
- Inspeccionar y ajustar piezas y componentes para garantizar el correcto funcionamiento de los equipos...&nbsp;",[],[],2025-06-06T20:50:45.4700000,https://jooble.org/jdp/-5681415699757408747,,[],2025-06-11
3c43a6afcf764d783e79fc27d18342cd,jooble,Aplicacion para de Capataz,Ezetop LLC,"Milan, TN","&nbsp;...precarios, productos químicos tóxicos o cáusticos, y humos o partículas en el aire. Ocasionalmente, el empleado está expuesto a partes <b>mecánicas </b>en movimiento y vibración. El nivel de ruido en el ambiente laboral suele ser alto.

Acerca de Apex Building Company
Con un...&nbsp;",[],[],2025-06-08T00:00:00.0000000,https://jooble.org/jdp/6669457312688803264,,[],2025-06-11
a190ac044aaa2218502c4c11a115e42c,jooble,Production Assembler,Belcan,"Fort Worth, TX","&nbsp;...Recibe orientación de supervisión directa

Responsabilidades:

Realiza funciones básicas de ensamblaje/prueba utilizando habilidades <b>mecánicas,</b> herramientas manuales y eléctricas, herramientas mecánicas/electrónicas, equipos de prueba, accesorios de ensamblaje y equipos de...&nbsp;",[],[],2025-06-07T00:00:00.0000000,https://jooble.org/jdp/7464795347198966955,,[],2025-06-11
9448497b0c335444f5fd8c055b050276,jooble,Técnico de Vidrios para Automóviles,Synergistic International LLC,"Council Bluffs, IA","&nbsp;...reconocimiento nacional!
Tenga buen ojo para la perfección: necesitará un alto nivel de atención a los detalles. Las habilidades <b>mecánicas </b>y las habilidades para resolver problemas son cruciales para hacer bien el trabajo, la primera vez.
Programamos su día: no tiene que...&nbsp;",[],[],2025-06-11T00:00:00.0000000,https://jooble.org/jdp/-34826834595918663,,[],2025-06-11
5f173994f55cffacc05559f4fc0fd2f9,jooble,Ensamblador de Productos Pago Semanal,National Assemblers,"Los Angeles, CA","&nbsp;...innumerables clientes en todo el país.
Lo que Trae Usted:
Pasión por el trabajo práctico y la resolución de problemas.
Una fuerte aptitud <b>mecánica.</b>
Capacidad para levantar 40 libras.
Su propio transporte confiable y herramientas manuales básicas.
Mentalidad emprendedora con...&nbsp;",[],[],2025-06-10T02:24:35.4170000,https://jooble.org/jdp/-7938285969429012183,,[],2025-06-11
2a7be4c67bea8738409cc673967b2646,jooble,Auxiliar de Servicio,Coéxito,"Ventura, CA","&nbsp;...en la comercialización de baterías, autopartes, eficiencia energética, equipos de diagnóstico automotor, motopartes y servicios de <b>mecánica </b>automotriz, buscamos un Auxiliar de Servicio comprometido y motivado. Este puesto es clave para realizar labores de venta e...&nbsp;",[],[],2025-06-10T20:15:54.4430000,https://jooble.org/jdp/2662950036413089142,,[],2025-06-11
3b66cfa99d6120c8a892dbabcfaa126a,jooble,Sewing Machine Operator,ZipRecruiter,"Los Angeles, CA","&nbsp;...Experiencia demostrable como operador/a de máquina de coser
− Capacidad para crear, leer y seguir patrones
− Conocimiento básico de la <b>mecánica </b>de la máquina de coser
− Visión excelente o uso de medidas correctivas
− Innovador/a, reflexivo/a y atento/a a los detalles
−...&nbsp;",[],[],2025-06-08T00:00:00.0000000,https://jooble.org/jdp/4021075857598374438,,[],2025-06-11
80a17441730658e7c9f5a5b3beea773f,jooble,HVAC conducto de trabajo Fabricator,Sistemas Mecánicos,"Memphis, TN","&nbsp;...garantizar el mejor valor absoluto para el precio. Nos concentramos en las necesidades de nuestros clientes, la entrega de soluciones <b>mecánicas </b>en el diseño, ingeniería, construcción y eficiencia energética. 
 Estamos buscando un experimentado  HVAC conducto de trabajo...&nbsp;",[],[],2025-06-08T00:00:00.0000000,https://jooble.org/away/1224058214336006719,,[],2025-06-11
100dfa852ca54152a25f978e11422b0d,jooble,Production Operator III,Belcan,"Kennesaw, GA","&nbsp;...Debe poder utilizar herramientas manuales y eléctricas con o sin adaptaciones razonables.
* Debe poseer habilidades y habilidades <b>mecánicas </b>requeridas para realizar tareas de instalación, mantenimiento y limpieza de piezas.
* Puede ser necesario obtener y conservar un...&nbsp;",[],[],2025-06-05T12:36:44.4700000,https://jooble.org/jdp/8329541380292199572,,[],2025-06-11
928ebcb320397bba5a9a5386c3e67195,jooble,Lider Mecánico y Tuberías Proyecto,AtkinsRéalis,"Greenlawn, NY","&nbsp;...disciplina.

Otros afines a la responsabilidad del cargo.

Requisitos:
Formación Académica: Profesional Titulado(a) en Ingeniería <b>Mecánica </b>o Mecatrónica.
Manejo de Software: Ms Office intermedio, Fathom intermedio, Hammer intermedio.
Nivel de Inglés: Intermedio
Experiencia...&nbsp;",[],[],2025-06-07T00:00:00.0000000,https://jooble.org/jdp/-4043999977824455286,,[],2025-06-11
31186f1f098a539d567cc890a31d40f9,jooble,Operador de carretilla elevadora,FreshLine Produce LLC,"Mahwah, NJ","&nbsp;...las plataformas, y otras fuentes en áreas especificadas. 
 Equipo de los servicios según lo necesitado, divulgando dificultades <b>mecánicas </b>o eléctricas al mecánico del carro. 
 Realiza otros deberes relacionados según lo solicitado. 
 Habilidades/Destrezas  Requeridas...&nbsp;",[],[],2025-05-16T00:00:00.0000000,https://jooble.org/away/-8518161999211069280,,[],2025-06-11
ab932c74ba4fcb50d6692175efd64e92,jooble,2025 Solicitud General,Bettis Companies LLC,"Topeka, KS","&nbsp;...departamentos o puestos; pavimentación y mantenimiento de mezcla asfáltica o pavimentación, construcción general, camiones, grúas, <b>mecánica,</b>

Bettis Asphalt & Construction, Inc. es un empleador de igualdad de oportunidades y un lugar de trabajo libre de drogas. Se...&nbsp;",[],[],2025-06-08T00:00:00.0000000,https://jooble.org/jdp/4273523743565392620,,[],2025-06-11
53bd6fd727da4c1dd37fa030e94154d4,jooble,Chief Engineer - Boulder,Station Casinos,"Las Vegas, NV","&nbsp;...agua y vapor, fontanería, piscinas y sistemas de comunicación. Conocimiento de los códigos vigentes, incluidos los de construcción, <b>mecánica </b>y fontanería, electricidad, salud, incendios y seguridad, así como la autoridad que tiene jurisdicción sobre el código o códigos...&nbsp;",[],[],2025-06-07T00:00:00.0000000,https://jooble.org/jdp/-2978099335028289593,,[],2025-06-11
321b18da726f226a073eaa5274a5c7c4,jooble,"Diesel Mechanic Basic, Intermediate, Advanced.",ENSTRUCTURE LLC,"Houston, TX","&nbsp;...mecanismos operativos. 
 Conocimiento superior de herramientas de mantenimiento y equipos de reparación. 
 Cómodo usando herramientas <b>mecánicas </b>y eléctricas. 
 Excelentes habilidades para resolver problemas. 
 Gran atención al detalle. 
 Conocimiento básico de sistemas...&nbsp;",[],[],2025-05-30T00:00:00.0000000,https://jooble.org/away/-5290929368635113672,,[],2025-06-11
d3c6436ce73b01c6c2b1bcb679cb261e,jooble,Mecánico de Montagargas,VeRecruit,"Grand Prairie, TX","&nbsp;...montacargas dedicado para mantener, reparar y dar servicio a nuestra flota de montacargas. El candidato ideal tendrá una gran aptitud <b>mecánica,</b> excelentes habilidades para resolver problemas y un compromiso con la seguridad. El mecánico de montacargas será responsable de...&nbsp;",[],[],2025-06-05T00:00:00.0000000,https://jooble.org/away/7069441936501074513,,[],2025-06-11
ad51e86f2392fc2c0d493a4a31ee18f9,jooble,Líder del equipo de producción,McGrath,"Livermore, CA","&nbsp;...nuestros estándares. 

""Lo que Harás""
 Coordinar y priorizar el cronograma de trabajo para el equipo de producción, asignar tareas <b>mecánicas </b>modulares, aprender/entrenar según sea necesario y verificar la calidad de acuerdo con nuestros estándares. 
 Realizar...&nbsp;",[],[],2025-05-28T00:00:00.0000000,https://jooble.org/away/8938301907747103447,,[],2025-06-11
caaf535c09db6c67db146913a5578165,jooble,Asistente de la Habitación,"Bartell Hotels, a CALP","San Diego, CA","&nbsp;...gatee, y levante y/o mueva con frecuencia hasta 25 libras. Mientras realiza los deberes de este trabajo, el empleado a veces está expuesto a condiciones climáticas externas y partes <b>mecánicas </b>en movimiento. El nivel de ruido en el entorno de trabajo suele ser moderado....&nbsp;",[],[],2025-05-19T00:00:00.0000000,https://jooble.org/away/-5224979140725176801,,[],2025-06-11
78551861cd4ed0ad6822763c1ed6d68f,jooble,Pipero | Pipe Layer,HEI Civil - Texas,"Austin, TX","&nbsp;...Instalar estructuras de alcantarillado sanitario y pluvial, con experiencia en la colocación de tubería de hierro dúctil con junta <b>mecánica </b>en un entorno de 
 Contratista General de WTP/WWTP (Planta de Tratamiento de Agua/Planta de Tratamiento de Aguas Residuales)....&nbsp;",[],[],2025-05-30T15:18:22.3800000,https://jooble.org/jdp/1591466284397317005,,[],2025-06-11
7081dd203095614baf46379653dc1677,jooble,Assembler A,Belcan,"Dublin, GA","&nbsp;...costos. Recibe supervisión directa.

Responsabilidades:
*Realiza funciones básicas de ensamblaje y prueba utilizando habilidades <b>mecánicas,</b> herramientas manuales y eléctricas, herramientas mecánicas/electrónicas, equipos de prueba, accesorios de ensamblaje y equipos de...&nbsp;",[],[],2025-05-21T16:45:03.4070000,https://jooble.org/jdp/7178198852234382544,,[],2025-06-11
8119838f6b1d8252b316987eecc0c608,jooble,Técnico de Mantenimiento a Tiempo Parcial,The Cleaning Authority,"Farragut, TN","&nbsp;...cualquier momento entre el viernes a las 5 p.m. y el domingo a la medianoche. Esta persona debe ser confiable y tener habilidades <b>mecánicas </b>razonables para evaluar algo (en este caso, una aspiradora), desarmarlo, repararlo y volver a ensamblarlo. Este trabajo es ideal para...&nbsp;",[],[],2025-06-09T00:00:00.0000000,https://jooble.org/away/-7282218559773916991,,[],2025-06-11
0bdddaa4dc11e463e395d7dc62be5a49,jooble,Custodian Substitute Pool,Eugene School District,"Eugene, OR","&nbsp;...sobre diversos productos químicos de limpieza, disolventes y equipos utilizados en el trabajo de limpieza.
3. Algunas habilidades <b>mecánicas </b>para solucionar problemas y realizar reparaciones no complejas de herramientas y equipos eléctricos.
4. Buena condición física para...&nbsp;",[],[],2025-06-07T00:00:00.0000000,https://jooble.org/jdp/-5106769889326537494,,[],2025-06-11
70946f17e32c82ab4633042e95c748bd,jooble,Miembro de la Tripulación,DCA Outdoor Inc,"Banks, OR","&nbsp;...basura; propaga plantas de crecimientos; siembra cortes, semillas o liners a mano (incluye montar e insertar liners en la plantadora <b>mecánica)</b>; cava, carga, descarga o trasplanta raíces desnudas de plantas de vivero; endereza, ata, coloca estaca, poda y corta árboles y...&nbsp;",[],[],2025-05-16T00:00:00.0000000,https://jooble.org/away/-5172205943448933904,,[],2025-06-11
895e0d2a9311adf04cd313c8f080a4f1,jooble,Asociado de Almacén,Corporate Support & Fulfillment LLC,"Katy, TX","&nbsp;...necesario y durante las temporadas altas. 
 Puede implicar la exposición a maquinaria ruidosa, temperaturas fluctuantes y piezas <b>mecánicas </b>en movimiento. 
 Qué ofrecemos... 
~ Descuentos para empleados 
~ Las prestaciones sanitarias incluyen: seguro médico, dental,...&nbsp;",[],[],2025-05-12T00:00:00.0000000,https://jooble.org/away/-3248109771785520454,,[],2025-06-11
c3a0f2b4c52f1b1c7dbe3e5bca419ce0,jooble,Tecnico de Servicio,Otis Elevator Company,United States,"&nbsp;...CABA, BUENOS AIRES
**Estudios**
+ Titulo Terciario, Técnico o Profesional en Carreras de Ingeniería Electrónica, Electrotécnica, <b>Mecánica,</b> Industrial o afines.
**Experiencia**
+ Mínimo 1 año de experiencia en cargos similares o afines.
+ Ideal con experiencia en compa...&nbsp;",[],[],2025-05-27T00:00:00.0000000,https://jooble.org/jdp/-6859469012964569054,,[],2025-06-11
5a8398359ddbe3b914231222a34fa4c0,jooble,Mecánico Equipo Pesado,trabajito,"Santa Cruz, CA","&nbsp;...squeda De 
 Mecánico de Equipo Pesado 
   Ubicación:  Santa Cruz 
 Postula mediante este enlace: 
 Requisitos 
~ Técnico medio en <b>mecánica </b>automotriz o de equipo pesado. 
~1 año de experiencia en cargos similares. 
~ Conocimiento en sistemas hidráulicos. 
~...&nbsp;",[],[],2025-05-27T21:35:18.2449732+00:00,https://jooble.org/jdp/-4177283149724700982,,[],2025-06-11
637d5f33bfbc786cf683e18a8ffd436c,jooble,Tecnología de ensamblaje / construcción,Karl Malone PowerSports Glenwood,"Glenwood Springs, CO","&nbsp;...las inspecciones previas a la entrega y la preparación según sea necesario. 
 Lo que estamos buscando: 
 Preferiblemente aptitud <b>mecánica </b>o experiencia previa en montaje de vehículos o equipos. 
 Capacidad para utilizar herramientas manuales y eléctricas de forma...&nbsp;",[],[],2025-05-20T00:00:00.0000000,https://jooble.org/jdp/7851659867599137016,,[],2025-06-11
65ac9eff825463c16953323354430f54,jooble,Instalador comercial de HVAC - Con Experiencia,Sistemas Mecánicos,"Memphis, TN","&nbsp;...garantizar el mejor valor absoluto por el precio. Nos concentramos en las necesidades de nuestros clientes, entregando soluciones <b>mecánicas </b>en diseño, ingeniería, construcción y eficiencia energética. 
 Actualmente estamos buscando  instaladores comerciales de HVAC  para...&nbsp;",[],[],2025-06-08T00:00:00.0000000,https://jooble.org/away/-5980926313653353805,,[],2025-06-11
a8b478435001c331f5392781bcdf7660,jooble,Mecánico de Diesel Pesado (camiones comerciales),Remote Mechanic Jobs,"Atlanta, GA","&nbsp;...con mínima supervisión.
Gran atención a los detalles y compromiso con los estándares de seguridad.
Experience Certificación ASE en <b>mecánica </b>diesel o campo relacionado.
Licencia de Conducir Comercial (CDL).
Más de 5 años de experiencia en reparación de motores diesel...&nbsp;",[],[],2025-06-11T00:00:00.0000000,https://jooble.org/jdp/2987361483672116127,,[],2025-06-11
34dca83cf662cf4554fafd74aac357c4,jooble,Automotive Technician Mechanic,Automotive Services of Austin,"Austin, TX","&nbsp;...técnico automotriz, mecánico u otros campos relacionados 
 Conocimiento de equipos de diagnóstico y reparación. 
 Gran aptitud <b>mecánica </b>y habilidades para la resolución de problemas. 
 La certificación Ase es una ventaja pero no es obligatoria 
 Debe tener sus propias...&nbsp;",[],[],2023-05-25T00:00:00.0000000,https://jooble.org/away/-6081480336852522487,,[],2025-06-11
842ad644f7272cabc98322ad38ef91db,jooble,Experienced Cabinet Finisher / Pick-Up / Touch-Up,"Excel Cabinets, Inc","Corona, CA","&nbsp;...Desmonte y vuelva a montar los componentes del gabinete. 
# Corte orificios de acceso para tuberías de plomería, electricidad y gas (<b>mecánicas)</b>. 
# Instalación de gabinetes y conocimiento de opciones. 
# Los requisitos, conocimientos y habilidades del puesto enumerados...&nbsp;",[],[],2025-05-29T00:00:00.0000000,https://jooble.org/away/1378966266573633116,,[],2025-06-11
29204be31abf4fb1029abe5ae119cf57,jooble,Certified Addiction Counselor (ACT)- Part Time,Legacy Behavioral Health Services,"Valdosta, GA","&nbsp;...esenciales para las necesidades de comunicación del puesto.

Condiciones ambientales-

En el entorno de trabajo se encuentran piezas <b>mecánicas </b>móviles. El trabajo se realiza en un ambiente bien iluminado, con temperatura y humedad controladas. Se le podrá solicitar en...&nbsp;",[],[],2025-06-07T00:00:00.0000000,https://jooble.org/jdp/8994688848703370764,,[],2025-06-11
e7cb6da94022b627a89ed070a7f0a46b,jooble,Técnico de conserjería de tienda - Americana at Brand,H&M Group,"Glendale, CA","&nbsp;...diariamente y lava con detergente mensualmente.
Frega pisos a máquina, incluyendo el decapado y el lavado.
Limpia ascensores y escaleras <b>mecánicas </b>diariamente.
Limpia todas las salas eléctricas, salas de LAN y salas de seguridad semanalmente.
Mantiene todos los equipos de...&nbsp;",[],[],2025-06-07T00:00:00.0000000,https://jooble.org/jdp/-1122174076323230279,,[],2025-06-11
9a85cf7098d9d595d4ebe9811ebb6cf7,jooble,Engineer-Preventative Maintenance,Hyatt,"Roseville, CA","&nbsp;...equivalente de estudios y experiencia. 
 Preferentemente conocimiento básico y experiencia en carpintería, plomería, reparación <b>mecánica,</b> pintura y sistemas de aire acondicionado y calefacción (HVAC). 
 Capacidad de demostrar exactitud y meticulosidad; Monitorea su...&nbsp;",[],[],2025-05-22T08:23:35.1961766+00:00,https://jooble.org/jdp/8999071663059534568,,[],2025-06-11
00979c9ed1e5a97d63c2a53354875cab,jooble,MIDTOWN - Residential Care Specialist I,Legacy Behavioral Health Services,"Valdosta, GA","&nbsp;...aprobar una prueba de certificación después de la capacitación.
Debe tener la capacidad física para realizar RCP.
Conocimiento de la <b>mecánica </b>corporal y la capacidad de mover o transportar de forma segura a las personas atendidas; algunos de los cuales son obesos...&nbsp;",[],[],2025-06-09T00:00:00.0000000,https://jooble.org/jdp/6095696451475966208,,[],2025-06-11
36ea5c2464642cd15283ea6be4d6a6c2,jooble,Maintenance Mechanic,Westlake,"Greencastle, PA","&nbsp;...Realiza una variedad de tareas semi-calificadas en las áreas de plomería, carpintería, electricidad, fabricación, reparaciones <b>mecánicas,</b> lubricación de máquinas, pintura o enlucido 
 Mantiene, presta servicios y realiza reparaciones menores en edificios y equipos...&nbsp;",[],[],2025-04-02T14:45:25.7200000,https://jooble.org/jdp/5295327316249263282,,[],2025-06-11
89a5b473042ec977de3cad792c12845e,jooble,4/10-Production Worker,Belcan,"Milwaukie, OR","&nbsp;...bachillerato/GED
*De 0 a 3 años de experiencia relacionada en un entorno de fabricación

Habilidades y conocimientos:
*Buenas aptitudes <b>mecánicas</b>
*Capacidad para operar diversas herramientas manuales y maquinaria ligera
*Conocimientos matemáticos básicos
*Capacidad para...&nbsp;",[],[],2025-06-02T18:36:24.7100000,https://jooble.org/jdp/-8956348399299526571,,[],2025-06-11
5d89ce50dec64458e7b3b82fe99254ff,jooble,Operador/a De Maquinas,,"Leesburg, FL","&nbsp;...la línea de producción realizando revisiones y ajustes rutinarios. 
 Realizar solución de problemas básicos para resolver fallas <b>mecánicas </b>menores. 
 Seguir los protocolos de seguridad y mantener un área de trabajo limpia y organizada. 
 Colaborar con compañeros/as de...&nbsp;",[],[],2025-05-16T00:00:00.0000000,https://jooble.org/jdp/7642983862166276446,,[],2025-06-11
3cc25c00f637b57b1d2d78542225f881,jooble,Cuidador de Animales - Lamar,Seaboard Foods,"Lamar, CO","&nbsp;...enfoque.

AMBIENTE DE TRABAJO: Mientras realiza las funciones de este trabajo, el empleado ocasionalmente trabaja cerca de partes <b>mecánicas </b>en movimiento y ocasionalmente está expuesto a condiciones de humedad, así como a humos o partículas en el aire. El empleado está...&nbsp;",[],[],2025-06-11T00:00:00.0000000,https://jooble.org/jdp/-3807978071800960601,,[],2025-06-11
b89bd00722e1c259a745a23fc7127701,jooble,FREEZE DRY UTILITY OPERATOR - 1ST SHIFT,North Freeze Dry LLC,"Little Falls, MN","&nbsp;...Liofilización 
 Apoyar al operario de liofilización, aprendiendo su función y proporcionando una variedad de tareas tanto de naturaleza <b>mecánica </b>como manual. 
 Respaldar al Operario de Liofilización y realizar tareas de Operario de Liofilización. 
 Responsable de la carga...&nbsp;",[],[],2025-05-21T00:00:00.0000000,https://jooble.org/away/5356136716439720509,,[],2025-06-11
c4478a0c7b1fcd2f7134234f20741227,jooble,Engineering Intern,BIC Corporation,United States,"&nbsp;...las piezas de inyección, creación de planos, mediciones...
El alumno/a debe estar cursando los últimos cursos de grado ingeniería <b>mecánica,</b> diseño industrial, ingeniería de plásticos, ingeniería de procesos o máster en especialidades afines
Inglés fluido.
Ofrecemos flexibilidad...&nbsp;",[],[],2025-05-07T00:00:00.0000000,https://jooble.org/jdp/262222687272068018,,[],2025-06-11
8e14e0813eb998e1bbb039aa191b5ee4,jooble,Medio Oficial de Mantenimiento,Otis Elevator Company,United States,"&nbsp;...Garantizar el cumplimiento de las tareas establecidas en el Plan de Mantenimiento Preventivo, pudiendo realizar reparaciones eléctricas y <b>mecánicas </b>sencillas.
**Lo que necesitas para tener exito:**
+ Educación: Titulo Terciario, Técnico o Profesional en Carreras de Ingeniería...&nbsp;",[],[],2025-05-27T00:00:00.0000000,https://jooble.org/jdp/-5663256054562893964,,[],2025-06-11
1810cec2dc66269a915bfb365caccf94,jooble,Ensamblador de Producción,603 Manufacturing,"Hudson, NH","&nbsp;...Esta posición ofrece la oportunidad de trabajar en un ambiente dinámico y acelerado donde la atención al detalle y las habilidades <b>mecánicas </b>son altamente valoradas. 
 Esta posición requiere el uso de información o acceso a hardware y documentos que están sujetos a las...&nbsp;",[],[],2025-06-11T00:00:00.0000000,https://jooble.org/jdp/1412610788937577423,,[],2025-06-11
7208017facddb6f455098f39d091c031,jooble,Techador,CMC Roofing,"Denver, CO","&nbsp;...construcción y mantenimiento 
 La capacidad de realizar una variedad de tareas de mantenimiento y reparación semicalificadas; aptitud <b>mecánica;</b> Capacidad para realizar tareas al aire libre en una variedad de condiciones climáticas 
 EDUCACIÓN Y EXPERIENCIA   
 
 Se...&nbsp;",[],[],2025-04-04T00:08:08.2770000,https://jooble.org/jdp/397567545339946817,,[],2025-06-11
c6c7ecc2c1f9f50d88a8a4a42b20b9e5,jooble,BHCC HOUSEKEEPING - Environmental Tech PT,Legacy Behavioral Health Services,"Valdosta, GA","&nbsp;...trabajo:

Exigencias físicas: Debe poder estar de pie , caminando o de pie, hasta el 90% del turno. Debe poseer una amplia gama de <b>mecánica </b>corporal que implique agacharse, agacharse, alcanzar, levantar (hasta 60 libras) y empujar.

Condiciones ambientales: el uso de...&nbsp;",[],[],2025-06-11T16:44:04.5070000,https://jooble.org/jdp/5027180968332384441,,[],2025-06-11
61b72d16d18c46012586aa019d8d52cb,jooble,Instalador de Estructura (Structural Fitter),RK Mechanical,"Henderson, CO","&nbsp;...year of industry experience // Strong mechanical aptitude and ability to successfully operate proven fixtures. // Fuerte aptitud <b>mecánica </b>y capacidad para operar con éxito accesorios probados.

Excelentes habilidades para resolver problemas y capacidad para trabajar de...&nbsp;",[],[],2025-06-08T00:00:00.0000000,https://jooble.org/jdp/9083877956765353695,,[],2025-06-11
dbb8cc78cdc82f75db8462f731c6d87a,jooble,Mecánico de taller | Shop Mechanic,HEI Civil - Texas,"Lockhart, TX","&nbsp;...Familiaridad con los estándares OEM. 
 Diploma de escuela secundaria o equivalente GED (preferido). 
 Más de 2 años de experiencia en <b>mecánica </b>(preferiblemente en equipos pesados). 
 Conocimientos básicos de Cat SIS y ET (se ofrece capacitación). 
 Capacidad para...&nbsp;",[],[],2025-06-06T00:00:00.0000000,https://jooble.org/away/-1487792707125679398,,[],2025-06-11
f12a1b9bf205e38574547d7f6ac0ba88,jooble,Capataz,CMC Roofing,"Denver, CO","&nbsp;...MATERIALES Y EQUIPOS UTILIZADOS 
 Vehículos y equipos motorizados que pueden incluir productos químicos, herramientas manuales <b>mecánicas,</b> herramientas eléctricas y equipos de manipulación de materiales. Vehículos de motor, incluidas camionetas, camiones volquete, montacargas...&nbsp;",[],[],2025-04-02T13:23:00.6870000,https://jooble.org/jdp/-4381967654182554210,,[],2025-06-11
54a8c9442cce9d355bac4875c0234ed7,jooble,Production Assembler 1,Belcan,"Simi Valley, CA","&nbsp;...experiencia relacionada.
* Imprescindible experiencia con máquinas de coser.

Habilidades y conocimientos:
* Buenas aptitudes <b>mecánicas</b>
* Capacidad para operar diversas herramientas manuales y maquinaria ligera
* Capacidad para realizar cálculos matemáticos básicos...&nbsp;",[],[],2025-05-12T18:35:54.7800000,https://jooble.org/jdp/2737951764509924755,,[],2025-06-11
32ba66544e7d3e429030932dcc519e43,jooble,Construcción y Mantenimiento de Paisajismo,Benson Enterprises,"Rochester, NY","&nbsp;...al detalle. 
 Fuerte gestión del tiempo, habilidades de planificación de trabajo, habilidades para resolver problemas y aptitud <b>mecánica </b>son imprescindibles. 
 Actitud positiva con aprecio y entusiasmo hacia la industria. 
 Capacidad para trabajar al aire libre en...&nbsp;",[],[],2025-06-11T00:00:00.0000000,https://jooble.org/jdp/6395501500437924243,,[],2025-06-11
8e139dc73fc929332710c6575f4ede67,jooble,Nivel de Entrada Interesados en Servicio de HVAC,Sistemas Mecánicos,"Memphis, TN","&nbsp;...Servicio de HVAC 
 Compañía de  Sistemas Mecánicos  en Memphis, TN, está creciendo, y estamos buscando personas con orientación <b>mecánica </b>y técnica para unirse a nuestro equipo.  Si has trabajado en construcción, electricidad o fontanería o has completado recientemente...&nbsp;",[],[],2025-06-08T00:00:00.0000000,https://jooble.org/away/-8958230499006888769,,[],2025-06-11
454ef658cc0ed238448e6f09708560b9,jooble,Cuidador De Animal - Guymon/Beaver/Turpin/Forgan,Seaboard Foods,"Guymon, OK","&nbsp;...granja.

AMBIENTE DE TRABAJO: Mientras realiza las funciones de este trabajo, el empleado ocasionalmente trabaja cerca de partes <b>mecánicas </b>en movimiento y ocasionalmente está expuesto a condiciones de humedad, así como a humos o partículas en el aire. El empleado está...&nbsp;",[],[],2025-06-11T00:00:00.0000000,https://jooble.org/jdp/1450553439540030008,,[],2025-06-11
8b9d4494d073857c3f73a62ee34887b6,jooble,Técnico en Hidrolavado - Candidatos de habla Espanol,Envirovac,"Tuscaloosa, AL","&nbsp;...de hidroblasting y aspiración. 
 Debe garantizar del uso adecuado del equipo, y notificar a su supervisor sobre cualquier falla <b>mecánica </b>o problema de dicho equipo. 
 Debe vestir y utilizar adecuadamente el equipo de protección personal (EPP). Esto incluye, entre otros...&nbsp;",[],[],2025-05-31T00:00:00.0000000,https://jooble.org/away/-7285203094518829756,,[],2025-06-11
76f6264dbbb14dda93cc373c3363f3a6,jooble,Installer for Commercial Shades,Commonwealth Blinds & Shades,"Kernersville, NC",&nbsp;...experiencia previa en tratamientos de ventanas comerciales y/o experiencia en obras comerciales. El candidato debe tener habilidades <b>mecánicas </b>y experiencia con herramientas eléctricas. Este es un puesto de tiempo completo con beneficios disponibles. Semana laboral de 4 dí...&nbsp;,[],[],2025-04-02T11:50:49.4800268+00:00,https://jooble.org/jdp/1955115980139279949,,[],2025-06-11
849d5594d7d3ad358a1ff81b30f26e83,jooble,Miembro del equipo de producción,Gentex Corporation,"Zeeland, MI","&nbsp;...fabricación.

ENTORNO DE TRABAJO

Mientras cumple con las obligaciones de este puesto, el empleado puede estar expuesto a piezas <b>mecánicas </b>en movimiento, vidrio sin tratar, movimientos repetitivos y materiales peligrosos (p. ej., sustancias químicas inflamables, tóxicas...&nbsp;",[],[],2025-06-09T00:00:00.0000000,https://jooble.org/jdp/-6019498607851786922,,[],2025-06-11
41e805003c1943377245a483fd2b35ce,jooble,Mecánico de mantenimiento - Bilingüe (inglés y español),CRYOPAK INC,"Edison, NJ","&nbsp;...Diagnosticar mal funcionamiento y realizar las reparaciones necesarias o reemplazar piezas defectuosas. 
 Realiza habilidades <b>mecánicas </b>que incluyen, entre otras, resolución de problemas mecánicos, eléctricos, neumáticos e hidráulicos y reparación de máquinas de embalaje...&nbsp;",[],[],2025-06-02T00:00:00.0000000,https://jooble.org/away/8786220672426590532,,[],2025-06-11
463ac02aa438eace5fd3bdfc4b0ea89b,jooble,Técnico de Desarrollo de Producto,Stryker,United States,"&nbsp;...Formación en dibujo técnico (también se considerarán otras carreras técnicas con habilidades básicas demostrables, como tecnicatura en <b>mecánica </b>de precisión).
+ Conocimiento en lectura de planos y vistas.
+ Manejo de software como AutoCAD, SolidEdge, SolidWorks o similares....&nbsp;",[],[],2025-05-16T00:00:00.0000000,https://jooble.org/jdp/-2277358210106773650,,[],2025-06-11
685443442133b7ad6507d32f7779c792,jooble,Técnico Grandes Correctivos,Eosol Group,"Texas City, TX","&nbsp;...aerogeneradores o en un rol técnico similar en el sector de energías renovables. 
 Formación técnica o superior en ingeniería industrial, <b>mecánica,</b> eléctrica o afines. 
 Conocimiento profundo de sistemas eléctricos, mecánicos y de control relacionados con turbinas eólicas....&nbsp;",[],[],2025-06-06T00:00:00.0000000,https://jooble.org/jdp/-1170908017489050715,,[],2025-06-11
b13a2503801944fbf5a8fafee966d17c,jooble,Técnico Electromecánico.,Eosol Group,"San Antonio, TX","&nbsp;...fotovoltaicos, inversores y tecnología asociada al sector solar. Familiaridad con herramientas de diagnóstico y reparación eléctrica y <b>mecánica.</b> 
 Habilidades Informáticas  : Manejo avanzado de herramientas informáticas (MS Office, software de gestión de mantenimiento)....&nbsp;",[],[],2025-03-24T18:00:57.5100000,https://jooble.org/jdp/8729715898877776801,,[],2025-06-11
a1723de80f4a7d3b3934a65e29d8899b,jooble,Especialista en Tuberias Mecanicas,Garney Construction,"Anna, TX","&nbsp;...Mecanicas    disponible en  Anna, TX  está disponible a través de Garney Construction. 
 REQUISITOS 
 Instalar sistemas de tuberías <b>mecánicas,</b> maquinaria y equipo de acuerdo con los planos y especificaciones utilizando torno de izar, carretillas elevadoras, herramientas...&nbsp;",[],[],2025-05-18T07:06:49.6381978+00:00,https://jooble.org/jdp/-8790270085956119314,,[],2025-06-11
74c62fcfe1df6570b61d0ad783ea6623,jooble,RPO - FAA - Quality Inspector 2,Belcan,"Oro Valley, AZ","&nbsp;...inspecciones visuales continuas e ininterrumpidas, con y sin lupas.
* Realiza inspecciones visuales de conexiones soldadas, inspecciones <b>mecánicas </b>de ensambles y subensambles electrónicos y electromecánicos.
* Inspecciones visuales de ensambles soldados según las normas IPC-A...&nbsp;",[],[],2025-05-28T16:44:15.0930000,https://jooble.org/jdp/1899952911801805487,,[],2025-06-11
646576390bc881e3097fc543ab5fbeae,jooble,Engineering Technician I,Belcan,"Irvine, CA","&nbsp;...que requieran un alto grado de precisión en una o más de las siguientes funciones: Materiales y Procesos, Dinámica, Electrónica, <b>Mecánica,</b> Calibración y Atención al Cliente.

Responsabilidades:
* Operar la mayoría de los equipos de laboratorio, incluidos: dureza Rockwell...&nbsp;",[],[],2025-04-29T10:44:44.6030000,https://jooble.org/jdp/9018110083831282525,,[],2025-06-11
92df4195b7d24ce2291eac3cf888e7d7,jooble,Mechanical Engineer 3 - RPO Direct Hire,Belcan,"Danville, KY","&nbsp;...que le asigne la Gerencia.

Educación y experiencia:
* Licenciatura
* Se requiere más de 5 años de experiencia en ingeniería <b>mecánica,</b> con amplia experiencia en la ejecución de proyectos de ingeniería, analizando, planificando, organizando y dirigiendo la implementaci...&nbsp;",[],[],2025-06-10T16:44:04.5270000,https://jooble.org/jdp/1825970192927413914,,[],2025-06-11
7af5a849de3d51ad7397e3a95a049eed,jooble,NEW OUTLOOK FORENSIC - Residential Care Specialist I,Legacy Behavioral Health Services,"Valdosta, GA","&nbsp;...aprobar un examen de certificación después de la capacitación.
Se requiere la capacidad física para realizar RCP.
Conocimiento de la <b>mecánica </b>corporal y capacidad para mover o transportar de forma segura a las personas atendidas; algunas de las cuales son obesas....&nbsp;",[],[],2025-06-09T00:00:00.0000000,https://jooble.org/jdp/4071519779682198010,,[],2025-06-11
c3cf70bb8cb4b33154e7ca16b73024ac,jooble,Quality Control Technician 1: 3rd Shift,Milliken and Company,"Salisbury, MA",&nbsp;...trabajo se realiza en una planta de fabricación. Esta posición es sensible a la seguridad y trabaja regularmente alrededor de piezas <b>mecánicas </b>móviles y vehículos industriales motorizados. El nivel de ruido es generalmente alto. Las temperaturas pueden ser de más de 100...&nbsp;,[],[],2025-06-11T07:05:31.0632627+00:00,https://jooble.org/jdp/5851693117573023644,,[],2025-06-11
eb4259b5e45abe5cf56fba3567000791,jooble,Operador de CNC en Turno de noche,Rosenboom Machine & Tool Inc,"Sheldon, IA","&nbsp;...: 
 Operar y configurar una variedad de máquinas herramientas para producir piezas de precisión, aplicando el conocimiento de la <b>mecánica,</b> las matemáticas de la tienda, las propiedades del metal, el diseño y los procedimientos de mecanizado. 
 Para la descripción completa...&nbsp;",[],[],2025-06-07T00:00:00.0000000,https://jooble.org/away/2079835780554290368,,[],2025-06-11
c574ad8b1994959b6fcf22ab06efd882,jooble,Collision Repair Technician | Técnico de reparación de colisiones,Paytons Autobody LLC,"Bloomingdale, NJ","&nbsp;...Lijado/encintado/preparaci  ón para pintura. Pulido. Soldadura. Lavado y limpieza para la entrega. Algunos conocimientos básicos de <b>mecánica </b>son una ventaja, pero no son obligatorios. 
 Se requiere experiencia en reparación de colisiones y trabajos de carrocería. Debe...&nbsp;",[],[],2025-05-20T00:00:00.0000000,https://jooble.org/away/5611691327678327723,,[],2025-06-11
935934b2ced5d404c6d47740412ea655,jooble,"Ingeniero de Servicio en Campo (Zona Hidalgo, CDMX)",Anton Paar TriTec SA,"Hidalgo, TX","&nbsp;...estado de las reparaciones en nuestro sistema CRM.
Venta proactiva de contratos de servicios.
Requisitos:
Licenciatura en Ingeniería, <b>Mecánica,</b> Electrónica o similar.
Habilidades en el uso de instrumentos de medición y herramientas manuales.
Experiencia comprobada (2 años)...&nbsp;",[],[],2025-06-08T00:00:00.0000000,https://jooble.org/jdp/-777301972055677991,,[],2025-06-11
f4169d89268c5cc577ceb7b81d0333c2,jooble,Ingeniero de Atención Técnica al Cliente,trabajito,"Santa Cruz, CA","&nbsp;...INGENIERO DE ATENCIÓN TÉCNICA AL CLIENTE 
(Base Santa Cruz)
 Perfil Profesional 
 Egresado o Lic. en Ing. Industrial, Ing. <b>Mecánica,</b> Diseño Industrial. 
 Deseable experiencia en cargos similares. 
 Se valorará experiencia previa en cargos donde atención al cliente...&nbsp;",[],[],2025-05-30T21:35:18.6759952+00:00,https://jooble.org/jdp/981878074954959008,,[],2025-06-11
2afc5dc26e19d2facb77d3f2fba629dd,jooble,Gerente Sénior de Maquinaria | Senior Equipment Manager,HEI Civil - Colorado,"Denver, CO","&nbsp;...los proveedores. 

 Requisitos: 
 Se prefiere título universitario en Administración de la Construcción, Finanzas, Ingeniería <b>Mecánica </b>o campo relacionado; se considerará experiencia equivalente. 
 Más de 8 años de experiencia en gestión de equipos pesados civiles...&nbsp;",[],[],2025-06-07T06:46:52.8730000,https://jooble.org/jdp/5793750732447671566,,[],2025-06-11
4fe3f9e6d6fab1aa7b5fa5aaef73d48c,jooble,Técnico de producción - TIEMPO PARCIAL $18.00/HR,K-Flex USA,"Youngsville, NC","&nbsp;...los brazos y las piernas para levantar, alcanzar, empujar y tirar, y levantar objetos de hasta 50 libras. 
• Exposición a piezas <b>mecánicas </b>en movimiento, objetos calientes, temperaturas ambientales frías y calientes y ruido moderado. 

 Los beneficios no están disponibles...&nbsp;",[],[],2025-05-21T00:00:00.0000000,https://jooble.org/away/2162117670183102602,,[],2025-06-11
f3af029c76a3dd60018ca5ee50f13a12,jooble,Mecanico Autos (con o sin licencia) (Caguas),Firma de Reclutamiento en PR,Puerto Rico,"&nbsp;...Requisitos: 
 Diploma de cuarto año de escuela superior. 
 Formación académica en <b>mecánica </b>automotriz, tanto liviana como pesada, preferiblemente. 
 Licencia de conducir de Puerto Rico vigente. 
 Al menos un (1) año de experiencia laboral en mecánica automotriz o...&nbsp;",[],[],2025-06-05T11:11:28.4401210+00:00,https://jooble.org/jdp/-4902670059590865356,,[],2025-06-11
5cba2df71ee40e1499bd515287e8087a,jooble,"Oportunidad Pasantías Universitarias: Sourcing (Monterrey, Mexico) 2025",Baker Hughes,"Lawrence, KS","&nbsp;...tener éxito en este rol, deberás:

Estar actualmente inscrito en un título de licenciatura o maestría en Ingeniería, Tecnología, <b>Mecánica,</b> otro programa relacionado con STEM o relacionado con los negocios.

Haber mantenido una calificación de GPA mayor o igual a 3.0 de...&nbsp;",[],[],2025-06-08T00:00:00.0000000,https://jooble.org/jdp/6019016914597665001,,[],2025-06-11
4d11ad2e8fc324c8265938668cfc3dd8,jooble,Miembro del equipo de producción **tiempo completo o parcial,SEKISUI Aerospace- Orange City Operations,"Orange City, IA","&nbsp;...realicen las funciones esenciales. 
 Mientras realiza las funciones de este Trabajo, el empleado está expuesto regularmente a piezas <b>mecánicas </b>en movimiento. El empleado está frecuentemente expuesto a humos o partículas en el aire y vibraciones. El empleado está...&nbsp;",[],[],2025-05-29T00:00:00.0000000,https://jooble.org/away/5105691658802610511,,[],2025-06-11
13d81d9746ce4ff917024e913fe48fc4,jooble,Mecánico A en Antioquia con disponibilidad para viajar a nivel Nacional.,INTERASEO S.A.S E.S.P.,"Bell Gardens, CA","&nbsp;...eléctrico, suspensión, embragues, frenos, etc.).
Experiencia mínima de dos años en mantenimiento y reparación de motores diésel, <b>mecánica </b>de vehículos pesados, sistemas hidráulicos, y conducción de camiones. (Contar con Licencia C2 o estar dispuesto a adquirirla).
Salario...&nbsp;",[],[],2025-06-08T00:00:00.0000000,https://jooble.org/jdp/-5266988865061874512,,[],2025-06-11
102ab9ae9add97841738882c22ab44bc,jooble,Equipment Operator (Operador de Equipo),"MH CIVIL CONSTRUCTORS, INC","Fort Worth, TX","&nbsp;...Capacidad para leer planos de construcción relacionados con hormigón estructural y grados de terreno. 
# Excelentes habilidades <b>mecánicas.</b> 
# Capacidad para seguir instrucciones. 
# Se prefiere experiencia laboral previa. 
# Licencia de conducir de camioneta estatal...&nbsp;",[],[],2025-04-03T00:34:33.3400000,https://jooble.org/jdp/7349104534448432196,,[],2025-06-11
84df1ab98e029fd6098fd2628e769407,jooble,Facility Maintenance (Mantenimiento de instalaciones),Hyatt,"Calistoga, CA","&nbsp;...áreas delanteras de la casa, así como las áreas traseras de la casa, incluidos los sistemas de cocina, lavandería, electricidad, <b>mecánica </b>y HVAC. Un trabajador de mantenimiento de instalaciones también realizará el mantenimiento preventivo de los equipos y sistemas principales...&nbsp;",[],[],2025-04-15T00:00:00.0000000,https://jooble.org/jdp/-4127340897895269827,,[],2025-06-11
e79cb6b40c8137e8ad13c1e17f565e37,jooble,Ingeniero Especialista en Aplicación de Químicos (Agroindustria) en USA - FU,3 Amigos Recruiting LLC,"Tolna, ND","&nbsp;...en diferentes condiciones climáticas. 
 Se prefiere que el candidato cuente con licencia de conducir. 
 Se valoran habilidades <b>mecánicas,</b> así como formación académica y conocimientos en agronomía. 
 Enviar Curriculum en formato Word o PDF 
 Disponibilidad para tramitar...&nbsp;",[],[],2025-05-17T00:00:00.0000000,https://jooble.org/away/769099338546534267,,[],2025-06-11
650912c82c22bc79e363eef1ceae415e,jooble,Técnico de Mantenimiento para Importante Empresa de Servicios Eléctricos,MS Coach,"Ayer, MA","&nbsp;...eléctricos de medición y precisión.
- Diagnosticar y solucionar fallas en los equipos eléctricos.
- Realizar pruebas eléctricas y <b>mecánicas </b>para asegurar el correcto funcionamiento de los equipos.
- Cumplir con los estándares de seguridad y procedimientos establecidos....&nbsp;",[],[],2025-06-07T00:00:00.0000000,https://jooble.org/jdp/-2404931354883524017,,[],2025-06-11
d83ef4471fc0059c1d58e3bae214eafa,jooble,Carrocero de Vehículos Pesados,Nueva Chevallier SA,"San Diego, CA","&nbsp;...to fill this role Read the complete details below, and make your application today. 
¿Te consideras una persona apasionada de la <b>mecánica </b>pesada, responsable y buscas una oportunidad para crecer profesionalmente? ¡Esta es tu oportunidad! Estamos en la búsqueda de 1 medio...&nbsp;",[],[],2025-06-11T07:06:11.1170000,https://jooble.org/away/4311214395492884762,,[],2025-06-11
06c05e312fa73aec2002bc6a31cc656f,jooble,Seasonal Maintenance Mechanic - La Crema Winery,Jackson Family Wines,"Windsor, CA","&nbsp;...para trabajar 6 días a la semana de agosto a noviembre, incluyendo horas extras.
Responsabilidades esenciales:
~Realizar tareas <b>mecánicas </b>como lubricación, cambio de filtros y reparaciones mecánicas en bombas, compresores, sistemas HVAC y otros equipos.
~Instalar, diagnosticar...&nbsp;",[],[],2025-03-27T21:47:17.3570000,https://jooble.org/jdp/-4608244141018400831,,[],2025-06-11
263576aaf4a99eadfacdc37d078f48ff,jooble,CLASS A PORT DRIVER (PORT DIVISION) | CHOFER DE CLASE A (DIVISIÓN DE PUERTO),"Ecology Auto Parts, Inc.","Long Beach, CA","&nbsp;...remolques, asegurándose de seguir técnicas adecuadas de levantamiento. · Inspeccionar los vehículos en busca de posibles irregularidades <b>mecánicas/</b>problemas de seguridad y realizar mantenimiento preventivo según sea necesario. · Completar el papeleo requerido de manera precisa...&nbsp;",[],[],2025-05-22T00:00:00.0000000,https://jooble.org/away/-4368007269036916583,,[],2025-06-11
5f85f9316d3dc917950e7e7bee66d96a,jooble,Heavy Equipment Mechanic/Mecánico de Equipo Pesado,Teddy's Lawn & Landscape,"Livonia, MI","&nbsp;...in our mission to innovate and excel. 
 .. 
 Embárquese en un viaje profesional con Teddy's Landscape: 
¡Donde sus habilidades <b>mecánicas </b>impulsan el crecimiento y la innovación! Ingrese a un mundo donde su experiencia como mecánico de equipos pesados no es solo un trabajo...&nbsp;",[],[],2025-04-02T13:22:08.3630000,https://jooble.org/jdp/3949343751525424430,,[],2025-06-11
55cfedca0db0845e21784aa43dd4935f,jooble,Instalador y Soldador de Tuberia (Pipe Welder Fitter),"RK Mechanical, Inc.","Henderson, CO","&nbsp;...soldadura MIG y ARC. Familiaridad con TIG es una ventaja.
~Conocimientos de metalurgia.
~Conocimiento de técnicas de soldadura manual y <b>mecánica.</b>
~Knowledge of pipe trade tools (Two-Hole Pins, Center-finders, Conocimiento de herramientas específicas del comercio de tuberías...&nbsp;",[],[],2025-03-19T03:42:17.0430000,https://jooble.org/jdp/4452023370690055366,,[],2025-06-11
