job_id,source,job_title,company,location,description,skills,careers_required,date_posted,url,career_tag,soft_skills_detected,extraction_date
90a06bf3d9e1da2e80fcf338a8bf661b,jooble,SOFTWARE & COMPUTER VISION DEVELOPER,Fine Foods & Pharmaceuticals N.T.M. S.p.A.,"Houston, TX","&nbsp;...analisi dati.
Conoscenza avanzata delle Librerie/framework di computer vision (ES: OpenCV e Halcon).
Conoscenza avanzata in campo <b>matematico.</b>
Conoscenza base della lingua inglese.
Creatività.
Si offre inquadramento e retribuzione commisurati in base all'esperienza...&nbsp;",[],Matemática,2025-07-16T00:00:00.0000000,https://jooble.org/jdp/-5426337015547077182,,[],2025-07-18
44559d2b0545d75fc0a2a5b609612107,jooble,Insegnante per Ripetizioni e Aiuto Compiti di Matematica,Letuelezioni,"Naples, FL","Insegnante per Ripetizioni e Aiuto Compiti di <b>Matematica </b>Join to apply for the Insegnante per Ripetizioni e Aiuto Compiti di Matematica role at Letuelezioni
Insegnante per Ripetizioni e Aiuto Compiti di Matematica Join to apply for the Insegnante per Ripetizioni e Aiuto...&nbsp;",[],Matemática,2025-07-18T00:00:00.0000000,https://jooble.org/jdp/-6258384207637551731,,[],2025-07-18
9a7a1b86fa10d0b6e809647688ee0e4a,jooble,CYBERSECURITY SPECIALIST,Axians Italia,"Palo Alto, CA","&nbsp;...candidato/a ideale si presenta con i seguenti requisiti:
laurea in ambito STEM o cultura equivalente (Scienza, Tecnologia, Ingegneria, <b>Matematica)</b>;
Esperienza pregressa di almeno 3 anni in una realtà di System Integrator;
Conoscenza su infrastrutture Cloud;
Conoscenza in...&nbsp;",[],Matemática,2025-07-18T00:00:00.0000000,https://jooble.org/jdp/1744811609349966247,,[],2025-07-18
c8ef037287548233075aeccec51edcf2,jooble,Lider de grupo,Envirovac,"West Memphis, AR","&nbsp;...especfico y la poltica de la empresa, previniendo la contaminacin cruzada entre el equipo y los lugares de trabajo. 
 Habilidad de <b>matematica </b>basica. 
 Debe poder medir los trabajos cualitativos y cuantitativos que hayan realizado los empleados. 
 Competencias...&nbsp;",[],Matemática,2025-07-18T11:05:08.7400000,https://jooble.org/jdp/-7011793452505143660,,[],2025-07-18
caab87a8268c18b139b410f3af4e2a8d,jooble,Stage Cyber Security,keypartner,"Tulsa, OK","&nbsp;...interno finalizzato alla discussione della tesi.
Laurea in Informatica, Ingegneria informatica, Ingegneria delle Telecomunicazioni, <b>Matematica </b>e Fisica.
Conoscenza dei sistemi operativi più in uso (Unix, Linux) e delle piattaforme middleware.
I fattori critici di successo...&nbsp;",[],Matemática,2025-07-16T00:00:00.0000000,https://jooble.org/jdp/-425127378169651111,,[],2025-07-18
cb71c67fc3f0e80544571720dc253230,jooble,IT Project Manager,dot Academy,"Tulsa, OK","&nbsp;...un progetto IT.
Il candidato ideale possiede le seguenti caratteristiche, competenze e formazione:
Laurea in ambito scientifico (<b>Matematica,</b> Informatica, Fisica, Ingegneria) o Diploma Informatico;
Esperienza pregressa di almeno 3 anni nel ruolo;
Buona conoscenza della...&nbsp;",[],Matemática,2025-07-16T00:00:00.0000000,https://jooble.org/jdp/9067569292912786856,,[],2025-07-18
fcde536c9a5579372081b21d77ae02b9,jooble,ServiceNow Architect,NSR S.r.L.,"Tulsa, OK","&nbsp;...Garantire il rispetto delle normative di sicurezza e conformità
Requisiti:
Laurea in materie STEM (Scienze, Tecnologia, Ingegneria o <b>Matematica)</b>
Almeno 3 anni di esperienza comprovata su ServiceNow, con una forte conoscenza della configurazione della piattaforma, degli...&nbsp;",[],Matemática,2025-07-16T00:00:00.0000000,https://jooble.org/jdp/738118246985467043,,[],2025-07-18
9d21c07c025179b8439cd9a877a59d9f,jooble,Data-Driven platform specialist,Terna Group,"Tulsa, OK","&nbsp;...titolo preferenziale i seguenti requisiti:
Laurea in STEM (Informatica, Elettronica, Telecomunicazioni, Statistica, Ingegneria, <b>Matematica,</b> Fisica o simili).
Certificazioni in ambito Gestione Progetti quali a titolo esemplificativo: DevOps Foundation - DevSecOps Foundation...&nbsp;",[],Matemática,2025-07-17T00:00:00.0000000,https://jooble.org/jdp/-7949881192727077042,,[],2025-07-18
6cfc01cc92a5b291b16cc2dbd266f0cf,jooble,4 Data Scientist (Roma) - Anche Neolaureati,R2u,"Tulsa, OK","&nbsp;...desiderosi di mettersi in gioco e crescere professionalmente.
Responsabilità e Requisiti: Laurea magistrale in Informatica, Ingegneria, <b>Matematica,</b> Statistica, Fisica o discipline affini.
Conoscenza di linguaggi di programmazione come Python o SQL .
Familiarità con strumenti...&nbsp;",[],Matemática,2025-07-15T00:00:00.0000000,https://jooble.org/jdp/5877316410198404853,,[],2025-07-18
eef286b41975511570b6a3ac2bdeb86a,jooble,Gerente General,Newk's Eatery,"Gambrills, MD","&nbsp;...responsabilidades y funciones esenciales del trabajo incluyen, entre otras, las siguientes: 
⦁ Uncompromised Excellence está entrenado y <b>modelado </b>dentro del restaurante para garantizar la ejecución impecable y apasionada de cada detalle en cada turno, por parte de cada...&nbsp;",[],Matemática,2025-06-29T00:00:00.0000000,https://jooble.org/jdp/3228572373404613968,,[],2025-07-18
f42d762234dcac3becc2bee35fc0cba0,jooble,COORDINADOR COMUNITARIO,Boys & Girls Club,"San Juan, TX","&nbsp;...: conocimiento de los principios empresariales y de gestión involucrados en la planificación estratégica, asignación de recursos, <b>modelado </b>de recursos humanos, técnicas de liderazgo, métodos de producción y coordinación de personas y recursos. 
 Psicología: conocimiento...&nbsp;",[],Matemática,2025-06-25T00:00:00.0000000,https://jooble.org/jdp/7090237625094705540,,[],2025-07-18
3e82eeb970dd22fbb3597a020640bbb9,jooble,Arquitecto/a Proyectista,trabajito,"Santa Cruz, CA","&nbsp;...conocimiento en diseño conceptual, planos, detalles constructivos y documentación técnica. 
 Habilidades en el uso de software de diseño y <b>modelado </b>3D. 
 Capacidad para realizar renderizados y presentaciones visuales. 
 Trabajo en equipo, buen manejo del tiempo y atención a...&nbsp;",[],Matemática,2025-07-10T23:20:28.6170000,https://jooble.org/jdp/-7175872878836061862,,[],2025-07-18
52515f29d6409cc9edbfdd71dcd22770,jooble,Data Strategist,trabajito,"Santa Cruz, CA","&nbsp;..., Ingeniería de Sistemas o carreras afines. 
 Excel avanzado (Power Query, tablas dinámicas, fórmulas). 
 Power BI (relaciones, <b>modelado,</b> visualización de KPIs). 
 Power Pivot / DAX. 
 Conocimientos de análisis de portafolio, clustering, surtido, promociones. 
 Principales...&nbsp;",[],Matemática,2025-07-15T20:21:11.1700000,https://jooble.org/jdp/7522574818757640769,,[],2025-07-18
3296ae9e0f333309e85fc35c4a5d9e17,jooble,Director de Operaciones,"Chick-fil-A Hamilton & Wesley - Sioux City, Iowa","Sioux City, IA","&nbsp;...Entrenar y desarrollar a los líderes de equipo y a los miembros del equipo a través de la retroalimentación, la capacitación y el <b>modelado </b>de liderazgo constantes. 
 Colaborar con el director y el operador de recursos humanos en la planificación estratégica, la salud...&nbsp;",[],Matemática,2025-07-12T00:00:00.0000000,https://jooble.org/jdp/-4132667841769289731,,[],2025-07-18
9f87eb5c5dd4a6bff98a772927f035a5,jooble,Ingeniero Mecánico,Lince Consultora,"Miami, FL","&nbsp;...tanto para el rendimiento como para la capacidad de fabricación. 
  Enumeración de tareas a realizar:  
  
 Liderar el diseño y <b>modelado </b>3D de todos los componentes mecánicos de un túnel de congelación de nitrógeno o mecánico utilizando Autodesk Fusion 360....&nbsp;",[],Matemática,2025-07-16T10:03:35.9900000,https://jooble.org/jdp/-5971083476326546814,,[],2025-07-18
cb246220d805c7d82b523d7da412d70e,jooble,Arquitecto de Datos,Babel Group.,"Iowa, LA","&nbsp;...de datos (DAMA-DMBOK, TOGAF, BIAN, etc.).
Experiencia en migración y modernización de plataformas on-premise a la nube.
Dominio en <b>modelado </b>de datos, integración, calidad de datos, seguridad y privacidad .
Certificaciones en Azure (ej. Azure Solutions Architect Expert,...&nbsp;",[],Matemática,2025-07-17T00:00:00.0000000,https://jooble.org/jdp/-4268770389441311908,,[],2025-07-18
20dfd96e98b88e2403b9639595930b53,jooble,Arquitecto/a Datos,Santalucía Group,"Erwin, TN","&nbsp;...principales de dicha arquitectura (ODL-Operational Data Layer, MDL-Master Data Layer, VL - View Layer y SL - Service Layer).
Diseño y <b>modelado </b>de nuevas Soluciones Tecnológicas, sobre la arquitectura de datos corporativa, desde el ámbito de los datos, y con un enfoque de...&nbsp;",[],Matemática,2025-07-18T00:00:00.0000000,https://jooble.org/jdp/5929719846973541594,,[],2025-07-18
574cb04cf6be9a6dd439ac9aba3d13a0,jooble,Administrative Assistant Specialist,Belcan,"Naples, FL","&nbsp;...aplicables.
Se requiere dominio de Excel, incluyendo el uso de fórmulas avanzadas, tablas dinámicas, macros (automatización), gráficos y <b>modelado.</b>

Responsabilidades:
* Operar un procesador de texto, computadora personal o CRT para ejecutar todas las aplicaciones de...&nbsp;",[],Matemática,2025-07-15T18:49:29.9270000,https://jooble.org/jdp/1670130947596294880,,[],2025-07-18
b3848159ba616c88ec5a87080b5cb378,jooble,Ingeniero Civil/ Civil Engineer,TYLin,United States,"&nbsp;...mas no es excluyente.
+ Al menos 2 año de experiencia en el desarrollo digital de proyectos utilizando metodología BIM, incluyendo <b>modelado </b>3D, trabajo colaborativo en la nube, resolución de conflictos y documentación 2D.
+ Conocimiento de código AASHTO LRFD Bridge...&nbsp;",[],Matemática,2025-07-10T00:00:00.0000000,https://jooble.org/jdp/-5148129183387307456,,[],2025-07-18
05e5b15a2120f1e1f98669f710590147,jooble,Node.js Software Engineer,"Beesion Technologies, LLC.","Orlando, FL","&nbsp;...práctico y experiencia en el uso de Docker y Kubernetes.
Sólidos conocimientos en bases de datos Oracle y PostgreSQL, incluyendo <b>modelado </b>y consultas SQL.
Conocimientos en HTML5, CSS3, JSON y 
Experiencia trabajando con metodologías ágiles (Scrum/Kanban).
Actitud proactiva...&nbsp;",[],Matemática,2025-07-15T00:00:00.0000000,https://jooble.org/jdp/4611925727492703676,,[],2025-07-18
556749b2bd8b328498a8c28ac72a1275,jooble,Azure Data Engineer,Oxigent,"Tracy, CA","&nbsp;...Event Hubs, Azure Stream Analytics).
Creación, despliegue y monitorización de pipelines en Azure Data Factory y/o Azure Databricks.
<b>Modelado </b>y optimización en Azure Synapse Analytics y Azure SQL Data Warehouse.
Gestión de grandes volúmenes en Azure Data Lake Storage Gen2...&nbsp;",[],Matemática,2025-07-16T00:00:00.0000000,https://jooble.org/jdp/-3721166100036023807,,[],2025-07-18
17c5f2f9da0f8aeabf9ea508d0f3b664,jooble,Ingeniero de Datos,EX Squared LATAM,Latin America,"&nbsp;...soluciones robustas de integración de datos en entornos Microsoft. Este rol será clave en la construcción de flujos ETL eficientes y en el <b>modelado </b>de datos que impulse la toma de decisiones basada en información confiable y oportuna. 
 Si te apasiona trabajar con grandes volú...&nbsp;",[],Matemática,2025-07-01T00:00:00.0000000,https://jooble.org/jdp/-8923646215628809024,,[],2025-07-18
6684de43b0eb17c23606f2a09eb1a4c4,jooble,Ingeniero/a de Reservorios NOC,Aptitudsf,"New York, NY","&nbsp;...años en posiciones similares.
Experiencia específica en el cálculo de reservas de campos NOC.
Manejo del softwares de simulación, <b>modelado,</b> visualización y análisis de reservorios (deseable).
Funciones Principales: Coordinar la evaluación y desarrollo de proyectos para...&nbsp;",[],Matemática,2025-07-16T00:00:00.0000000,https://jooble.org/jdp/-2602208898871306992,,[],2025-07-18
7f1206ed81fdf9821a7eb7c0934c1e83,jooble,Mechanical Engineer 3 - RPO Direct Hire,Belcan,"Danville, KY","&nbsp;...servicio/soporte.
* Se valora la experiencia con sistemas de control (p. ej., DeltaV).

Habilidades y conocimientos:
* Dominio del <b>modelado </b>2D y 3D (p. ej., AutoCAD y SolidWorks).
* Conocimientos informáticos, incluyendo el uso de diversos programas como Microsoft...&nbsp;",[],Matemática,2025-07-11T18:49:32.2470000,https://jooble.org/jdp/-529257651277191270,,[],2025-07-18
646928a79fdc7c42db4ee3b9cdba3d18,jooble,Ingeniero de Datos en Azure Cloud,EX Squared LATAM,Remote,"&nbsp;...Conocimientos en procesamiento batch, streaming y consumo de APIs. 
 Nivel intermedio de programación en Python y avanzado en PySpark. 
 <b>Modelado </b>avanzado con Data Vault para arquitecturas Lakehouse. 
 Modelado con Estrella y Copo de Nieve en arquitecturas Data Warehouse....&nbsp;",[],Matemática,2025-07-01T00:00:00.0000000,https://jooble.org/jdp/3837622423267717126,,[],2025-07-18
ae9972a5f7f699f2540243ffe104162b,jooble,Consultor Técnico SAP SSAM (Service and Asset Manager) (Ref-TSP),Itps,"Miami, FL","&nbsp;...aportando conocimientos para la mejora continua de los procesos. 

 Requisitos: 
 Experiencia comprobada en  desarrollo ABAP  y <b>modelado </b>de datos en entornos SAP. 
 Conocimientos sólidos de  SAP S/4HANA  y  SAP SSAM (Service and Asset Manager) . 
 Comprensión...&nbsp;",[],Matemática,2025-07-01T11:04:45.5230000,https://jooble.org/jdp/-7119117441244988603,,[],2025-07-18
cdd529adfa4c5a65a1dd2dfadc153d85,jooble,Ingeniero Diseñador de Protección contra incendios / COL,WSP en Colombia,"Denver, IA","&nbsp;...actividades dentro de los proyectos.
Responder procesos administrativos de construcción (Submittals y RFIs) en Ingles.
Elaborar diseños, <b>modelado </b>y cálculos de sistemas de redes contra incendios.
Diseño de sistemas de rociadores automáticos para protección contra incendios....&nbsp;",[],Matemática,2025-07-16T00:00:00.0000000,https://jooble.org/jdp/3624226701585211344,,[],2025-07-18
652119280b6848a6ebaee87399e0d5bf,jooble,Analista CRM Salesforce (Sales Cloud-Marketing Cloud),Multiplica Talent,"Lima, OH","&nbsp;...Conocimientos sólidos en Salesforce Sales Cloud y Marketing Cloud 
 Experiencia en implementaciones de CRM o migraciones de CRM. 
 <b>Modelado </b>de negocios. 
 Pruebas de homologación. 
 Inglés técnico 
 Benefits 
~100% planilla desde el primer día. 
~100% de cobertura...&nbsp;",[],Matemática,2025-04-24T16:43:47.7630000,https://jooble.org/jdp/-6482276492234084591,,[],2025-07-18
2443ddcb699061f29ebc5a985b03f31d,jooble,Avanade Campus: Prácticas en Artificial Inteligent HUB Octubre 2025,Avanade Inc.,United States,"&nbsp;...Avanade mediante el análisis exploratorio de datos. Aplica tu conocimiento en estadísticas, aprendizaje automático, programación, <b>modelado </b>de datos, simulación y matemáticas avanzadas para reconocer patrones, identificar oportunidades, plantear preguntas de negocio y hacer...&nbsp;",[],Matemática,2025-07-08T00:00:00.0000000,https://jooble.org/jdp/-4404393468370579227,,[],2025-07-18
18bb44afaeab33fef8bee1cec8f1ffbd,jooble,Avanade Campus: Prácticas en Workplace Optimizacion con Tecnologías Microsoft Octubre 2025,Avanade Inc.,United States,"&nbsp;...soluciones y escenarios utilizando herramientas low-code/no-code que proporciona Power Platform tales como diseño de apps sin código, <b>modelado </b>de procesos y workflows, creación de paneles visuales de datos y desarrollo de bots y asistentes. 
* Gestión inteligente de la...&nbsp;",[],Matemática,2025-06-26T00:00:00.0000000,https://jooble.org/jdp/9057858246103848240,,[],2025-07-18
