job_id,source,job_title,company,location,description,skills,careers_required,date_posted,url,career_tag,soft_skills_detected,extraction_date
eef286b41975511570b6a3ac2bdeb86a,jooble,Gerente General,Newk's Eatery,"Gambrills, MD","&nbsp;...responsabilidades y funciones esenciales del trabajo incluyen, entre otras, las siguientes: 
⦁ Uncompromised Excellence está entrenado y <b>modelado </b>dentro del restaurante para garantizar la ejecución impecable y apasionada de cada detalle en cada turno, por parte de cada...&nbsp;",[],Matemática Aplicada,2025-06-29T00:00:00.0000000,https://jooble.org/jdp/3228572373404613968,,[],2025-07-18
ceec3fb6cd00dedbbb3b6c29267d8096,jooble,Representante de Ventas- Servicios Financieros,Intermex Wire Transfer,"Miami, FL","&nbsp;...entorno dinámico y cambiante con un equipo diverso. Se requiere experiencia en ventas telefónicas y capacidad analitica con enfoque <b>numerico.</b>
Debe poder trabajar en horarios de noche y fin de semana: 5 días a la semana con descanso Martes y Sábado -O- Miércoles y Domingo...&nbsp;",[],Matemática Aplicada,2025-07-17T00:00:00.0000000,https://jooble.org/jdp/7874586592782900255,,[],2025-07-18
ba80eb67e20f18f594ced09cf7349180,jooble,COORDINADOR COMUNITARIO,Boys & Girls Club,Puerto Rico,"&nbsp;...: conocimiento de los principios empresariales y de gestión involucrados en la planificación estratégica, asignación de recursos, <b>modelado </b>de recursos humanos, técnicas de liderazgo, métodos de producción y coordinación de personas y recursos. 
 Psicología: conocimiento...&nbsp;",[],Matemática Aplicada,2025-06-25T00:00:00.0000000,https://jooble.org/jdp/-8302838091358502045,,[],2025-07-18
3e82eeb970dd22fbb3597a020640bbb9,jooble,Arquitecto/a Proyectista,trabajito,"Santa Cruz, CA","&nbsp;...conocimiento en diseño conceptual, planos, detalles constructivos y documentación técnica. 
 Habilidades en el uso de software de diseño y <b>modelado </b>3D. 
 Capacidad para realizar renderizados y presentaciones visuales. 
 Trabajo en equipo, buen manejo del tiempo y atención a...&nbsp;",[],Matemática Aplicada,2025-07-10T23:20:28.6170000,https://jooble.org/jdp/-7175872878836061862,,[],2025-07-18
3296ae9e0f333309e85fc35c4a5d9e17,jooble,Director de Operaciones,"Chick-fil-A Hamilton & Wesley - Sioux City, Iowa","Sioux City, IA","&nbsp;...Entrenar y desarrollar a los líderes de equipo y a los miembros del equipo a través de la retroalimentación, la capacitación y el <b>modelado </b>de liderazgo constantes. 
 Colaborar con el director y el operador de recursos humanos en la planificación estratégica, la salud...&nbsp;",[],Matemática Aplicada,2025-07-12T00:00:00.0000000,https://jooble.org/jdp/-4132667841769289731,,[],2025-07-18
9f87eb5c5dd4a6bff98a772927f035a5,jooble,Ingeniero Mecánico,Lince Consultora,"Miami, FL","&nbsp;...tanto para el rendimiento como para la capacidad de fabricación. 
  Enumeración de tareas a realizar:  
  
 Liderar el diseño y <b>modelado </b>3D de todos los componentes mecánicos de un túnel de congelación de nitrógeno o mecánico utilizando Autodesk Fusion 360....&nbsp;",[],Matemática Aplicada,2025-07-16T10:03:35.9900000,https://jooble.org/jdp/-5971083476326546814,,[],2025-07-18
52515f29d6409cc9edbfdd71dcd22770,jooble,Data Strategist,trabajito,"Santa Cruz, CA","&nbsp;..., Ingeniería de Sistemas o carreras afines. 
 Excel avanzado (Power Query, tablas dinámicas, fórmulas). 
 Power BI (relaciones, <b>modelado,</b> visualización de KPIs). 
 Power Pivot / DAX. 
 Conocimientos de análisis de portafolio, clustering, surtido, promociones. 
 Principales...&nbsp;",[],Matemática Aplicada,2025-07-15T20:21:11.1700000,https://jooble.org/jdp/7522574818757640769,,[],2025-07-18
cb246220d805c7d82b523d7da412d70e,jooble,Arquitecto de Datos,Babel Group.,"Iowa, LA","&nbsp;...de datos (DAMA-DMBOK, TOGAF, BIAN, etc.).
Experiencia en migración y modernización de plataformas on-premise a la nube.
Dominio en <b>modelado </b>de datos, integración, calidad de datos, seguridad y privacidad .
Certificaciones en Azure (ej. Azure Solutions Architect Expert,...&nbsp;",[],Matemática Aplicada,2025-07-17T00:00:00.0000000,https://jooble.org/jdp/-4268770389441311908,,[],2025-07-18
574cb04cf6be9a6dd439ac9aba3d13a0,jooble,Administrative Assistant Specialist,Belcan,"Naples, FL","&nbsp;...aplicables.
Se requiere dominio de Excel, incluyendo el uso de fórmulas avanzadas, tablas dinámicas, macros (automatización), gráficos y <b>modelado.</b>

Responsabilidades:
* Operar un procesador de texto, computadora personal o CRT para ejecutar todas las aplicaciones de...&nbsp;",[],Matemática Aplicada,2025-07-15T18:49:29.9270000,https://jooble.org/jdp/1670130947596294880,,[],2025-07-18
20dfd96e98b88e2403b9639595930b53,jooble,Arquitecto/a Datos,Santalucía Group,"Erwin, TN","&nbsp;...principales de dicha arquitectura (ODL-Operational Data Layer, MDL-Master Data Layer, VL - View Layer y SL - Service Layer).
Diseño y <b>modelado </b>de nuevas Soluciones Tecnológicas, sobre la arquitectura de datos corporativa, desde el ámbito de los datos, y con un enfoque de...&nbsp;",[],Matemática Aplicada,2025-07-18T00:00:00.0000000,https://jooble.org/jdp/5929719846973541594,,[],2025-07-18
b3848159ba616c88ec5a87080b5cb378,jooble,Ingeniero Civil/ Civil Engineer,TYLin,United States,"&nbsp;...mas no es excluyente.
+ Al menos 2 año de experiencia en el desarrollo digital de proyectos utilizando metodología BIM, incluyendo <b>modelado </b>3D, trabajo colaborativo en la nube, resolución de conflictos y documentación 2D.
+ Conocimiento de código AASHTO LRFD Bridge...&nbsp;",[],Matemática Aplicada,2025-07-10T00:00:00.0000000,https://jooble.org/jdp/-5148129183387307456,,[],2025-07-18
05e5b15a2120f1e1f98669f710590147,jooble,Node.js Software Engineer,"Beesion Technologies, LLC.","Orlando, FL","&nbsp;...práctico y experiencia en el uso de Docker y Kubernetes.
Sólidos conocimientos en bases de datos Oracle y PostgreSQL, incluyendo <b>modelado </b>y consultas SQL.
Conocimientos en HTML5, CSS3, JSON y 
Experiencia trabajando con metodologías ágiles (Scrum/Kanban).
Actitud proactiva...&nbsp;",[],Matemática Aplicada,2025-07-15T00:00:00.0000000,https://jooble.org/jdp/4611925727492703676,,[],2025-07-18
556749b2bd8b328498a8c28ac72a1275,jooble,Azure Data Engineer,Oxigent,"Tracy, CA","&nbsp;...Event Hubs, Azure Stream Analytics).
Creación, despliegue y monitorización de pipelines en Azure Data Factory y/o Azure Databricks.
<b>Modelado </b>y optimización en Azure Synapse Analytics y Azure SQL Data Warehouse.
Gestión de grandes volúmenes en Azure Data Lake Storage Gen2...&nbsp;",[],Matemática Aplicada,2025-07-16T00:00:00.0000000,https://jooble.org/jdp/-3721166100036023807,,[],2025-07-18
075558d233722d4cfacb0d65d3df5f08,jooble,Ingeniero de Datos,EX Squared LATAM,Remote,"&nbsp;...soluciones robustas de integración de datos en entornos Microsoft. Este rol será clave en la construcción de flujos ETL eficientes y en el <b>modelado </b>de datos que impulse la toma de decisiones basada en información confiable y oportuna. 
 Si te apasiona trabajar con grandes volú...&nbsp;",[],Matemática Aplicada,2025-07-01T00:00:00.0000000,https://jooble.org/jdp/-6943609998588189433,,[],2025-07-18
6684de43b0eb17c23606f2a09eb1a4c4,jooble,Ingeniero/a de Reservorios NOC,Aptitudsf,"New York, NY","&nbsp;...años en posiciones similares.
Experiencia específica en el cálculo de reservas de campos NOC.
Manejo del softwares de simulación, <b>modelado,</b> visualización y análisis de reservorios (deseable).
Funciones Principales: Coordinar la evaluación y desarrollo de proyectos para...&nbsp;",[],Matemática Aplicada,2025-07-16T00:00:00.0000000,https://jooble.org/jdp/-2602208898871306992,,[],2025-07-18
7f1206ed81fdf9821a7eb7c0934c1e83,jooble,Mechanical Engineer 3 - RPO Direct Hire,Belcan,"Danville, KY","&nbsp;...servicio/soporte.
* Se valora la experiencia con sistemas de control (p. ej., DeltaV).

Habilidades y conocimientos:
* Dominio del <b>modelado </b>2D y 3D (p. ej., AutoCAD y SolidWorks).
* Conocimientos informáticos, incluyendo el uso de diversos programas como Microsoft...&nbsp;",[],Matemática Aplicada,2025-07-11T18:49:32.2470000,https://jooble.org/jdp/-529257651277191270,,[],2025-07-18
ea45a21cc3b1758aa08b19546eb1754c,jooble,Ingeniero de Datos en Azure Cloud,EX Squared LATAM,Latin America,"&nbsp;...Conocimientos en procesamiento batch, streaming y consumo de APIs. 
 Nivel intermedio de programación en Python y avanzado en PySpark. 
 <b>Modelado </b>avanzado con Data Vault para arquitecturas Lakehouse. 
 Modelado con Estrella y Copo de Nieve en arquitecturas Data Warehouse....&nbsp;",[],Matemática Aplicada,2025-07-01T00:00:00.0000000,https://jooble.org/jdp/-7732804755498451177,,[],2025-07-18
cdd529adfa4c5a65a1dd2dfadc153d85,jooble,Ingeniero Diseñador de Protección contra incendios / COL,WSP en Colombia,"Denver, IA","&nbsp;...actividades dentro de los proyectos.
Responder procesos administrativos de construcción (Submittals y RFIs) en Ingles.
Elaborar diseños, <b>modelado </b>y cálculos de sistemas de redes contra incendios.
Diseño de sistemas de rociadores automáticos para protección contra incendios....&nbsp;",[],Matemática Aplicada,2025-07-16T00:00:00.0000000,https://jooble.org/jdp/3624226701585211344,,[],2025-07-18
ae9972a5f7f699f2540243ffe104162b,jooble,Consultor Técnico SAP SSAM (Service and Asset Manager) (Ref-TSP),Itps,"Miami, FL","&nbsp;...aportando conocimientos para la mejora continua de los procesos. 

 Requisitos: 
 Experiencia comprobada en  desarrollo ABAP  y <b>modelado </b>de datos en entornos SAP. 
 Conocimientos sólidos de  SAP S/4HANA  y  SAP SSAM (Service and Asset Manager) . 
 Comprensión...&nbsp;",[],Matemática Aplicada,2025-07-01T11:04:45.5230000,https://jooble.org/jdp/-7119117441244988603,,[],2025-07-18
652119280b6848a6ebaee87399e0d5bf,jooble,Analista CRM Salesforce (Sales Cloud-Marketing Cloud),Multiplica Talent,"Lima, OH","&nbsp;...Conocimientos sólidos en Salesforce Sales Cloud y Marketing Cloud 
 Experiencia en implementaciones de CRM o migraciones de CRM. 
 <b>Modelado </b>de negocios. 
 Pruebas de homologación. 
 Inglés técnico 
 Benefits 
~100% planilla desde el primer día. 
~100% de cobertura...&nbsp;",[],Matemática Aplicada,2025-04-24T16:43:47.7630000,https://jooble.org/jdp/-6482276492234084591,,[],2025-07-18
2443ddcb699061f29ebc5a985b03f31d,jooble,Avanade Campus: Prácticas en Artificial Inteligent HUB Octubre 2025,Avanade Inc.,United States,"&nbsp;...Avanade mediante el análisis exploratorio de datos. Aplica tu conocimiento en estadísticas, aprendizaje automático, programación, <b>modelado </b>de datos, simulación y matemáticas avanzadas para reconocer patrones, identificar oportunidades, plantear preguntas de negocio y hacer...&nbsp;",[],Matemática Aplicada,2025-07-08T00:00:00.0000000,https://jooble.org/jdp/-4404393468370579227,,[],2025-07-18
18bb44afaeab33fef8bee1cec8f1ffbd,jooble,Avanade Campus: Prácticas en Workplace Optimizacion con Tecnologías Microsoft Octubre 2025,Avanade Inc.,United States,"&nbsp;...soluciones y escenarios utilizando herramientas low-code/no-code que proporciona Power Platform tales como diseño de apps sin código, <b>modelado </b>de procesos y workflows, creación de paneles visuales de datos y desarrollo de bots y asistentes. 
* Gestión inteligente de la...&nbsp;",[],Matemática Aplicada,2025-06-26T00:00:00.0000000,https://jooble.org/jdp/9057858246103848240,,[],2025-07-18
fdb9ca55832324f71fb190332f650b35,jooble,Representante Comercial Refrigeración,Johnson Controls,"Miramar, FL","&nbsp;...mano de obra de preventivos y correctivos prestando la solución a la medida de la necesidad del cliente. 
 Presta soporte al área <b>Operativa </b>en el manejo del cliente, alcance de los servicios y la información que se requiera. 
 Prestar el soporte requerido a cuentas por...&nbsp;",[],Matemática Aplicada,2025-06-23T00:00:00.0000000,https://jooble.org/jdp/-7000292797651963921,,[],2025-07-18
8856d8ff020d92c831c4a4e1e015da9d,jooble,Contracts Manager,SAAB,"Village Green, PA","&nbsp;...skillnad.
Inom affärsteamet för T-7A kommer du arbeta med hanteringen av våra kundbeställningar för utveckling, produktion och det <b>operativa </b>stödet av skolflygplanet T-7A. Du kommer att arbeta mot vår kund Boeing, vår Saab-site i USA och våra interna avdelningar såsom...&nbsp;",[],Matemática Aplicada,2025-07-13T00:00:00.0000000,https://jooble.org/jdp/7356104926581255688,,[],2025-07-18
a58a90417416aa4e808a49b8cfa0635b,jooble,Subgerente,Newk's Eatery,"Gambrills, MD","&nbsp;...financiera. 
 Newks es parte del segmento fast-casual de la industria de restaurantes. Ofrecemos productos de gran calidad con un excelente servicio al cliente. Esto se logra a través del respeto mutuo y nuestro compromiso con la excelencia <b>operativa </b>todos los días....&nbsp;",[],Matemática Aplicada,2025-07-08T00:00:00.0000000,https://jooble.org/jdp/5579435535191870198,,[],2025-07-18
e7bb2de5c08a600f6c60f0dadf43acac,jooble,Servidor tardío,Denny's,"Joplin, MO","&nbsp;...tener un alto nivel de movilidad/flexibilidad. 
 Agacharse, estirarse, caminar 
 Comunicación con los clientes 
 Caja registradora <b>operativa </b>
 Bandejas de transporte de productos alimenticios 
 Debe ser capaz de levantar hasta 20 libras para distancias de hasta 30 pies...&nbsp;",[],Matemática Aplicada,2025-07-10T00:00:00.0000000,https://jooble.org/jdp/-7651277808888661592,,[],2025-07-18
685d8419ab215a7e1aaf294fd1a16f71,jooble,Baker,Golden Corral,"El Paso, TX","&nbsp;...completo y seguimiento del sistema de producción de buffet para garantizar el cumplimiento de la calidad y la vida útil. 
 Excelencia <b>operativa:</b> 
 Garantiza que cada producto de la panadería esté siempre fresco, sabroso, visualmente atractivo y caliente, cuando sea...&nbsp;",[],Matemática Aplicada,2025-06-24T00:00:00.0000000,https://jooble.org/jdp/7460275766753826234,,[],2025-07-18
e015faab3ce81388687350b7559197e6,jooble,Líder de equipo,Chick-fil-A,"Colonial Heights, VA","&nbsp;...equipo. El liderazgo supervisará a los miembros del equipo en el desarrollo del negocio y en la búsqueda continua de la \excelencia <b>operativa\</b>, al tiempo que crea una cultura de trabajo positiva. El liderazgo sirve en múltiples ámbitos de responsabilidad y supervisa el...&nbsp;",[],Matemática Aplicada,2025-07-15T00:00:00.0000000,https://jooble.org/jdp/5824533623470181754,,[],2025-07-18
4230d38727b2ccd07877063df833285f,jooble,Líder de equipo,"Chick-fil-A Conestoga Marketplace - Grand Island, Nebraska","Grand Island, NE",&nbsp;...ejecución de las operaciones diarias y de hacer que los miembros del equipo se responsabilicen de cada componente de la excelencia <b>operativa </b>y de nuestra receta de servicio. Las dos áreas principales de enfoque de un líder de equipo son completar tareas para que el...&nbsp;,[],Matemática Aplicada,2025-07-15T00:00:00.0000000,https://jooble.org/jdp/4871628931309903053,,[],2025-07-18
ed66b926556e772be01ef4f7c7da5ca4,jooble,Repartidor,Chick-fil-A,"Midlothian, VA","&nbsp;...marca en todo momento mientras atiende las inquietudes de los clientes a medida que surgen en una entrega. 
 Mantener la excelencia <b>operativa </b>en los vehículos y en el área de montaje de entrega (limpieza, velocidad y precisión, sabor de la comida y atención y cortesía) en...&nbsp;",[],Matemática Aplicada,2025-06-21T00:00:00.0000000,https://jooble.org/jdp/1100446577526770399,,[],2025-07-18
4603c178f327c8fb2918c4eef2b80511,jooble,Supervisor de Restaurante,Cowboy Chicken,"Dallas, TX","&nbsp;...una manera amigable y profesional, abordando cualquier inquietud y asegurando una experiencia gastronómica memorable. 
 Eficiencia <b>operativa:</b> Supervisar las operaciones del restaurante para garantizar un servicio fluido y eficiente. Supervise el flujo de invitados,...&nbsp;",[],Matemática Aplicada,2025-07-16T00:00:00.0000000,https://jooble.org/jdp/-9184236526651413529,,[],2025-07-18
a0c8ccad349be1366e73ae600a8a1538,jooble,Operator,The Walsh Group,"Apache Junction, AZ","&nbsp;...n según sea necesario
+ Puede realizar otras tareas relacionadas según sea necesario
**CALIFICACIONES**
+ 3-5 años de experiencia <b>operativa </b>preferido
+ Debe poder levantar hasta 50 libras
+ Puede ser requerido para trabajar en varias condiciones climáticas
+ Requiere la...&nbsp;",[],Matemática Aplicada,2025-07-11T00:00:00.0000000,https://jooble.org/jdp/20570457450099155,,[],2025-07-18
00b6b382158072ff1a1724938bbcce7f,jooble,Operator I,"CommScope, Inc.",United States,"&nbsp;...limpieza).
· Preparar reportes requeridos de producción, de control de proceso, etc.
· Participar en actividades de TEOA Excelencia <b>Operativa.</b>
· Este puesto/función debe ser responsable de entender y seguir los requerimientos del sistema de administración de Seguridad,...&nbsp;",[],Matemática Aplicada,2025-07-08T00:00:00.0000000,https://jooble.org/jdp/1291270061459346941,,[],2025-07-18
5068edcce56734242ec7b39da0c40c10,jooble,Gerente de Operaciones,Chick-fil-A,"Costa Mesa, CA","&nbsp;...brindar comentarios beneficiosos. Esta herramienta debe tomarse en serio y se le debe dar prioridad en sus esfuerzos. 
3. Excelencia <b>operativa </b>
 Servicio rápido:  Usted es responsable de la puntualidad y eficiencia del drive-thru. Nos esforzamos por atender a los hué...&nbsp;",[],Matemática Aplicada,2025-07-07T00:00:00.0000000,https://jooble.org/jdp/-3485875529648137607,,[],2025-07-18
e3691cde6595fc6be1383c9f3dd525c7,jooble,Gerente de Cocina,Chick-fil-A,"Owings Mills, MD","&nbsp;...Responsabilidades: 1. Gestión <b>operativa:</b> 
- Supervisar al personal de cocina durante el turno de noche, asegurando operaciones eficientes. 
- Supervisar la preparación y cocción de los alimentos para garantizar altos estándares de calidad. 
- Administrar el inventario...&nbsp;",[],Matemática Aplicada,2025-07-10T00:00:00.0000000,https://jooble.org/jdp/9136875277066680557,,[],2025-07-18
45ed93ed9c23da5e94668673e206760d,jooble,Miembro del equipo,Chick-fil-A,"Manning, SC","&nbsp;...personas y se enorgullezcan del trabajo bien hecho!
 Como miembros del equipo, nos mantenemos en un alto nivel tanto en excelencia <b>operativa </b>como en responsabilidad personal. Estamos altamente motivados y dispuestos a ayudar en todas las áreas de nuestro restaurante para...&nbsp;",[],Matemática Aplicada,2025-07-12T00:00:00.0000000,https://jooble.org/jdp/-4778050576263665498,,[],2025-07-18
6cc5f9bbe8de57f10b1e9c09e4a06c65,jooble,Líder de turno,Newk's Eatery,"Gambrills, MD","&nbsp;...que trabajas 
 Newks es parte del segmento fast-casual de la industria de restaurantes. Ofrecemos productos de gran calidad con un excelente servicio al cliente. Esto se logra a través del respeto mutuo y nuestro compromiso con la excelencia <b>operativa </b>todos los días....&nbsp;",[],Matemática Aplicada,2025-07-08T00:00:00.0000000,https://jooble.org/jdp/6770666821717498400,,[],2025-07-18
89072f85daf2dcc0bcbd8b5e4eeaa533,jooble,Director de Operaciones,Great American Steakhouse,"El Paso, TX","&nbsp;...y experimentado para supervisar las operaciones diarias de nuestros restaurantes. Este rol es crucial para impulsar la excelencia <b>operativa,</b> mejorar la satisfacción de los huéspedes y liderar a nuestro equipo para lograr objetivos estratégicos. El candidato ideal tendrá...&nbsp;",[],Matemática Aplicada,2025-07-09T00:00:00.0000000,https://jooble.org/jdp/4631086278804767369,,[],2025-07-18
55e9336116042a15fb1ca4d935852a3e,jooble,Cloud Analyst,Infracommerce,"Chicago, IL","&nbsp;...Objetivo del puesto:

El rol de Cloud Analyst tiene como objetivo garantizar la disponibilidad, confiabilidad, eficiencia y seguridad <b>operativa </b>de los servicios cloud de la compañía, tanto en Azure como en AWS. Este perfil está orientado a la gestión, sustentación,...&nbsp;",[],Matemática Aplicada,2025-07-15T00:00:00.0000000,https://jooble.org/jdp/-7398188876641029686,,[],2025-07-18
6e56412963bae3536b17ba560e5ef56b,jooble,Jefe de equipo,Chick-fil-A,"Phillipsburg, NJ","&nbsp;...dirección en la ejecución de las operaciones diarias y de responsabilizar a los miembros del equipo de cada componente de la excelencia <b>operativa </b>y de nuestra receta de servicio. Chick-fil-A Phillipsburg tiene una gran expectativa de que los líderes lideren, crezcan y...&nbsp;",[],Matemática Aplicada,2025-07-04T00:00:00.0000000,https://jooble.org/jdp/3303407885629869068,,[],2025-07-18
83f87729b9e923d28da570d15e6aacb7,jooble,Asistente Ejecutivo Digital,Human to Human Hub,"Pompano Beach, FL","&nbsp;...en marcha los distintos frentes de acción que sostienen una marca en crecimiento. 

???? ¿Qué harás en este rol?➡️  Coordinación <b>operativa </b>y gestión de tareas: 
- Administrar flujos de trabajo, tableros y plantillas en Notion para mantener el orden y la prioridad de...&nbsp;",[],Matemática Aplicada,2025-07-03T00:00:00.0000000,https://jooble.org/jdp/-9160313057839987152,,[],2025-07-18
40304edad33158cdf44cd8ffdad3e2f6,jooble,Loader Operator,The Walsh Group,"Decatur, GA","&nbsp;...según sea necesario

+ Puede realizar otras tareas relacionadas según sea necesario

**CALIFICACIONES**

+ 3-5 años de experiencia <b>operativa </b>preferido

+ Debe poder levantar hasta 50 libras; puede ser requerido para trabajar en varias condiciones climáticas

+ Requiere...&nbsp;",[],Matemática Aplicada,2025-07-15T00:00:00.0000000,https://jooble.org/jdp/6973280010522698215,,[],2025-07-18
81dc089505b35c5656d29061f2c26ded,jooble,DEVOPS ENGINEER,Aaron King International,"Chicago, IL","&nbsp;...esperienza hands-on su Microsoft Azure e Amazon Web Services (servizi core IaaS/PaaS, networking, security, IaC).
Kubernetes: gestione <b>operativa </b>di cluster in produzione (AKS, EKS o vanilla), Helm charts e troubleshooting.
CI/CD: padronanza nell’implementazione di pipeline (...&nbsp;",[],Matemática Aplicada,2025-07-17T00:00:00.0000000,https://jooble.org/jdp/8582852245318454391,,[],2025-07-18
1e8be1ecbdce0c4fea80d975215f0f42,jooble,Gerente de Restaurante,Dunkin',"Bartonsville, PA","&nbsp;...proporcionar un liderazgo fuerte y positivo a su equipo para brindar experiencias excelentes y amigables a los huéspedes, excelencia <b>operativa </b>y ayudar a construir ventas rentables de primera línea. Son responsables del funcionamiento general del restaurante de acuerdo con...&nbsp;",[],Matemática Aplicada,2025-06-26T00:00:00.0000000,https://jooble.org/jdp/3858120459329651498,,[],2025-07-18
071a3885f0e4f58aa80276a6031b6097,jooble,Personal de cocina,Newk's Eatery,"Gambrills, MD","&nbsp;...a los demás 
 Newks es parte del segmento fast-casual de la industria de restaurantes. Ofrecemos productos de gran calidad con un excelente servicio al cliente. Esto se logra a través del respeto mutuo y nuestro compromiso con la excelencia <b>operativa </b>todos los días....&nbsp;",[],Matemática Aplicada,2025-06-29T00:00:00.0000000,https://jooble.org/jdp/-4919596863239048117,,[],2025-07-18
8a5874a2b3005186849e963f8786f4ab,jooble,SUSHI HELPER - AYUDANTE DE SUSHI,Soya Sushi Bar Of Florida Llc,"Miami, FL","&nbsp;...platos, la limpieza del rea de trabajo y el cumplimiento de las normas sanitarias. Este puesto es clave para mantener la eficiencia <b>operativa </b>de la cocina y garantizar la calidad de los productos que se empaquetan a los clientes. 
 Responsabilidades  : 
 Asistir en el...&nbsp;",[],Matemática Aplicada,2025-07-11T00:00:00.0000000,https://jooble.org/jdp/4630613362483275779,,[],2025-07-18
5b54873194bd59d34a0742ad9a69431a,jooble,Supervisor(a) de Proveedores,Connect,Puerto Rico,"&nbsp;...Retroalimentacin Continua Y Asegurando Una Experiencia ptima Para El Cliente Final. 
 Responsabilidades Principales: 
 Supervisin <b>Operativa:</b> 
 Monitorear Diariamente El Desempeo De Los Proveedores En Tiempo De Respuesta, Calidad Del Servicio Y Cumplimiento De SLA....&nbsp;",[],Matemática Aplicada,2025-07-18T10:37:52.4970000,https://jooble.org/jdp/-4489485379258285223,,[],2025-07-18
71fb6be36cf21b91ab9123fa9a8016c8,jooble,Project Manager,trabajito,"Santa Cruz, CA","&nbsp;...Experiencia: Mínimo de 3 años de experiencia demostrable en gestión de proyectos, con experiencia específica en fases comercial, <b>operativa </b>y de construcción. 
 Experiencia en gestión de contratos y negociación con proveedores y contratistas. 
 Manejo de software de gesti...&nbsp;",[],Matemática Aplicada,2025-07-10T23:20:29.9930000,https://jooble.org/jdp/-3928031319957753665,,[],2025-07-18
d6db429a17a9481b76d1e88d79727156,jooble,Gerente de Cocina Nocturna,Chick-fil-A,"Billings, MT","&nbsp;...responsable de liderar y supervisar todas las operaciones de la trastienda (BOH) de 2:00 p.m. a 10:00 p.m. Garantizará la excelencia <b>operativa,</b> el desarrollo del equipo y una cultura de propiedad y responsabilidad. Su enfoque principal será priorizar los fundamentos de las...&nbsp;",[],Matemática Aplicada,2025-07-02T00:00:00.0000000,https://jooble.org/jdp/-2346769647484142940,,[],2025-07-18
57633b11d48012ee40150e15d1b265c6,jooble,Programa de Desarrollo de Liderazgo,Chick-fil-A,"Atlanta, GA","&nbsp;...Liderazgo recibirá una sólida base de capacitación, aprendiendo cada aspecto de nuestras operaciones diarias, demostrando Excelencia <b>Operativa </b>en cada estación. 
 Los candidatos tienen la oportunidad de progresar hacia su área de fortaleza e interés profesional mientras...&nbsp;",[],Matemática Aplicada,2025-07-12T00:00:00.0000000,https://jooble.org/jdp/8668361903174107825,,[],2025-07-18
4239f6ef9a803d1f21a97cb2a48d0030,jooble,Executive Director,FCWA – Food Chain Workers Alliance,Oregon State,"&nbsp;...redacción de propuestas de financiación para organizaciones. 
 Atención al detalle y excelentes habilidades de gestión financiera y <b>operativa,</b> incluyendo experiencia en la gestión del presupuesto de una organización o proyecto, y una comprensión de las responsabilidades...&nbsp;",[],Matemática Aplicada,2025-06-30T15:40:34.6400000,https://jooble.org/jdp/-1111668867285566642,,[],2025-07-18
51067b6c6b06fd79b272f1a70f16805a,jooble,Representante comercial Refrigeracin,Johnson Controls,Puerto Rico,"&nbsp;...mano de obra de preventivos y correctivos prestando la solucin a la medida de la necesidad del cliente. 
 Presta soporte al rea <b>Operativa </b>en el manejo del cliente, alcance de los servicios y la informacin que se requiera. 
 Prestar el soporte requerido a cuentas por...&nbsp;",[],Matemática Aplicada,2025-07-18T10:38:24.2370000,https://jooble.org/jdp/-4914963572691859317,,[],2025-07-18
908dcbcf8998f386d714d2538f19c5a7,jooble,Cargador de Techo,QXO,"San Leandro, CA","&nbsp;...expansión en nuevos mercados. Nuestra estrategia se basa en ofrecer experiencias excepcionales al cliente, mejorar la eficiencia <b>operativa </b>y aprovechar los datos, las herramientas digitales y la inteligencia artificial para modernizar una industria históricamente poco...&nbsp;",[],Matemática Aplicada,2025-07-16T00:00:00.0000000,https://jooble.org/jdp/-8611140486604253248,,[],2025-07-18
e95fb395c8706d40957167966cc129a5,jooble,IMPIEGATO/ A UFFICIO ACQUISTI,Jobbit,"El Paso, TX","&nbsp;...acquisizione del materiale;
definizione di strategie di acquisto;
ricerca nuovi fornitori;
attività di reportistica;
gestione parte <b>operativa </b>degli acquisti.
Requisiti:
Laurea in ambito tecnico/chimico/materiali;
Esperienza pregressa nella mansione;
Ottima conoscenza...&nbsp;",[],Matemática Aplicada,2025-07-15T14:19:03.8100000,https://jooble.org/jdp/-2037763412011460918,,[],2025-07-18
97bc84375241771f2d981d0b87f46308,jooble,Gerente General,Slim Chickens,"Hurst, TX","&nbsp;...un ambiente divertido y amoroso en Slim Chickens? ¿Le apasiona brindar un excelente servicio al huésped y garantizar la excelencia <b>operativa?</b>
 El Gerente General de Slim Chickens es responsable de supervisar las operaciones diarias del restaurante, asegurando un...&nbsp;",[],Matemática Aplicada,2025-06-11T00:00:00.0000000,https://jooble.org/jdp/6071181076622518891,,[],2025-07-18
30614fdc6b4a37bd0b084f47aebf3251,jooble,Líder de equipo,Buffalo Wild Wings GO,"Frisco, TX","&nbsp;...miembros del equipo según lo solicitado 
 Proporcionar entrenamiento y retroalimentación a los miembros del equipo 
 Excelencia <b>Operativa:</b> 
 Crear y mantener una cultura que dé prioridad al cliente en el restaurante 
 Resolver problemas de los huéspedes 
 Asegúrese...&nbsp;",[],Matemática Aplicada,2025-06-18T00:00:00.0000000,https://jooble.org/jdp/4016711204355185636,,[],2025-07-18
9be606395265925a5b731000d4a27f7a,jooble,Conductor de entrega,Chick-fil-A,"Fort Worth, TX","&nbsp;...constantemente todas las políticas de seguridad alimentaria y seguridad física. 
 Siga los procedimientos para garantizar la Excelencia <b>Operativa.</b> 
 Mantener un entorno de trabajo excepcionalmente limpio, seguro e higiénico 
 Los beneficios de trabajar con Chick-fil-A...&nbsp;",[],Matemática Aplicada,2025-06-18T00:00:00.0000000,https://jooble.org/jdp/6504878158807251579,,[],2025-07-18
72c06db5c6138fc30fb67b7dfcc0c8f4,jooble,.Net Developer,Gruppo SCAI,"Tulsa, OK","&nbsp;...obiettivo principale sarà supportare l’ottimizzazione dei flussi clinici e amministrativi, contribuendo a migliorare l’efficienza <b>operativa </b>e la qualità del servizio offerto ai pazienti e al personale medico/amministrativo.
L'attività potrà essere svolta in modalità agile...&nbsp;",[],Matemática Aplicada,2025-07-16T00:00:00.0000000,https://jooble.org/jdp/-1642949290019545349,,[],2025-07-18
5c3f633a4ff40340bc46b1cbacc4ce07,jooble,Cocinero,Golden Corral,"El Paso, TX","&nbsp;...completo y seguimiento del sistema de producción de buffet para garantizar el cumplimiento de la calidad y la vida útil. 
 Excelencia <b>operativa:</b> 
 Mantiene la temperatura correcta de todos los productos durante la cocción, la sujeción y el servicio. 
 Utiliza la Guía de...&nbsp;",[],Matemática Aplicada,2025-06-24T00:00:00.0000000,https://jooble.org/jdp/4812192375412055656,,[],2025-07-18
cc1b4035bc481b4778cbd9df6a90cbb2,jooble,Planificador/a de producción,Boss Digital Group,"Salinas, CA","&nbsp;...principal de la compañía, y trabajarás codo con codo con el Director de Supply Chain , apoyándole en la planificación y coordinación <b>operativa.</b>

Tu misión será asegurar que cada pedido se planifique con precisión, asignando correctamente recursos y plantas, y anticipándote...&nbsp;",[],Matemática Aplicada,2025-07-16T00:00:00.0000000,https://jooble.org/jdp/-3686831297993246740,,[],2025-07-18
a6381976033b4be07e6295105f1f6db7,jooble,Network Security Specialist,Aizoon,"Palo Alto, CA","&nbsp;..., DNS,  SMTP, ecc.).

Esperienza con soluzioni di sicurezza perimetrale: firewall, proxy, IDS/IPS, VPN.

Conoscenza ed esperienza <b>operativa </b>con tecnologie di firewalling (Cisco, Fortinet, Palo Alto, ecc.).

Esperienza nella configurazione e gestione di dispositivi di rete...&nbsp;",[],Matemática Aplicada,2025-07-17T00:00:00.0000000,https://jooble.org/jdp/-1252229098321777235,,[],2025-07-18
48d990f0381d9ef0ba1d66db3bdf4772,jooble,Coordinador de Drive-Thru,Chick-fil-A,"Chattanooga, TN","&nbsp;...poseedor de llaves 
 Contar cajones y finalizar el día 
 Mantener los estándares de la marca, la seguridad alimentaria y la excelencia <b>operativa </b>de Chick-fil-A 
 Requisitos y requisitos: 
 Debe tener al menos 18 años de edad 
 Transporte confiable 
 Fuerte compromiso con...&nbsp;",[],Matemática Aplicada,2025-06-27T00:00:00.0000000,https://jooble.org/jdp/3008407033394531515,,[],2025-07-18
4f9c52d8ca10cd19318b479e8eee7bdd,jooble,Material Handler - Fabrication,JGM,"Coatesville, PA","&nbsp;...peridicas de los equipos, informando de los problemas con prontitud para minimizar el tiempo de inactividad y mantener la eficiencia <b>operativa.</b> 
 CALIFICACIONES 
 Actitud de seguridad primero  : Fuerte compromiso con la seguridad, utilizando constantemente el equipo de...&nbsp;",[],Matemática Aplicada,2025-06-16T00:00:00.0000000,https://jooble.org/jdp/9047188706570343122,,[],2025-07-18
fcd52ebd3c83bc875e483287a4595bd5,jooble,Líder de turno de cocina,Chick-fil-A,"Costa Mesa, CA","&nbsp;...brindar comentarios beneficiosos. Esta herramienta debe tomarse en serio y se le debe dar prioridad en sus esfuerzos. 
3. Excelencia <b>operativa </b>
 Servicio rápido:  Usted es responsable de la puntualidad y eficiencia del drive-thru. Nos esforzamos por atender a los hué...&nbsp;",[],Matemática Aplicada,2025-06-22T00:00:00.0000000,https://jooble.org/jdp/-5661984456766632124,,[],2025-07-18
2d0077183328e6e2520e0efbad137a71,jooble,Jefe de IT,trabajito,"Santa Cruz, CA","&nbsp;...de un(a): 
 JEFE DE IT 
 Santa Cruz | Modalidad: Tiempo Completo 
 Objetivo del Puesto 
 Garantizar la dirección estratégica y <b>operativa </b>del área de TI, impulsando la innovación y la eficiencia tecnológica para el logro de los objetivos organizacionales....&nbsp;",[],Matemática Aplicada,2025-07-04T20:43:20.1700000,https://jooble.org/jdp/5568737274794936763,,[],2025-07-18
3c78887cf226bb65bbcb32030284e4c4,jooble,Cajero,Golden Corral,"El Paso, TX","&nbsp;...de salud. 
 Realiza la lista de tareas y garantiza que se cumplan los estándares de limpieza, servicio y calidad. 
 Excelencia <b>operativa:</b> 
 Informa al gerente cuando es necesario llevar el dinero en el cajón a la caja fuerte para reducir el riesgo de robo. 
 Garantiza...&nbsp;",[],Matemática Aplicada,2025-06-24T00:00:00.0000000,https://jooble.org/jdp/5481573234631421816,,[],2025-07-18
a7eb3bd22d5f4cff185ef10e005cbd4b,jooble,Ejecutivo de Calidad,Çimsa Çimento Sanayi ve Ticaret,"Houston, TX","&nbsp;...y responder a las consultas técnicas de ventas.
Hacer un seguimiento de los proyectos de inversión y garantizar la compatibilidad <b>operativa.</b>
Esta es tu oportunidad si tienes estas habilidades y requisitos:
Licenciatura o Grado relacionado con el área.
Al menos 5 años de...&nbsp;",[],Matemática Aplicada,2025-07-18T00:00:00.0000000,https://jooble.org/jdp/742562307719983126,,[],2025-07-18
abaf7dfeb330188057ae13f4191b85c0,jooble,Gerente de turno de cocina,Chick-fil-A,"Nanuet, NY","&nbsp;...profesionalismo y cuidado. 
 Colaborar con la alta gerencia para implementar estrategias para mejorar la calidad del servicio y la eficiencia <b>operativa.</b> 
 Mantener la limpieza y organización del área del bar, asegurándose de que todos los equipos funcionen. 
 Prepare informes de...&nbsp;",[],Matemática Aplicada,2025-06-24T00:00:00.0000000,https://jooble.org/jdp/-1242700985253917793,,[],2025-07-18
b0f8d1a7ac60fc9ac924bd4543ca7850,jooble,Tester Junior - remoto,Software partner italia,"New York, NY","&nbsp;...Spirito di squadra con eccellenti capacità di comunicazione e collaborazione.
Ottime capacità analitiche e di problem-solving.
Modalità <b>Operativa:</b> l’attività sarà svolta in full remote.
Requisiti aggiuntivi:
Certificazione ISTQB Foundation Level.
Conoscenze in ambito monetica...&nbsp;",[],Matemática Aplicada,2025-07-17T00:00:00.0000000,https://jooble.org/jdp/-396239078688139851,,[],2025-07-18
346bee19498cb88f296ea902ae3cd28b,jooble,Gerente General: $28.00 a $32.00,Chick-fil-A,"Covington, WA","&nbsp;...liderazgo, preferiblemente en restaurantes/hospitalidad de alto volumen. 
 Debe tener 25+ años. 
 Sólida comprensión de la excelencia <b>operativa </b>y los fundamentos del negocio. 
 Tipo de posición: 
~ Jornada completa 

 Beneficios: 
 Oportunidades de becas universitarias...&nbsp;",[],Matemática Aplicada,2025-07-07T00:00:00.0000000,https://jooble.org/jdp/-1318400717632655816,,[],2025-07-18
fe897c7fdc7f425ad6f07c4a256540a1,jooble,Asistente de Costos,trabajito,"Santa Cruz, CA","&nbsp;...Centro de Producción (CEPROD), asegurando la exactitud de la información contable y de inventario, para contribuir a la eficiencia <b>operativa,</b> cumplimiento presupuestario y toma de decisiones del área. 
 Responsabilidades Principales 
 Registrar y validar costos de...&nbsp;",[],Matemática Aplicada,2025-07-04T20:43:19.9130000,https://jooble.org/jdp/2680605306958716365,,[],2025-07-18
9aaf1cc96cb3e40adc5de1341d592bc0,jooble,Capataz General (GF),ARBORWORKS LLC,"Denver, CO","&nbsp;...Facturación y Nómina. El éxito en este rol requiere un fuerte compromiso con la seguridad, el desarrollo del equipo y la excelencia <b>operativa.</b> 
 Responsabilidades del Puesto: 
 Supervisar y gestionar a múltiples Forepersons y sus cuadrillas, garantizando el cumplimiento...&nbsp;",[],Matemática Aplicada,2025-07-12T00:00:00.0000000,https://jooble.org/jdp/2710510550030147255,,[],2025-07-18
a0e05abebc2d99d08df3f01f5f93f765,jooble,Analista Administrativo Financiero,"Univision Communications, Inc",United States,"&nbsp;...:
Dar seguimiento a los requerimientos de recursos materiales, financieros, humanos, de servicios administrativos y de tecnología <b>operativa </b>los centros de costos del back office de administración, monitoreando y reportando periódicamente las solicitudes que se hagan, para...&nbsp;",[],Matemática Aplicada,2025-06-28T00:00:00.0000000,https://jooble.org/jdp/-1195119570912464143,,[],2025-07-18
fd17ead6cafff9a715f446c9f48a93c8,jooble,Industrial System Specialist,EF Solare Italia,"Tulsa, OK","&nbsp;...trattamento.
I Dati saranno trattati all'interno dello Spazio Economico Europeo (“SEE”). Qualora per questioni di natura tecnica e/o <b>operativa </b>sia necessario avvalersi di soggetti ubicati al di fuori del SEE, il trattamento dei Dati sarà regolato in conformità a quanto...&nbsp;",[],Matemática Aplicada,2025-07-18T00:00:00.0000000,https://jooble.org/jdp/-4947276906789199337,,[],2025-07-18
46a87565a7d6713a02446e0daf2138c7,jooble,Gerente General de Restaurante,Noodles & Company,"Castle Rock, CO","&nbsp;...evaluaciones de desempeño. 
 Liderar un equipo de alto rendimiento para ofrecer experiencias excepcionales a los clientes y excelencia <b>operativa.</b> 
 Demostrar habilidades de resolución de conflictos y excelentes habilidades de comunicación verbal y escrita. 
 Reclutar,...&nbsp;",[],Matemática Aplicada,2025-07-16T23:53:01.5900000,https://jooble.org/jdp/-6271117494649793983,,[],2025-07-18
9d21c07c025179b8439cd9a877a59d9f,jooble,Data-Driven platform specialist,Terna Group,"Tulsa, OK","&nbsp;...Specialist per la sede di Roma.
Il Data-Driven Platform Specialist avrà la responsabilità di garantire la esercibilità e continuità <b>operativa </b>e guidare l’evoluzione delle piattaforme tecnologiche di Terna, con un focus su soluzioni IIoT e Data Platform, collaborando con...&nbsp;",[],Matemática Aplicada,2025-07-17T00:00:00.0000000,https://jooble.org/jdp/-7949881192727077042,,[],2025-07-18
85eebc47b31868bf00351174bc6eeef8,jooble,Hotel - Director de Ventas,Holiday Inn & Suites,"Springfield, MO","&nbsp;...catering. 
 Gestión de Sistemas: 
 Utilización del sistema:  Garantizar el cumplimiento de los sistemas de ventas para la eficiencia <b>operativa.</b> 
 Tecnología:  Supervise las herramientas para mejorar la conectividad y la comunicación dentro del equipo. 
 Funciones...&nbsp;",[],Matemática Aplicada,2025-06-21T00:00:00.0000000,https://jooble.org/jdp/5127601566304158905,,[],2025-07-18
a4898dd2afa084082c99e7e29b233253,jooble,Operador de Equipo calificado,"Los Angeles, CA Area Jobs","Los Angeles, CA","&nbsp;...Lifts (elevadores de alcance) y Forklifts 
 (montacargas) de manera segura y eficiente. 
--Experiencia en cliente y excelencia <b>operativa.</b> 
--Reportar cualquier defecto o mal funcionamiento a los supervisores de inmediato. 
--Trabajar en equipo, incluyendo trabajadores...&nbsp;",[],Matemática Aplicada,2025-07-16T00:00:00.0000000,https://jooble.org/jdp/1975731531322381068,,[],2025-07-18
06c353dafa29f04917450eb5c61810a0,jooble,Gerente Concesionario Barcelona,Timup Select Wisely,Remote,"&nbsp;...atención al cliente y liderar un equipo multidisciplinar. 

 Funciones Principales: 
 Diseñar y ejecutar la estrategia comercial y <b>operativa </b>del concesionario en coordinación con la dirección general y las marcas representadas. 
 Liderar los equipos de ventas, postventa...&nbsp;",[],Matemática Aplicada,2025-07-02T07:49:11.6970000,https://jooble.org/jdp/2324660533572070477,,[],2025-07-18
be63d22703c9d89a92a4c32cc6989bb3,jooble,Miembro del equipo de cocina,Chick-fil-A,"Fort Worth, TX","&nbsp;...un estricto cumplimiento de los procedimientos de seguridad alimentaria 
 Seguir los procedimientos para garantizar la excelencia <b>operativa </b>
 Actitud positiva 
 Trabajador incansable 
 Capacidad para doblar, torcer y levantar más de 20 libras 
 Buenas habilidades...&nbsp;",[],Matemática Aplicada,2025-07-03T00:00:00.0000000,https://jooble.org/jdp/-5355750869602063365,,[],2025-07-18
dd066c0079168ba4492281d439a8be1e,jooble,Programador BMS,Atir,"Miami, FL","&nbsp;...Optimización y Mejora Continua:
Realizar análisis de datos y diagnósticos para identificar oportunidades de mejora en la eficiencia <b>operativa </b>y energética.
Proponer y desarrollar soluciones para optimizar el rendimiento de los sistemas BMS y reducir los costos operativos....&nbsp;",[],Matemática Aplicada,2025-07-18T00:00:00.0000000,https://jooble.org/jdp/-6883798864768448430,,[],2025-07-18
ef7aa25ce77ddf27d4d4f0e6d5c6bb30,jooble,Coordinador de Logstica - Transporte,NFI Industries,"Newark, NJ","Resumen 
 El Coordinador de Logstica brinda direccin general durante toda la operacin de la Flota Dedicada y brinda asistencia <b>operativa </b>al Gerente de Proyecto cuando sea necesario. 
 Responsabilidades 
 Mantiene relaciones de trabajo positivas y alentadoras con todos...&nbsp;",[],Matemática Aplicada,2025-07-15T00:00:00.0000000,https://jooble.org/jdp/7316420539707576056,,[],2025-07-18
b553d0cbd04dc9a2d2a8530f45fd1758,jooble,SUPERVISOR DE INGENIERIA,Pan Pepin,Puerto Rico,"&nbsp;...instalaciones. Implementar estrategias de mejora continua, garantizar el cumplimiento de normativas de seguridad y maximizar la eficiencia <b>operativa.</b> 
 Requisitos: 
 Curso Técnico de Mecánica Industrial o Electricidad 
 Mínimo 3 años de experiencia en industrias y campos...&nbsp;",[],Matemática Aplicada,2025-06-29T00:00:00.0000000,https://jooble.org/jdp/-4486217387213959573,,[],2025-07-18
c8992c365e746e816b41494f55d12847,jooble,ELECTRONIC DATA INTERCHANGE,Luis Garraton LLC,Puerto Rico,"&nbsp;...Automatización de procesos: 
 Identificar oportunidades de automatización de procesos mediante el uso de  EDI  para mejorar la eficiencia <b>operativa.</b> 
 Trabajar con equipos de  IT  para optimizar los flujos de trabajo y mejorar la calidad de los datos intercambiados. 
#...&nbsp;",[],Matemática Aplicada,2025-07-07T00:00:00.0000000,https://jooble.org/jdp/-7229951012863870189,,[],2025-07-18
b51624b6638dbbd9ab187d0e3d3bab25,jooble,Director de Oficina - San Francisco,Banco Agrario,"San Francisco, CA","&nbsp;...de rentabilidad sostenible del banco mediante el cumplimiento y superación de metas comerciales, gestión de riesgos y eficiencia <b>operativa.</b>
Requisitos: Académicos:
- Título de tecnólogo o al menos 6 semestres aprobados en carreras profesionales relacionadas con áreas agropecuarias...&nbsp;",[],Matemática Aplicada,2025-07-14T00:00:00.0000000,https://jooble.org/jdp/-8245139405428958059,,[],2025-07-18
d4d63bf37913cb2164bebea1b8183993,jooble,Field Service Technician (Plomero),H & H Solar LLC,Puerto Rico,"&nbsp;...función es asegurar que cada cliente reciba un servicio técnico de alta calidad, cumpliendo con los estándares de higiene, eficiencia <b>operativa </b>y satisfacción del cliente. El técnico manejará su ruta diaria de manera autónoma, mantendrá su vehículo e inventario en...&nbsp;",[],Matemática Aplicada,2025-06-26T00:00:00.0000000,https://jooble.org/jdp/-2496681050743551819,,[],2025-07-18
5fc7346d8e6b4997472624cbd2854c86,jooble,ENCUESTADOR DE CALIDAD/BDC CUSTOMER EXPERIENCE,AutoGrupo,Puerto Rico,"&nbsp;...estarían perdiendo. 


~ Resolución post-servicio en : Casos de servicio que se escalan y resuelven rápidamente. Indica eficiencia <b>operativa </b>y previene reseñas negativas. 


~ Satisfacción interna 
~90% 
~ Evaluación por parte de gerentes de Ventas, Servicio y BDC...&nbsp;",[],Matemática Aplicada,2025-06-16T00:00:00.0000000,https://jooble.org/jdp/2197152312818839877,,[],2025-07-18
5781634a3ee3513e3f5111dcf6da040a,jooble,Especialista de Sistemas de Informacion (IT),Sweet Corp,Puerto Rico,"&nbsp;...tecnolgica de la organizacin, incluyendo servidores, redes, equipos y sistemas de informacin. Es responsable de garantizar la continuidad <b>operativa </b>mediante soporte tcnico oportuno, actualizaciones de software y mantenimiento preventivo. Adems, lidera las iniciativas de...&nbsp;",[],Matemática Aplicada,2025-06-29T00:00:00.0000000,https://jooble.org/jdp/226086595828370317,,[],2025-07-18
0d457ba6f92ac4dace9a1e5c5783945d,jooble,Heavy Equipment Operator,The Walsh Group,"Goodyear, AZ","&nbsp;...n según sea necesario
+ Puede realizar otras tareas relacionadas según sea necesario
**CALIFICACIONES**
+ 3-5 años de experiencia <b>operativa </b>preferido
+ Debe poder levantar hasta 50 libras; puede ser requerido para trabajar en varias condiciones climáticas
+ Requiere la...&nbsp;",[],Matemática Aplicada,2025-06-26T00:00:00.0000000,https://jooble.org/jdp/-2233033763305732069,,[],2025-07-18
b1e5f933293fbcc22c0aa68515141c34,jooble,Impiegato/a ufficio pratiche connessioni,Sky-Nrg,"Saint Paul, MN","&nbsp;...ARERA.
Si richiede disponibilità per orario full time e capacità di lavorare in team in ambiente giovane e dinamico.
È richiesto il green pass e la residenza/domicilio entro 40 km dalla sede aziendale.
Sede <b>operativa:</b> Castiglione delle Stiviere (MN)

#J-18808-Ljbffr Sky-Nrg",[],Matemática Aplicada,2025-07-18T00:00:00.0000000,https://jooble.org/jdp/2109381276190097215,,[],2025-07-18
f0b84acf0857d9d51b483de0a7130482,jooble,Miembro del equipo de cocina,Chick-fil-A,"Jacksonville, FL","&nbsp;...deliciosos alimentos 
 Mantener un área de trabajo limpia y organizada 
 Colaborar con los miembros del equipo para lograr la excelencia <b>operativa </b>
 Cumplir con todos los estándares de seguridad y calidad alimentaria 
 Calificaciones: 
 No se requiere educación formal...&nbsp;",[],Matemática Aplicada,2025-06-27T00:00:00.0000000,https://jooble.org/jdp/1895760794916632484,,[],2025-07-18
f3bdf309d8fac91e90b78614552d0ed5,jooble,Software Engineer,XML Travelgate,"Berry, KY","&nbsp;...cdigo de manera eficiente, con buen diseo y que se pueda someter a pruebas 
 Elaborar especificaciones y determinar la viabilidad <b>operativa </b>de cada solucin 
 Colaborar estrechamente con el equipo de ingeniera de sistemas y con los product managers para entregar...&nbsp;",[],Matemática Aplicada,2025-06-27T00:00:00.0000000,https://jooble.org/jdp/-1996648442607887959,,[],2025-07-18
16d2a9e95eca13ea336264d19fde1ca9,jooble,Sistemista Microsoft,Avanade Inc.,United States,"&nbsp;...aiutare i nostri clienti nella gestione, ottimizzazione ed evoluzione delle loro infrastrutture on-premises, garantendo continuità <b>operativa,</b> sicurezza e performance. 
Il nostro intervento mira a modernizzare i data center, ottimizzare i processi IT e integrare, ove...&nbsp;",[],Matemática Aplicada,2025-06-13T00:00:00.0000000,https://jooble.org/jdp/3027937062444928944,,[],2025-07-18
90cb080254d0b8afbb3800d9305a38a3,jooble,Site Manager,Invoin Consulting,"Toledo, OH","&nbsp;...calidad , plazo y presupuesto durante toda la ejecución.
Promoción de la seguridad y salud en todas las fases del proyecto.
Supervisión <b>operativa </b>del sitio , control de trabajos ejecutados y verificación con planos y acuerdos.
Elaboración de informes diarios, semanales y...&nbsp;",[],Matemática Aplicada,2025-07-16T00:00:00.0000000,https://jooble.org/jdp/-3086063739306979050,,[],2025-07-18
20901a59abd45ca264df8d2e24222c2d,jooble,Técnico Sindical en Manejo de Vegetación,ARBORWORKS LLC,"Saint Paul, MN","&nbsp;...control selectivo de vegetación. Este puesto requiere un enfoque sólido en la seguridad, el cumplimiento ambiental y la excelencia <b>operativa </b>al aplicar pesticidas cerca de infraestructura eléctrica energizada. 

 Responsabilidades Clave: 
 Aplicar herbicidas de manera...&nbsp;",[],Matemática Aplicada,2025-07-03T00:00:00.0000000,https://jooble.org/jdp/-5358693486016733356,,[],2025-07-18
1ddfe8dd58ffc3916a037bbcbc01e241,jooble,Cortador de carne,Golden Corral,"El Paso, TX","&nbsp;...acuerdo con la limpieza, el servicio y los estándares de calidad. 
 Sigue las leyes locales del departamento de salud. 
 Excelencia <b>operativa:</b> 
 Utiliza formularios de administración para mantener un inventario de todos los productos cárnicos y determinar el nivel de...&nbsp;",[],Matemática Aplicada,2025-06-24T00:00:00.0000000,https://jooble.org/jdp/-1572050098944730686,,[],2025-07-18
eaf292c1da60d6db99eb937c6be97584,jooble,"[Job 23075] Master Data Developer, Brazil",CI&T,"Brazil, IN","&nbsp;...a empresa na jornada de transformação digital através da reestruturação da sua arquitetura de dados, assegurando maior eficiência <b>operativa </b>e suporte fundamentado para tomadas de decisão, participando ativamente em todos os aspectos da criação do novo Data Lakehouse usando...&nbsp;",[],Matemática Aplicada,2025-07-17T00:00:00.0000000,https://jooble.org/jdp/-6447586000746085591,,[],2025-07-18
683d9a7d68bd167b02a5df329af208e5,jooble,Gerente Central de Negocios,,"Lima, OH","&nbsp;...institución, alineadas con sus objetivos financieros y sociales. 

~ Liderar la red de oficinas y canales  , asegurando su eficiencia <b>operativa </b>y el cumplimiento de metas comerciales. 

~ Supervisar el desarrollo de productos y planeamiento comercial  , promoviendo...&nbsp;",[],Matemática Aplicada,2025-06-30T18:08:13.6300000,https://jooble.org/jdp/-4170598022450045270,,[],2025-07-18
f228559c74d3fffc07fa26931cc2e765,jooble,Software Developer .Net - Milano,Software partner italia,"Lansing, MI","&nbsp;..., Html5
Buona conoscenza e utilizzo di Microsoft SQL Server (Strutture, Stored Procedure)
Conoscenza App Mobile Cordova
Autonomia <b>operativa </b>ed attitudine al problem solving
Flessibilità
Buona conoscenza della lingua inglese
Predisposizione al lavoro di gruppo
Modalità di...&nbsp;",[],Matemática Aplicada,2025-07-16T00:00:00.0000000,https://jooble.org/jdp/3693199487986111322,,[],2025-07-18
58b36a9824e948b645ea08c668c5eca2,jooble,Salad Bar Attendant,Golden Corral,"El Paso, TX","&nbsp;.... La frescura de nuestro Cold Choice Buffet hace una declaración de que nuestro buffet es fresco y de alta calidad. 
 Excelencia <b>operativa:</b> 
 Prepara los artículos de preparación de acuerdo con las especificaciones y recetas del producto Golden Corral. 
 Mantiene un...&nbsp;",[],Matemática Aplicada,2025-06-24T00:00:00.0000000,https://jooble.org/jdp/1110519863528731399,,[],2025-07-18
05324491f6eee3e2d146a34b7a4d970d,jooble,Fulfillment / Warehouse Manager,readify.pro,"Miami, FL","&nbsp;...espacio y recursos.
Coordinar proyectos operativos a nivel local y regional.
Fomentar una cultura de mejora continua y excelencia <b>operativa.</b>
Colaborar con diferentes departamentos para cumplir los objetivos estratégicos.
Licenciatura en Logística, Cadena de Suministro,...&nbsp;",[],Matemática Aplicada,2025-07-17T00:00:00.0000000,https://jooble.org/jdp/-7694937741288029592,,[],2025-07-18
87f3aba9dde17a3e7ba023903babdacf,jooble,Site Manager Fotovoltaico,SunCity,"Indiana, PA","&nbsp;...esperienza verificato.

Il pacchetto retributivo comprende anche premi di risultato, welfare e benefit.

SEDE DI LAVORO: La sede <b>operativa </b>è a Pescara, ma le trasferte sono in tutta Italia, prevalentemente al centro sud.

L’annuncio è rivolto a personale ambosesso in riferimento...&nbsp;",[],Matemática Aplicada,2025-07-16T00:00:00.0000000,https://jooble.org/jdp/5581058722347447452,,[],2025-07-18
22692299652374a541b3bde873a60b96,jooble,System Administrator (Administrador SAP Basis),GBM Company,"De Pere, WI","&nbsp;...las plataformas tecnológicas a su cargo, a través de la utilización de los procesos ITIL.
Responsabilidades: Soporte y Continuidad <b>operativa </b>en los productos SAP S4HANA, SAP Fiori, SAP Solution Manager 7.2 Webdispatcher, SAP PO
Monitoreo, Actualización de plataformas SAP...&nbsp;",[],Matemática Aplicada,2025-07-15T00:00:00.0000000,https://jooble.org/jdp/6363452932646770859,,[],2025-07-18
f599da2ae6374f8eb11df7c7874d0198,jooble,Anfitrión o anfitriona del comedor,Chick-fil-A,"Huntsville, AL",&nbsp;...apoyar a la alta dirección en la ejecución de las operaciones diarias y de responsabilizarse de cada componente de la excelencia <b>operativa </b>y de nuestra receta de servicio. Las dos áreas principales de enfoque de los miembros del equipo son completar tareas para que el...&nbsp;,[],Matemática Aplicada,2025-06-19T00:00:00.0000000,https://jooble.org/jdp/3609992956162551963,,[],2025-07-18
ad589394d539ea951f10b8757e9d844a,jooble,Líder de turno de cocina,Chick-fil-A,"Houston, TX",&nbsp;...ejecución de las operaciones diarias y de hacer que los miembros del equipo se responsabilicen de cada componente de la excelencia <b>operativa </b>y de nuestra receta de servicio. Las dos áreas principales de enfoque de un líder de equipo son completar tareas para que el...&nbsp;,[],Matemática Aplicada,2025-07-10T00:00:00.0000000,https://jooble.org/jdp/-3017714455983447092,,[],2025-07-18
df1b097e72b7980bd110dc2db4d2f5ad,jooble,Miembro del equipo de cocina bilingüe (español),Chick-fil-A,New York State,"&nbsp;...moño)
 Conozca la declaración de propósito corporativo, los valores fundamentales y la visión de CFA 
 Comprender la excelencia <b>operativa </b>
 Sirva comida 'antojada' 
 Sé sorprendentemente rápido 
 Mantenga un restaurante refrescantemente limpio 
 Precisión de los pedidos...&nbsp;",[],Matemática Aplicada,2025-07-13T00:00:00.0000000,https://jooble.org/jdp/-4158376471030080015,,[],2025-07-18
fd491ddefb7ae05218443b7eee2079fe,jooble,Líder de equipo de atención al público,Chick-fil-A,"New Bern, NC",&nbsp;...dirección en la ejecución de las operaciones diarias y de responsabilizar a los miembros del equipo de cada componente de la excelencia <b>operativa </b>y de nuestra receta de servicio. Las dos áreas principales de enfoque de un líder de equipo son completar tareas para que el...&nbsp;,[],Matemática Aplicada,2025-07-02T00:00:00.0000000,https://jooble.org/jdp/3306094701888976291,,[],2025-07-18
f2c9ac46f89b2088685270d0013c1277,jooble,Vice Capoturno,Teva Pharmaceutical Industries Ltd.,Italian Republic,"&nbsp;...nostro contesto di manufacturing, stiamo cercando una figura che abbia conoscenza degli impianti chimici di produzione API e autonomia <b>operativa </b>nella conduzione delle linee di produzione di sintesi e finissaggio. La figura sarà responsabile della gestione e del...&nbsp;",[],Matemática Aplicada,2025-05-09T07:25:51.7517279+00:00,https://jooble.org/jdp/407853288664928441,,[],2025-07-18
766b379a81bafe92c6c6e38c93e70ada,jooble,Crane Operator,The Walsh Group,"Tempe, AZ","&nbsp;...documentación según sea necesario.
+ Puede realizar otras tareas relacionadas como necesario
**CALIFICACIONES**
+ 3-5 años de experiencia <b>operativa </b>preferido
+ Requiere licencia de operador de grúa
+ Debe poder levantar hasta 50 libras; puede ser requerido para trabajar en...&nbsp;",[],Matemática Aplicada,2025-04-03T00:00:00.0000000,https://jooble.org/jdp/3086526917898436136,,[],2025-07-18
3ecdaf29eab8b7c1a26679d812719d0d,jooble,Supervisor de Cocina Jefe de Equipo,Chick-fil-A,Washington DC,"&nbsp;...extraordinario en Chick-fil-A Tenleytown!
 Estamos buscando líderes de equipos de cocina apasionados que quieran impulsar la excelencia <b>operativa </b>mientras desarrollan habilidades de liderazgo cruciales. No se trata solo de un puesto directivo, sino de la oportunidad de...&nbsp;",[],Matemática Aplicada,2025-06-13T00:00:00.0000000,https://jooble.org/jdp/2795864056965867376,,[],2025-07-18
d0573170b2cb50e05ceb281a10b12ea7,jooble,Country Manager - Head of Engineering,,"Lima, OH","&nbsp;...escalabilidad y seguridad de los desarrollos. 
- Liderar equipos multidisciplinarios, promoviendo buenas prácticas, innovación y eficiencia <b>operativa.</b> 
- Colaborará estrechamente con la alta dirección para alinear las prioridades tecnológicas con los objetivos del negocio,...&nbsp;",[],Matemática Aplicada,2025-06-20T18:19:22.8630000,https://jooble.org/jdp/1551766847057921578,,[],2025-07-18
854a8c310a1a16736b4490577f3b5fa7,jooble,Back of House Team Member,Chick-fil-A - Central and Eubank,"Albuquerque, NM","&nbsp;...y configurar cuando sea necesario 
•	Proporcionar servicio de 2nd Mile 
•	Siga los procedimientos para garantizar la excelencia <b>operativa </b>
•	Mantenga los parámetros de calidad adecuados 
•	Cualquier otra tarea asignada por el personal culinario o de servicio. 
 CALIFICACIONES...&nbsp;",[],Matemática Aplicada,2025-07-10T00:00:00.0000000,https://jooble.org/jdp/-8012541926427335990,,[],2025-07-18
4102cf835a84d014d8d0a18936b3b8b3,jooble,Técnico de Centro de Datos,The Archetype Strategy,"Gilbert, AZ","&nbsp;...Strategy? En  The Archetype Strategy  , nos enfocamos en ofrecer soluciones personalizadas que optimizan y transforman la excelencia <b>operativa </b>para nuestros clientes. Nuestro equipo prospera gracias a la colaboración, la innovación y el compromiso con la excelencia. Unirse...&nbsp;",[],Matemática Aplicada,2025-06-30T00:00:00.0000000,https://jooble.org/jdp/6762263678956703386,,[],2025-07-18
96c33aa660d1f0fad6ee48a727f69f2d,jooble,Commercial Cleaning Manager/Supervisor,Office Pride of Indianapolis-Carmel,"Carmel, IN","&nbsp;...horarios del personal 
 Administrar la adquisicin e inventario de materiales y equipos de limpieza para garantizar la eficiencia <b>operativa </b>
 Realizar inspecciones regulares para mantener los estndares de calidad 
 Liderar y apoyar al equipo para asegurar un alto rendimiento...&nbsp;",[],Matemática Aplicada,2025-06-22T00:00:00.0000000,https://jooble.org/jdp/-8584729408296883359,,[],2025-07-18
f9879eaa709a87423317f64640b9c87e,jooble,Gerente de Operaciones,NFI,"Rincon, GA","&nbsp;...garantizar operaciones fluidas y una prestación de servicios de alta calidad para la familia y sus empresas.
Responsabilidades Supervisión <b>operativa:</b> gestione las operaciones diarias, garantizando procesos eficientes en las funciones financieras, legales, de recursos humanos,...&nbsp;",[],Matemática Aplicada,2025-07-17T00:00:00.0000000,https://jooble.org/jdp/-4689031827556520326,,[],2025-07-18
03a90d4d78d0d1ef2aed9710f472a482,jooble,Miembro del equipo (1),Newk's Eatery,"Gambrills, MD","&nbsp;...a los demás 
 Newks es parte del segmento fast-casual de la industria de restaurantes. Ofrecemos productos de gran calidad con un excelente servicio al cliente. Esto se logra a través del respeto mutuo y nuestro compromiso con la excelencia <b>operativa </b>todos los días....&nbsp;",[],Matemática Aplicada,2025-07-08T00:00:00.0000000,https://jooble.org/jdp/-1654274386625675280,,[],2025-07-18
37271672ef1032716477276fcecc4118,jooble,Delivery Driver - CDL / Conductor de Reparto - CDL,Ferguson,"Tampa, FL","&nbsp;...materiales al cliente, lo que incluye ayudar a descargar y garantizar la entrega de la factura con el material. 
 Asegurar la continuidad <b>operativa </b>del servicio. Recoger devoluciones de los clientes, asegurndose que el producto sea el correcto para solicitudes de crdito....&nbsp;",[],Matemática Aplicada,2025-07-18T09:35:09.0000000,https://jooble.org/jdp/-8743360826666654537,,[],2025-07-18
7b9de1ee2f6b74fb976fa49d3c95fa18,jooble,Miembro del equipo de Heart of House,Chick-fil-A,"Colorado Springs, CO","&nbsp;...6 días a la semana durante 35 a 40 horas. 
 Comprender las expectativas de los estándares de servicio al cliente y la excelencia <b>operativa </b>de Chick-fil-A. 
 La mayoría de los restaurantes Chick-fil-A® son operados por propietarios de negocios franquiciados independientes...&nbsp;",[],Matemática Aplicada,2025-06-21T00:00:00.0000000,https://jooble.org/jdp/2508812926277350371,,[],2025-07-18
924cf83d256bd4f07c247a665220f5e2,jooble,Asistente del Gerente General de Restaurante,Noodles & Company,"Columbus, OH","&nbsp;...administración hotelera es una ventaja. 
 Liderar un equipo de alto rendimiento junto con el Gerente General para lograr la excelencia <b>operativa.</b> 
 Ofrecer una experiencia excepcional para los clientes y fomentar un ambiente acogedor y de apoyo. 
 Demostrar habilidades de...&nbsp;",[],Matemática Aplicada,2025-07-14T23:55:34.7600000,https://jooble.org/jdp/2097866217865097040,,[],2025-07-18
ee47354ae29e0e7fc297bd1c1a593d79,jooble,"Técnico de Servicio de Campo-Ancash, Peru",NCR Corporation,"Georgia, Chittenden County, VT","&nbsp;...agacharse/ponerse en cuclillas, caminar/estar de pie/sentarse por períodos prolongados.
Participar en el patrón de turnos para el área <b>operativa,</b> lo que puede incluir trabajo de fin de semana y nocturno según lo determine la cobertura del cliente y los requisitos del SLA....&nbsp;",[],Matemática Aplicada,2025-07-14T00:00:00.0000000,https://jooble.org/jdp/5025251269266253758,,[],2025-07-18
8f0069f5aa377aa58af4300f892e9ca9,jooble,Pasante de Pricing,BIC Corporation,United States,"&nbsp;...liberación de pedidos en el sistema, asegurando que se cumplan las políticas comerciales vigentes.
+ Realizar la carga y gestión <b>operativa </b>de descuentos comerciales, promociones y condiciones especiales en los sistemas internos.
+ Apoyar en la elaboración de reportes peri...&nbsp;",[],Matemática Aplicada,2025-05-25T00:00:00.0000000,https://jooble.org/jdp/-373990066263388708,,[],2025-07-18
e0f201c6d64a876fe0eaa66be95feb28,jooble,Heavy Equipment Operator,The Walsh Group,"Goodyear, AZ","&nbsp;...otras tareas en el lugar de trabajo según sea necesario; opera equipos de conformidad con las políticas y procedimientos de seguridad <b>operativa </b>de la empresa.
Nuestros empleados están hechos para tener éxito. Los empleados tienen la oportunidad de trabajar en todo Estados...&nbsp;",[],Matemática Aplicada,2025-06-06T00:00:00.0000000,https://jooble.org/jdp/-3845032768413060047,,[],2025-07-18
1800e2941770d6b30eff3e3abf5d5650,jooble,Gerente Sénior de Maquinaria | Senior Equipment Manager,HEI Civil - Colorado,"Denver, CO","&nbsp;...nivel empresarial, responsable de optimizar el rendimiento financiero, el ciclo de vida, el cumplimiento normativo y la preparación <b>operativa </b>de una flota de equipos de construcción pesada con más de 500 unidades. Reportando directamente al Director Financiero (CFO), este...&nbsp;",[],Matemática Aplicada,2025-07-03T00:00:00.0000000,https://jooble.org/jdp/8569635514915629126,,[],2025-07-18
3201300ffdd6d89fc3502a8ca0939af7,jooble,Gerente de la parte trasera de la casa,Chick-fil-A,"North Las Vegas, NV","&nbsp;...en la ejecución de las operaciones diarias y mantener a los miembros del equipo responsables de cada componente de la Excelencia <b>Operativa </b>y nuestra Receta de Servicio. Las tres áreas principales de enfoque de un {{position_name}} son la seguridad alimentaria, liderar...&nbsp;",[],Matemática Aplicada,2025-07-18T00:00:00.0000000,https://jooble.org/jdp/4369735963848726324,,[],2025-07-18
bc43ac2c9f3f790085d4fe43934422e5,jooble,Erfaren HR-partner till vår HR-avdelning,Karlskoga,Pennsylvania,"&nbsp;...att bygga upp samt implementerat processer och strukturer inom HR-området
• Erfarenhet av att stötta chefer i både strategiska och <b>operativa </b>HR-frågor.

För att trivas hos oss bör du stimuleras av utåtriktat arbete och den bredd i arbetsuppgifterna som det innebär när...&nbsp;",[],Matemática Aplicada,2025-07-15T00:00:00.0000000,https://jooble.org/jdp/7457723798374341418,,[],2025-07-18
b48dbd027cabf32bd273fdfe478c9e7a,jooble,Human Resources Manager,Hunters of Talent,"Houston, TX","&nbsp;...con las leyes laborales, políticas, programas y sistemas de Recursos Humanos a nivel empresarial. 
 Responsabilidades 
 Ejecución <b>Operativa </b>de RRHH 
 Implementar y monitorear las políticas, procedimientos y prácticas corporativas de RRHH en todas las ubicaciones....&nbsp;",[],Matemática Aplicada,2025-04-23T00:00:00.0000000,https://jooble.org/jdp/879572588821726408,,[],2025-07-18
bbc1af7b5a681219e1d1c5ca114a9ac0,jooble,Director de Recursos Humanos,,Mexico,"&nbsp;...organizacional sólida, con enfoque en innovación, desempeño y bienestar del talento. Operaciones establecidas y un enfoque en la excelencia <b>operativa.</b> Es una organización de gran tamaño que se compromete a ofrecer servicios de alta calidad y a fomentar el desarrollo profesional...&nbsp;",[],Matemática Aplicada,2025-06-10T18:17:45.4170000,https://jooble.org/jdp/3990018100063898492,,[],2025-07-18
94f3d694e13ee5f2a52b3b037dcd4d70,jooble,"Diesel Mechanic Basic, Intermediate, Advanced.",ENSTRUCTURE LLC,"Houston, TX","&nbsp;...Enstructure LLC es un proveedor líder de servicios de terminales y logística, comprometido a ofrecer un servicio excepcional y excelencia <b>operativa.</b> Nuestra Terminal Richardson es un centro clave en nuestra red, y estamos buscando profesionales dedicados para unirse a nuestro...&nbsp;",[],Matemática Aplicada,2025-06-29T00:00:00.0000000,https://jooble.org/jdp/-5290929368635113672,,[],2025-07-18
0748790fde84bb6104778b691d09eb4e,jooble,Digital Transformation Director,Hunters of Talent,"Houston, TX","&nbsp;...empresa. Este rol es fundamental para aprovechar tecnologías existentes y emergentes que impulsen el liderazgo en costos, la excelencia <b>operativa </b>y la competitividad a largo plazo. 
 El Director de Transformación Digital será accountable por la identificación, priorización y...&nbsp;",[],Matemática Aplicada,2025-05-19T00:00:00.0000000,https://jooble.org/jdp/7176238398366908258,,[],2025-07-18
0c471509c7e94583382d50a6e2ff95fe,jooble,Perito elettrico per ufficio tecnico preventivazione,Sky-Nrg,"Saint Paul, MN","&nbsp;...Predisposizione Layout impianti, dimensionamenti e predisposizione tavole e schemi elettrici.
Definizione lista materiali per commesse
Sede <b>operativa:</b> Castiglione delle Stiviere (MN).
Sei in linea con una delle posizioni aperte? Contattaci e riceverai risposta appena possibile....&nbsp;",[],Matemática Aplicada,2025-07-18T00:00:00.0000000,https://jooble.org/jdp/2954417630205547237,,[],2025-07-18
af3fffc0c18da0dd72db5c9cbdc07e8f,jooble,"Production Manager - Mile High Thrift - $59,000",Red White & Blue Thrift Store,"Denver, CO","&nbsp;...con los objetivos de produccin, contribuyendo al xito general de nuestras operaciones de la tienda de segunda mano. 
 Eficiencia <b>operativa </b>y gestin de produccin 
 Supervisar las operaciones diarias de produccin, garantizando el procesamiento eficiente y el envo de mercadera...&nbsp;",[],Matemática Aplicada,2025-07-15T00:00:00.0000000,https://jooble.org/jdp/-9058585104694928349,,[],2025-07-18
875a169d13b294ba7069991c86c440df,jooble,Analista de Proyectos TI,Multiplica Talent,"Lima, OH","&nbsp;...del futuro. ¡Sé parte de este cambio!
 Si eres  Analista de Proyectos  , esto te puede interesar. 
 Misión 
 Apoyar la ejecución <b>operativa </b>del proyecto, asegurando el seguimiento detallado, calidad entregables, control documental y apoyo metodológico al PM....&nbsp;",[],Matemática Aplicada,2025-04-24T16:36:01.3370000,https://jooble.org/jdp/4731414991196891259,,[],2025-07-18
c29c8d1eb0c9d77c008a757dc643798b,jooble,Gerente Regional de Operaciones de AZ,Heartfelt Connections Home Care,"Scottsdale, AZ","&nbsp;...entorno de ritmo rápido. 
 Disposición a viajar dentro de Arizona según sea necesario para el desarrollo del negocio y la supervisión <b>operativa.</b> 
 Calificaciones preferidas: 
 Experiencia previa en atención domiciliaria o servicios sanitarios. 
 Familiaridad con las...&nbsp;",[],Matemática Aplicada,2025-06-04T00:00:00.0000000,https://jooble.org/jdp/-7264387562327979657,,[],2025-07-18
96e36d2149ae15c404eb77f315200437,jooble,Liderazgo/Gestión - Chick-fil-A Golf Mill,Chick-fil-A,"Niles, IL","&nbsp;...mediante el desarrollo y entrenamiento de líderes de restaurantes, la elaboración e implementación de estrategias para la ejecución <b>operativa </b>y la conducción del equipo hacia el éxito y los resultados comerciales. 
 Tipo de posición: 
~ Jornada completa 

 Nuestros...&nbsp;",[],Matemática Aplicada,2025-06-07T00:00:00.0000000,https://jooble.org/jdp/-2637629443606771487,,[],2025-07-18
31b9bfa375f2aa21879216adde286804,jooble,STORE MANAGER - LA PIADINERIA - VERTEMATE CON MINOPRIO (CO),Lapiadineria,"Denver, CO","&nbsp;...un vero e proprio mentore, fornendo feedback costruttivi e promuovendo un ambiente di lavoro positivo e collaborativo.
* Gestione <b>Operativa </b>: dall’organizzazione dei turni alla gestione degli inventari, il tuo ruolo sarà fondamentale per mantenere tutto in ordine e rispettare...&nbsp;",[],Matemática Aplicada,2025-07-14T00:00:00.0000000,https://jooble.org/jdp/3569966123916530817,,[],2025-07-18
fc5325f98849cd791e821235dfcad0fe,jooble,Miembro del equipo de la parte trasera de la casa,Chick-fil-A,"Eatontown, NJ","&nbsp;...de Chick-fil-A y del condado. 
 Siga los procedimientos de preparación de alimentos de Chick-fil-A para garantizar la excelencia <b>operativa </b>y mantener los estándares de nuestra marca Chick-fil-A. 
 Calificaciones laborales: 
 Tener transporte confiable al trabajo....&nbsp;",[],Matemática Aplicada,2025-06-20T00:00:00.0000000,https://jooble.org/jdp/8212680771854431066,,[],2025-07-18
96bb5c36a9704a03cbd6990279da4257,jooble,Vi söker konsulter inom Endpoint Security,Orange SA,"Los Angeles, CA","&nbsp;...migrering av endpoint-lösningar hos våra kunder
Planering och ledning av komplexa arbetsuppgifter i nära samarbete med kundernas <b>operativa </b>team.
Konfiguration, implementation och underhåll av Endpoint-lösningar hos våra kunder
Arbeta med automationslösningar för att effektivisera...&nbsp;",[],Matemática Aplicada,2025-07-16T00:00:00.0000000,https://jooble.org/jdp/5449897381564045969,,[],2025-07-18
750d58bba23b04f8d23fa71fb0725850,jooble,Project Coordinator/Coordinador de proyectos,Teddy's Lawn & Landscape,"Livonia, MI","&nbsp;...industria del paisajismo y la construcción, con dominio en las facetas de la construcción del paisajismo. 
●  Competencia tecnológica y <b>operativa </b> : experto en el uso de productos de Microsoft Office, comprensión de planos y operación de maquinaria como minicargadoras,...&nbsp;",[],Matemática Aplicada,2025-04-04T00:08:01.6030000,https://jooble.org/jdp/1224686993704899929,,[],2025-07-18
f723bc118adfe4c7a24603c294019bc2,jooble,Anfitrión/anfitriona del comedor - Semana laboral de 4 días,Chick-fil-A,"San Antonio, TX","&nbsp;...un estricto cumplimiento de los procedimientos de seguridad alimentaria 
 Seguir los procedimientos para garantizar la excelencia <b>operativa </b>
 Habilidades deseadas: 
 Comportamiento amigable con el cliente y disposición para servir 
 Capaz de estar de pie durante perí...&nbsp;",[],Matemática Aplicada,2025-07-04T00:00:00.0000000,https://jooble.org/jdp/1553008188940099588,,[],2025-07-18
7a7d978968cfdb335ed010f1cef4c37e,jooble,CCMO - Ingegnere/Perito specializzato in impianti meccanici e HVAC,Intesa Sanpaolo Group,"Tulsa, OK","&nbsp;...di manutenzione ordinaria e straordinaria, anche attraverso l'utilizzo di sistemi di supervisione BMS, assicurando la continuità <b>operativa </b>e l'efficienza degli impianti.Il tuo contributo sarà fondamentale anche nel supportare le attività di certificazione e le verifiche...&nbsp;",[],Matemática Aplicada,2025-07-16T00:00:00.0000000,https://jooble.org/jdp/8470046962587333158,,[],2025-07-18
7ca0f56185a39c6ec9a1b46781d35b27,jooble,Technical Lead Full Stack (Madrid-Getafe),Avanade Inc.,United States,"&nbsp;...y objetivos de rendimiento. 
- Resolver problemas y optimizar el proceso de entrega de software. 
- Crear documentación técnica y <b>operativa.</b> 
Habilidades y experiencia 
- Experiencia en arquitectura con ASP.Net .net y/o .net core. 
- Experiencia con Angular. 
Qué esperamos...&nbsp;",[],Matemática Aplicada,2025-05-24T00:00:00.0000000,https://jooble.org/jdp/-3908898067935146600,,[],2025-07-18
6a7dea663f0c57ab6296f8a2fc1abb21,jooble,Especialista en Levantamiento de Procesos de Inspección Fitosanitaria,IESC,Abroad,"&nbsp;...1.  Diagnóstico y Mapeo de Procesos del Control Cuarentenario 
 Levantar y sistematizar la información técnica, normativa y <b>operativa </b>relacionada con el proceso de Control Cuarentenario gestionado por el MAGA, para identificar los procedimientos, actores, documentaci...&nbsp;",[],Matemática Aplicada,2025-06-16T15:09:27.1352474+00:00,https://jooble.org/jdp/-1509654250005267038,,[],2025-07-18
e4c29477afb7ecadcf9bbc6ce78b1c4e,jooble,Miembro del equipo de atención al público de apertura,Chick-fil-A,"Cumming, GA","&nbsp;...automóvil, montaje de alimentos y bebidas. 
 Comprender todos los principios del Servicio de Segunda Milla (2MS), la Excelencia <b>Operativa </b>(OE) y la Creación de Conexiones Emocionales (EC). 
 Se está siguiendo el modelo Execute FIFO (First In, First Out). 
 Proteja la...&nbsp;",[],Matemática Aplicada,2025-06-09T00:00:00.0000000,https://jooble.org/jdp/-6516970744733571784,,[],2025-07-18
db24db1439216200b086e816cfed77f6,jooble,Operations Supervisor - contratto di 12 mesi,Amazon,Alabama,"&nbsp;...flussi di lavoro e le performance del sito, nonché fornire rilevanti informazioni ai manager di prima linea per garantire l'eccellenza <b>operativa </b>in tutti i turni.
- Supportare e formare il personale affinché assicuri un servizio d'eccellenza e supervisionarlo nello...&nbsp;",[],Matemática Aplicada,2025-05-30T00:00:00.0000000,https://jooble.org/jdp/7759675536207014342,,[],2025-07-18
571454cf17551307645aab5b253dc66d,jooble,Oportunidades de Empleo en Buque Tanque Químico/Petrolero - ASAP,Quiero Navegar,"Montgomery, AL","&nbsp;...navegación.
Marinero Capacitado (Able Seaman): Realización de tareas de mano de obra en cubierta con enfoque en seguridad y eficiencia <b>operativa.</b>
Engrasador/Motorman: Mantenimiento rutinario de equipos mecánicos y apoyo en tareas de sala de máquinas.
Cocinero Jefe: Preparaci...&nbsp;",[],Matemática Aplicada,2025-07-16T00:00:00.0000000,https://jooble.org/jdp/-5457140603104901858,,[],2025-07-18
4c92f98d1c484ddf694e6060e611ea4d,jooble,Especialista Certificado En Manejo De La Ira,Maze of Life Resource Center,Remote,"&nbsp;...~ Desarrollo de capacitación completa de 90 días. Este proceso consistirá en el 

 aprendizaje de todos los sistemas, logística <b>operativa </b>y facilitación. 
~ Impulsado por un propósito, apasionado y enseñable. 

~ Flexibilidad para asistir a reuniones/capacitaciones...&nbsp;",[],Matemática Aplicada,2025-07-01T00:00:00.0000000,https://jooble.org/jdp/586988628265298260,,[],2025-07-18
598b0bf9bd6dfd6077d47fbb89200902,jooble,FPCM: Prácticas Transformación Digital & Análisis de Datos,Fundación Parque Científico de Madrid,"Iowa, LA","&nbsp;...de datos útiles para el seguimiento de empresas alojadas y colaboradoras.
Automatizar tareas e informes para mejorar la eficiencia <b>operativa </b>del PCM.
Apoyar la estrategia de impulso a empresas deeptech mediante la identificación de patrones de comportamiento y...&nbsp;",[],Matemática Aplicada,2025-07-17T00:00:00.0000000,https://jooble.org/jdp/-1109840858149590411,,[],2025-07-18
21fd0aa4fbffdc90fe277a466a65200a,jooble,Operador de maquina - 1er turno de 6:00am a 2:30pm,CRYOPAK INC,"Edison, NJ","&nbsp;...de dificultad del trabajo designado. 
 Proporcionar orientación a otras personas en la línea sobre los próximos pasos en la línea <b>operativa,</b> según sea necesario. 
 LO QUE NECESITAS PARA TENER ÉXITO (Calificaciones): 
 Se desea diploma de escuela secundaria o...&nbsp;",[],Matemática Aplicada,2025-07-06T00:00:00.0000000,https://jooble.org/jdp/3748100910777082347,,[],2025-07-18
50305e88c0056a974cc22a3a54bc4094,jooble,Especialista en Normativa para Puestos Fronterizos Integrados,IESC,Abroad,"&nbsp;...así como las aduanas periféricas de la Unión Aduanera de los tres Estados Parte. Es importante brindar apoyo en la implementación <b>operativa </b>de forma plena de El Salvador al Proceso de Integración Profunda, facilitando la participación presencial de las mesas técnicas de...&nbsp;",[],Matemática Aplicada,2025-05-27T15:08:54.3673985+00:00,https://jooble.org/jdp/7655951379328478468,,[],2025-07-18
d988488a426812f3fbe00082317c4de5,jooble,Erfaren HR-partner med fokus på vår digitala utvecklingsresa,Jordbruksverket,"Santa Anna, TX","&nbsp;...verksamheten och dess ledare. Du arbetar brett inom alla HR-processer och besitter en generalistkompetens inom HR. I din roll möter du <b>operativa,</b> taktiska och strategiska frågeställningar. Du kombinerar din roll som HR-partner till verksamheten med att driva och utveckla HR-...&nbsp;",[],Matemática Aplicada,2025-07-17T00:00:00.0000000,https://jooble.org/jdp/-8272436904813786352,,[],2025-07-18
956fb096aa095bc7a649bdae9ca11233,jooble,Worksoft da la bienvenida a Aftab Alam como Director de Producto,Lavozdelaempresa,"Iowa, LA","&nbsp;...en Worksoft. ""Su enfoque innovador y sus conocimientos de la industria son exactamente lo que necesitamos para ofrecer estabilidad <b>operativa </b>y acelerar el tiempo de creación de valor para nuestros clientes"".
""Estoy encantado de unirme a Worksoft en un momento tan crucial...&nbsp;",[],Matemática Aplicada,2025-07-14T00:00:00.0000000,https://jooble.org/jdp/-5441923222782744788,,[],2025-07-18
0b52f4ce571b487f9e75cc46cb656d86,jooble,Miembro del equipo de atención al público del turno de día,Chick-fil-A,"Fort Worth, TX","&nbsp;...trabajo en equipo, adaptable, confiable, con una fuerte ética de trabajo 
 Seguir los procedimientos para garantizar la excelencia <b>operativa </b>
 Espíritu de servicio con un fuerte sentido de la generosidad 
 Funciona bien de forma independiente y en un entorno de equipo...&nbsp;",[],Matemática Aplicada,2025-06-05T00:00:00.0000000,https://jooble.org/jdp/3156621124482189954,,[],2025-07-18
2b533cc46b3ea90eab458b6b0e30ba38,jooble,"Consultor en análisis económico de seguridad y justicia para el desarrollo, Washington DC",Inter-American Development Bank,Washington DC,"&nbsp;...análisis econométricos y estadísticos. 
 Coordinar la logística y gestión de proyectos de investigación,  incluyendo asistencia <b>operativa </b>y supervisión en su implementación y realizando controles de calidad en los entregables. 
 Mantener actualizados archivos y bases...&nbsp;",[],Matemática Aplicada,2024-11-01T00:00:00.0000000,https://jooble.org/jdp/-4159826797087420900,,[],2025-07-18
5a1bf51652cd5d4b7e4994a88e1fdcf6,jooble,AI Business Consultant,DXC Technology Inc.,"Hartford, CT","&nbsp;...mediante metodologías de mejora continua, automatización inteligente y estrategias de gobierno de la IA. 
 Promover la eficiencia <b>operativa,</b> la innovación y el cumplimiento normativo. 
 Realizar diagnósticos de procesos de negocio para identificar oportunidades de...&nbsp;",[],Matemática Aplicada,2025-07-01T23:44:26.1230000,https://jooble.org/away/-8543258096468419277,,[],2025-07-18
9232ce4b5ced720383cf931617a50e72,jooble,Jefe de Compensación y Relaciones Laborales,Scania Nederland B.V.,"Denver, CO","&nbsp;...relacionados con su ingreso comunicando y gestionado con las áreas internas de la compañía. 
 Funciones y Responsabilidades en Gestión <b>operativa </b>y Administrativa 
 Revisión y Aprobación facturas propias de la subárea 
 Administrar toda la información a través de la...&nbsp;",[],Matemática Aplicada,2025-07-01T09:04:08.7470000,https://jooble.org/away/-6651661469797016943,,[],2025-07-18
d6a210c93f83634f864a3a7a1f8cbc53,jooble,Conductor Comercial,QXO,"Killeen, TX","&nbsp;...expansión en nuevos mercados. Nuestra estrategia se basa en ofrecer experiencias excepcionales al cliente, mejorar la eficiencia <b>operativa </b>y aprovechar los datos, las herramientas digitales y la inteligencia artificial para modernizar una industria históricamente poco...&nbsp;",[],Matemática Aplicada,2025-07-01T00:00:00.0000000,https://jooble.org/jdp/-215769953082510788,,[],2025-07-18
4686e35d93dc9182b371a8ee986c2bd3,jooble,RESTAURANTE DE ALTA GAMA EN MIAMI BUSCA DISHWASHER (LAVAPLATOS),,Florida,"&nbsp;...Descripción del puesto: 
 Como Dishwasher, formarás parte del corazón de la cocina. Tu responsabilidad será mantener el área limpia y <b>operativa,</b> asegurando que todo el equipo tenga lo necesario para ofrecer un servicio impecable. 

 Ofrecemos: 
✅ Contratación inmediata...&nbsp;",[],Matemática Aplicada,2025-07-09T23:25:38.4730000,https://jooble.org/jdp/7284870681498934911,,[],2025-07-18
aa3100c340ef3d3ff0816a7e361c286b,jooble,Operador de Produccion,5TH HQ,"Hollywood, FL","&nbsp;...plantas o laboratorios técnicos. 
 Capacidad para usar básculas y realizar pesajes precisos. 
 Conocimientos básicos de matemáticas <b>aplicadas </b>(indispensable). 
 Capacidad para levantar hasta 25 kg (55 lbs). 
 Fluidez en español; inglés básico requerido. 
 Experiencia...&nbsp;",[],Matemática Aplicada,2025-06-22T00:00:00.0000000,https://jooble.org/jdp/-7482507164494459614,,[],2025-07-18
056b39e7f57eb4d5e9df200b2b8e8f36,jooble,QA & OCCUPATIONAL HEALTH & SAFETY SPECIALIST,Luis Garraton LLC,Puerto Rico,"&nbsp;...regulaciones aplicables. 


 REQUISITOS DEL PUESTO 
# Bachillerato (B.A.) en Ingeniería, Salud Industrial, Ciencias básicas o <b>aplicadas,</b> o Ciencias Ambientales de un colegio o universidad acreditada; o uno a dos años de experiencia; o la combinación equivalente de educaci...&nbsp;",[],Matemática Aplicada,2025-07-01T00:00:00.0000000,https://jooble.org/jdp/3458273955961469756,,[],2025-07-18
85bb14241bedddab9ff92e759762f1b8,jooble,Arquitecto Salesforce - Argentina,Freeway Consulting,"Little Rock, AR","&nbsp;...que buscamos debe cumplir con el siguiente perfil:
Licenciatura/Ingeniería en informática, computación, cibernética, matemáticas <b>aplicadas </b>o carrera afín
Amplio conocimiento y experiencia en la plataforma Salesforce, incluyendo Sales Cloud, Service Cloud, Marketing Cloud...&nbsp;",[],Matemática Aplicada,2025-07-16T00:00:00.0000000,https://jooble.org/jdp/2386040614686132937,,[],2025-07-18
534335bcc335f4a96e456a0fa4babb0d,jooble,Video Editor,"Univision Communications, Inc",United States,"&nbsp;...audiovisual.- Habilidad en la grabación de voz en off y aparición frente a cámara (deseable).- Conocimiento en inteligencia artificial <b>aplicada </b>al lenguaje audiovisual (deseable).- Capacidad para trabajar en equipo, con alta organización y responsabilidad en las entregas...&nbsp;",[],Matemática Aplicada,2025-06-26T00:00:00.0000000,https://jooble.org/jdp/-8234380169789073110,,[],2025-07-18
d1990030022cc27318a68aaac3cf3742,jooble,Platform Engineer - SRE | Híbrido,PX AGENCIAMENTO DE SERVICOS LTDA,"Columbia, SC","&nbsp;...combinação perfeita entre engenharia e operações com foco em confiabilidade, performance e escalabilidade;
Mentalidade de engenharia <b>aplicada </b>a infraestrutura com foco em automação;
Foco em observabilidade e métricas;
Domínio em CI/CD e estratégias de deploy para...&nbsp;",[],Matemática Aplicada,2025-07-16T00:00:00.0000000,https://jooble.org/jdp/3850092062726306364,,[],2025-07-18
5d647db8c3e347e0ea96d0ca66ded16a,jooble,Analista de Regulatórios Jr,Kemin Industries,"Columbia, SC","&nbsp;...coisas de forma diferente e são inspirados pelo mundo que nos rodeia. Há mais de meio século que nos dedicamos a utilizar a ciência <b>aplicada </b>para melhorar a qualidade de vida.

Somos um fabricante global de ingredientes que se esforça todos os dias para transformar de...&nbsp;",[],Matemática Aplicada,2025-07-18T00:00:00.0000000,https://jooble.org/jdp/-1534565087895315508,,[],2025-07-18
4630ad8b6b46d17aebe5551c51155178,jooble,Jefe Nacional de Logística,trabajito,"Santa Cruz, CA","&nbsp;...contingencia ante incidencias logísticas. 
 Manejo de herramientas informáticas (Office Nivel Avanzado, Tablas dinámicas, Power BI, SAP, AI <b>aplicadas </b>a logística). 
 Competencias Valoradas 
 Pensamiento estratégico y orientación a resultados. 
 Liderazgo para gestionar equipos...&nbsp;",[],Matemática Aplicada,2025-07-11T22:46:40.5430000,https://jooble.org/jdp/1591183303641421178,,[],2025-07-18
3cb575b128e3cad89550b8b46bc1a285,jooble,Security Specialist,Axians Portugal,Portugal,"&nbsp;...criptografia, DLP, estratégias de backup e recuperação de desastres. 
 Requisitos e skills: 
~5+ anos de experiência em cibersegurança <b>aplicada </b>a ambientes híbridos, com conhecimento aprofundado em proteção de infraestruturas críticas, datacenters on-premises e cloud pú...&nbsp;",[],Matemática Aplicada,2025-06-18T00:00:00.0000000,https://jooble.org/jdp/8049769387613268162,,[],2025-07-18
4aeed3c526bde417b9c89167e8d1a211,jooble,"[Job-23182] Gerente de Arquitetura, Brasil",CI&T,"Brazil, IN","&nbsp;...tecnológicas complexas
Base técnica robusta para atuar em arquitetura de alto nível.
Vivência prática com Inteligência Artificial <b>aplicada </b>a contextos de negócio
Forte capacidade de liderar, inspirar e desenvolver pessoas, criando um ambiente de formação e evolução cont...&nbsp;",[],Matemática Aplicada,2025-07-15T00:00:00.0000000,https://jooble.org/jdp/6487057337306165294,,[],2025-07-18
d1a5bdc51a53ca0fb31c7fda17229574,jooble,Desenvolvedor de Machine Learning SR,IDS DESENVOLVIMENTO DE SOFTWARE,"Iowa, LA","&nbsp;...arquiteturas baseadas em nuvem (AWS, GCP ou Azure) e deployment de modelos em ambientes escaláveis.
* Conhecimento em engenharia de dados <b>aplicada </b>a ML, incluindo preparação, ingestão e transformação de dados.
Requisitos de Liderança e Gestão:
* Experiência na liderança de...&nbsp;",[],Matemática Aplicada,2025-07-16T00:00:00.0000000,https://jooble.org/jdp/-8085352946000953653,,[],2025-07-18
72dc9c1cae7bde5a693b8ae6b4ecfd01,jooble,[Job 22952] Data Architect / Data Developer Master,CI&T,"Brazil, IN","&nbsp;...incluindo armazenamento, processamento e orquestração.

Conhecimento de ferramentas de monitoramento, rastreamento e observabilidade <b>aplicadas </b>a dados.

Prática com testes automatizados, qualidade de código e manutenção de soluções robustas em ambientes produtivos....&nbsp;",[],Matemática Aplicada,2025-07-15T00:00:00.0000000,https://jooble.org/jdp/3897661390972446937,,[],2025-07-18
4ceef9837fb93b079a620f44b162ea94,jooble,Agrónomo - Promoción de Innovación Agrícola,IESC,Abroad,"&nbsp;...estructurado y metódico 

 Conocimientos 
· Manejo de herramientas de ofimática e internet. 
· Conocimiento de herramientas tecnológicas <b>aplicadas </b>a la agricultura. 
·  Contactos establecidos con red de proveedores agrícolas, agroexportadoras, proveedores de servicios. 
·...&nbsp;",[],Matemática Aplicada,2025-06-19T08:05:04.8913575+00:00,https://jooble.org/jdp/-2523593062084118076,,[],2025-07-18
2a1bfb68deed6c05a154f07a8920fb96,jooble,Senior Machine Learning Developer (Data & AI),Avanade Inc.,United States,"&nbsp;...Habilidades e experiências:
* Experiência com desenvolvimento em machine learning;
* Conhecimento em Python e/ou ferramentas low-code <b>aplicadas </b>à IA;
* Pós-graduação completa ou em andamento em áreas correlatas (Ciência de Dados, Inteligência Artificial, Estatística,...&nbsp;",[],Matemática Aplicada,2025-06-26T00:00:00.0000000,https://jooble.org/jdp/-3625157011618752580,,[],2025-07-18
32039eb61f1ba1a0ca20e34aeacb7cc2,jooble,Beca Business Technology Solutions,AbbVie Inc.,Maryland,"&nbsp;...y otros elementos de interés para el proyecto. 
 Conocer el Ciclo de Vida de Sistemas de Información de AbbVie y la metodología <b>aplicada.</b> 
 AUDITORÍA Y COMPLIANCE 
~ Entender los procesos de Compliance en torno a las herramientas tecnológicas de la compañía. 

 Ejecutar...&nbsp;",[],Matemática Aplicada,2025-05-21T04:59:21.5070000,https://jooble.org/jdp/-4033346290904938850,,[],2025-07-18
f3f0862d334d7f67253b798eac858625,jooble,Experto en Plagas Cuarentenarias en Aguacate,IESC,Abroad,"&nbsp;...a resultados 

 Conocimientos 
· Manejo de herramientas de ofimática e internet. 
· Conocimiento de herramientas tecnológicas <b>aplicadas </b>a la agricultura (agricultura de precisión, GIS, análisis de información técnica). 
· Contactos establecidos con productores y agroexportadoras...&nbsp;",[],Matemática Aplicada,2025-05-07T10:45:45.2030000,https://jooble.org/jdp/8058742373458410828,,[],2025-07-18
cbf5ebc54a4c9b7031e604cee544826b,jooble,Funditec: líder de equipo en IA/ML,Fundación Parque Científico de Madrid,"Iowa, LA","&nbsp;...sectores y ámbitos de aplicación. Se valoran perfiles dinámicos, colaborativos y con vocación de crecimiento en entornos de innovación <b>aplicada.</b>
Funditec Intelligence es la unidad especializada en Inteligencia Artificial Aplicada de la Fundación Tecnológica Advantx (...&nbsp;",[],Matemática Aplicada,2025-07-17T00:00:00.0000000,https://jooble.org/jdp/-2278614857332337776,,[],2025-07-18
36b263b462f1f8cc762429dd0a952b1f,jooble,"PST - Technical Services, Projects, Initiatives - Band BTA",Procter & Gamble,United States,"&nbsp;...operación en relación con la tecnología asignada. 
 Tareas: 
+ Eliminación de perdidas crónicas a través de las herramientas de IWS <b>aplicadas </b>a su tecnología. 
+ Dar soporte en las Implementaciones y validaciones de proyectos siguiendo la metodología de Gsum
+ + Ser el...&nbsp;",[],Matemática Aplicada,2025-06-06T00:00:00.0000000,https://jooble.org/jdp/271858356372752245,,[],2025-07-18
4fc91d9fe958ebd47d0bd4728267a117,jooble,Cómo trabajar las emociones para alcanzar el éxito profesional,Expansión,"Iowa, LA","&nbsp;...pero no conduce a nada bueno: ""Es una desconexión de nosotros mismos y de nuestras relaciones"", apunta esta experta en neurociencia <b>aplicada </b>a la gestión de personas. Añade que estar la mayor parte del tiempo conectados a través de dispositivos, en lo profesional y en lo...&nbsp;",[],Matemática Aplicada,2025-07-18T00:00:00.0000000,https://jooble.org/jdp/-5448803699210998579,,[],2025-07-18
4731848463ef406c0dce1e247301a55c,jooble,Técnico de Ensaios Não Destrutivos (m/f) - V. N. Famalicão AJL,Iep,"Salt Lake City, UT","&nbsp;...IPAC (ISO/IEC 17025). Os ensaios são efetuados de acordo com diversas normas internacionais, podendo também em muitos casos serem <b>aplicadas </b>especificações de clientes.
CANDIDATURA [contact-form-7 id=""11714"" title=""Recrutamento- Candidatura proposta""]
#J-18808-Ljbffr Iep",[],Matemática Aplicada,2025-07-17T00:00:00.0000000,https://jooble.org/jdp/-8405884799198089910,,[],2025-07-18
6ead698329f9f233436fc290732104f8,jooble,Técnico Agrícola para cultivo de aguacate para exportación_3,IESC,Abroad,"&nbsp;...resultados 
 Conocimientos     
· Manejo de herramientas de ofimática e internet. 
· Conocimiento del uso de herramientas tecnológicas <b>aplicadas </b>a la agricultura (agricultura de precisión, GIS, software, análisis de información técnica). 
· Contactos establecidos con...&nbsp;",[],Matemática Aplicada,2025-06-09T07:09:04.0926746+00:00,https://jooble.org/jdp/4299525217274754246,,[],2025-07-18
fd49599de05337130b0f03a741d078ae,jooble,Processo seletivo para estagiários do TRE-MS será realizado no próximo domingo,Costalestenews,"Jackson, MS","As provas para a seleção de estagiários do TRE-MS (Tribunal Regional Eleitoral de Mato Grosso do Sul) serão <b>aplicadas </b>no próximo domingo (24) em Campo Grande. A remuneração é de R$ 850,00.
Conforme o Tribunal, as provas serão aplicadas no domingo, às 8h30, na Faculdade...&nbsp;",[],Matemática Aplicada,2025-07-16T00:00:00.0000000,https://jooble.org/jdp/-5761221673330129938,,[],2025-07-18
b9a6075dcd50a8fa76a69869b5b1e573,jooble,Senior Data & Market Analyst B2B São Paulo - SP and Hybrid Full-time employee,Cortex Intelligence,"Iowa, LA","&nbsp;...solução mais completa de Go-to-Market Intelligence da América Latina. Somos referência em Inteligência Artificial (IA) e Big Data <b>aplicada </b>a Marketing e Vendas, com mais de 10 anos de experiência apoiando clientes a evoluírem suas máquinas de GTM e mantendo nosso próprio...&nbsp;",[],Matemática Aplicada,2025-07-17T00:00:00.0000000,https://jooble.org/jdp/7873583024446700125,,[],2025-07-18
44559d2b0545d75fc0a2a5b609612107,jooble,Insegnante per Ripetizioni e Aiuto Compiti di Matematica,Letuelezioni,"Naples, FL","Insegnante per Ripetizioni e Aiuto Compiti di <b>Matematica </b>Join to apply for the Insegnante per Ripetizioni e Aiuto Compiti di Matematica role at Letuelezioni
Insegnante per Ripetizioni e Aiuto Compiti di Matematica Join to apply for the Insegnante per Ripetizioni e Aiuto...&nbsp;",[],Matemática Aplicada,2025-07-18T00:00:00.0000000,https://jooble.org/jdp/-6258384207637551731,,[],2025-07-18
9a7a1b86fa10d0b6e809647688ee0e4a,jooble,CYBERSECURITY SPECIALIST,Axians Italia,"Palo Alto, CA","&nbsp;...candidato/a ideale si presenta con i seguenti requisiti:
laurea in ambito STEM o cultura equivalente (Scienza, Tecnologia, Ingegneria, <b>Matematica)</b>;
Esperienza pregressa di almeno 3 anni in una realtà di System Integrator;
Conoscenza su infrastrutture Cloud;
Conoscenza in...&nbsp;",[],Matemática Aplicada,2025-07-18T00:00:00.0000000,https://jooble.org/jdp/1744811609349966247,,[],2025-07-18
c8ef037287548233075aeccec51edcf2,jooble,Lider de grupo,Envirovac,"West Memphis, AR","&nbsp;...especfico y la poltica de la empresa, previniendo la contaminacin cruzada entre el equipo y los lugares de trabajo. 
 Habilidad de <b>matematica </b>basica. 
 Debe poder medir los trabajos cualitativos y cuantitativos que hayan realizado los empleados. 
 Competencias...&nbsp;",[],Matemática Aplicada,2025-07-18T11:05:08.7400000,https://jooble.org/jdp/-7011793452505143660,,[],2025-07-18
cb71c67fc3f0e80544571720dc253230,jooble,IT Project Manager,dot Academy,"Tulsa, OK","&nbsp;...un progetto IT.
Il candidato ideale possiede le seguenti caratteristiche, competenze e formazione:
Laurea in ambito scientifico (<b>Matematica,</b> Informatica, Fisica, Ingegneria) o Diploma Informatico;
Esperienza pregressa di almeno 3 anni nel ruolo;
Buona conoscenza della...&nbsp;",[],Matemática Aplicada,2025-07-16T00:00:00.0000000,https://jooble.org/jdp/9067569292912786856,,[],2025-07-18
caab87a8268c18b139b410f3af4e2a8d,jooble,Stage Cyber Security,keypartner,"Tulsa, OK","&nbsp;...interno finalizzato alla discussione della tesi.
Laurea in Informatica, Ingegneria informatica, Ingegneria delle Telecomunicazioni, <b>Matematica </b>e Fisica.
Conoscenza dei sistemi operativi più in uso (Unix, Linux) e delle piattaforme middleware.
I fattori critici di successo...&nbsp;",[],Matemática Aplicada,2025-07-16T00:00:00.0000000,https://jooble.org/jdp/-425127378169651111,,[],2025-07-18
fcde536c9a5579372081b21d77ae02b9,jooble,ServiceNow Architect,NSR S.r.L.,"Tulsa, OK","&nbsp;...Garantire il rispetto delle normative di sicurezza e conformità
Requisiti:
Laurea in materie STEM (Scienze, Tecnologia, Ingegneria o <b>Matematica)</b>
Almeno 3 anni di esperienza comprovata su ServiceNow, con una forte conoscenza della configurazione della piattaforma, degli...&nbsp;",[],Matemática Aplicada,2025-07-16T00:00:00.0000000,https://jooble.org/jdp/738118246985467043,,[],2025-07-18
90a06bf3d9e1da2e80fcf338a8bf661b,jooble,SOFTWARE & COMPUTER VISION DEVELOPER,Fine Foods & Pharmaceuticals N.T.M. S.p.A.,"Houston, TX","&nbsp;...quality assurance per miglioramento continuo del processo.
Requisiti minimi:
Laurea in ambito tecnico-scientifico (Ingegneria, Fisica, <b>Matematica,</b> Informatica) / Diplomato con esperienza nel settore sviluppo software visione artificiale (5 anni).
Conoscenza generale...&nbsp;",[],Matemática Aplicada,2025-07-16T00:00:00.0000000,https://jooble.org/jdp/-5426337015547077182,,[],2025-07-18
6cfc01cc92a5b291b16cc2dbd266f0cf,jooble,4 Data Scientist (Roma) - Anche Neolaureati,R2u,"Tulsa, OK","&nbsp;...desiderosi di mettersi in gioco e crescere professionalmente.
Responsabilità e Requisiti: Laurea magistrale in Informatica, Ingegneria, <b>Matematica,</b> Statistica, Fisica o discipline affini.
Conoscenza di linguaggi di programmazione come Python o SQL .
Familiarità con strumenti...&nbsp;",[],Matemática Aplicada,2025-07-15T00:00:00.0000000,https://jooble.org/jdp/5877316410198404853,,[],2025-07-18
7f610d5efaabeab993f8d5595b13d15a,jooble,TTech_Data Scientist,"Telefónica, S.A.","Snowflake, AZ","&nbsp;...conocimientos de técnicas, aplicaciones, y modelos relacionados con la IA Generativa (LLMs y su ciclo de vida: evaluación, fine tuning, y <b>optimizacion </b>para el desarrollo de aplicaciones)
Valorable: conocimientos relacionados con frameworks de IA Generativa para agentes como...&nbsp;",[],Matemática Aplicada,2025-07-16T00:00:00.0000000,https://jooble.org/jdp/229346336886622036,,[],2025-07-18
