job_id,source,job_title,company,location,description,skills,careers_required,date_posted,url,career_tag,soft_skills_detected,extraction_date
bbc3982f3e56d5d0bd29ab5bb2f9209c,rapidapi1,Ingeniero en fabricación,Kelly Services,"Hampton, US","Todos los días, Kelly Services conecta a los profesionales con oportunidades para avanzar en sus carreras. We currently have an exciting contract opportunity with one of our leading clients!

Title: Manufacturing Engineer

Location: Hampton, VA

Duration: 12 months +

Overview
• Supports Product Development in the selection and optimization of tools for piece part production and the selection of the most suitable manufacturing concepts related to planned manufacturing quantities, quality requirements and manufacturing location.
• Acts as interface between engineering and manufacturing / production.
• Ensures manufacturability of new designs and smooth production ramp up.
• Supports research and development teams to produce sample manufacturing equipment, product samples and prototypes.

Responsibilities
• Will be a process leader for stamping, molding, assembly or other company manufacturing processes, ensuring the processes are running at optimum levels for quality and output.
• Expert in mold tooling, die tooling, machining, and other manufacturing tooling and assembly techniques.
• Aligns the company’s BU plants to reach TEOA requirements, rolls out CoE and Best Demonstrated Practices (BDP’s) and advises plants on tool and machine duplications / corrections / improvements.
• Designs and develops manufacturing process platforms and automation platforms and applies these for the realization of new product developments as well as optimization of existing products already in production.
• Possesses an extensive knowledge of applicable company systems (SAP, TLM, CAD, etc.).
• Will run individual small projects (WWS) or individual project tasks. Por ejemplo: Crea y modifica dibujos detallados y/o modelos conceptuales a partir de diseños, bocetos o notas. Puede o no ser un miembro central del equipo en los proyectos.

Calificaciones requeridas
• Posee un amplio conocimiento de los procesos de fabricación asociados, que pueden incluir la optimización y estandarización de estampado / moldeo / ensamblaje, etc. procesos dentro del entorno de fabricación.
• Conocimientos básicos de herramientas técnicas específicas de la función laboral: p. ej. Herramientas de CAD, CAE, ingeniería industrial o de calidad.
• Conocimiento básico de herramientas generales de ingeniería (LEAN o 6-sigma) como DoE, FMEA, QFD, etc.

Información adicional
• Lunes - Viernes / 2013:7am - 00:2013 p. m. EST
• Se requiere ITAR

Información importante:਑.0;Este puesto está siendo reclutado por una oficina remota de Kelly, no su sucursal local de Kelly. Los solicitantes deben tener permiso legal para trabajar en los Estados Unidos.",[],[],,https://www.mykelly.com/es/job/9855832-manufacturing-engineer-hampton-va-united-states/?utm_campaign=google_jobs_apply&utm_source=google_jobs_apply&utm_medium=organic,,[],2025-06-11
0aa30dc16ac101f1bfb4ef4c99525224,rapidapi1,Técnico I&C,Kelly Services,"Filadelfia, US","Técnico de I&C / Técnico de servicio de campo
Viajes - 2013% (Región de Nueva Inglaterra y el Atlántico Medio) TEMPORAL A CONTRATAR

DESCRIPCIÓN DEL PUESTO:

–
• Este rol crítico para la misión implica trabajar en una variedad de tecnologías que incluyen filtración de medios, tratamiento de agua industrial y ultrafiltración (UF).
• The ideal candidate will have experience in water treatment and 3-phase electrical systems
• Review customer plant installations and compare against VWTS reference drawings (P&IDs, electrical schematics, general arrangement, etc.)
• Monitor equipment performance and operation
• Conduct maintenance and calibration activities on various treatment plant instrumentation
• Perform analytical testing such as: turbidity, hardness, chlorine, pH, CO2, O2, SDI, TOC, in addition to various other site-specific testing requirements
• Carry out mechanical, electrical, process and controls troubleshooting on equipment such as valves, air compressors, ejectors pumps, blowers, instrumentation, and automation hardware
• Perform installation & maintenance activities on various water treatment technologies
• Provide customers with informal training around operation and maintenance of their system
• Provide customers with detailed technical summaries of work performed during service visits

QUALIFICATIONS
• High School Diploma / GED / Home School Certification OR international equivalent and 2+ years’ experience of service/maintenance or equivalent in an industrial environment
• Bachelor or Associates Degree in Science/Engineering (STEM) or technical certificate in Instrumentation, Controls or programming and/or water treatment equipment
• Working experience with PLC control systems, PLC programming and troubleshooting is preferred
• Ability to travel extensively- primarily in the U.S.","['The ideal candidate will have experience in water treatment and 3-phase electrical systems', 'High School Diploma / GED / Home School Certification OR international equivalent and 2+ years’ experience of service/maintenance or equivalent in an industrial environment', 'Bachelor or Associates Degree in Science/Engineering (STEM) or technical certificate in Instrumentation, Controls or programming and/or water treatment equipment', 'Ability to travel extensively- primarily in the U.S', 'Review customer plant installations and compare against VWTS reference drawings (P&IDs, electrical schematics, general arrangement, etc.)', 'Monitor equipment performance and operation', 'Conduct maintenance and calibration activities on various treatment plant instrumentation', 'Perform analytical testing such as: turbidity, hardness, chlorine, pH, CO2, O2, SDI, TOC, in addition to various other site-specific testing requirements', 'Carry out mechanical, electrical, process and controls troubleshooting on equipment such as valves, air compressors, ejectors pumps, blowers, instrumentation, and automation hardware', 'Perform installation & maintenance activities on various water treatment technologies', 'Provide customers with informal training around operation and maintenance of their system', 'Provide customers with detailed technical summaries of work performed during service visits']",[],,https://www.mykelly.com/es/job/9819388-ic-technician-philadelphia-pa-united-states/?utm_campaign=google_jobs_apply&utm_source=google_jobs_apply&utm_medium=organic,,[],2025-06-11
f4abdce877e32ee0b154e7bdb44ef20b,rapidapi1,Técnico de soldadura,Kelly Services,"Middletown, US","SINOPSIS:
El puesto es responsable de realizar numerosas funciones asociadas con la operación de fabricación. Esto incluye actividades relacionadas con la soldadura, la configuración independiente de la máquina, el cambio y la operación de máquinas semiautomatizadas y automatizadas para la producción de diversos productos. Este puesto garantizará que los productos cumplan con los requisitos de entrega y calidad.

RESPONSABILIDADES:

&#x0;
• Responsable de la configuración independiente y el cambio de varias máquinas/equipos, computadoras, prensas y accesorios determinados por las especificaciones del trabajo.
&#x0.5;
• Realizar ajustes simples predeterminados en máquinas/equipos
&#x0.5;
• Reconocer, comunicar y apoyar los potenciales y esfuerzos de mejora.
• Preparar órdenes de producción, incluyendo selección de órdenes, acondicionamiento y secuenciación
• Reconocer parámetros de pruebas automatizadas/equipos, indicadores de rendimiento y objetivos; determinar la configuración de la máquina/equipo y los accesorios; coordinar problemas y mejoras con el técnico.
• Mide las dimensiones de la pieza de trabajo para determinar la precisión del funcionamiento de la máquina.
• Realiza el mantenimiento preventivo diario requerido y la limpieza de máquinas/equipos, incluido el mantenimiento general de la máquina/equipo y el área.
• Apoya la capacitación de los asociados en procedimientos de fabricación y prácticas de línea de flujo.
• Apoya las prácticas de fabricación Six Sigma y Lean.
• Realiza la revisión y la inspección de calidad de varias piezas y conjuntos de acuerdo con los estándares de calidad. Comprender plenamente los estándares de calidad y comunicar las no conformidades materiales.",[],[],,https://www.mykelly.com/es/job/9846568-soldering-technician-middletown-pa-united-states/?utm_campaign=google_jobs_apply&utm_source=google_jobs_apply&utm_medium=organic,,[],2025-06-11
