job_id,source,job_title,company,location,description,skills,careers_required,date_posted,url,career_tag,soft_skills_detected,extraction_date
7a28ba43a0a9b5c81664ef1d10769f69,rapidapi1,Ingeniero de Procesos Químicos,Top Echelon,"Easton, US","Ingeniero de Procesos Químicos

Ubicación: Área de Easton, PA

Descripción general:

Esta planta de aditivos alimentarios se encuentra en el área de Delaware Water Gap y la mayoría de sus empleados residen en el oeste de Nueva Jersey, Easton, PA o Allentown, PA. Esta persona estará asignada al área de fermentación, donde un tercio del trabajo consiste en el soporte diario, un tercio en la optimización de procesos, realizando cálculos de ingeniería y analizando datos derivados del PIE, y un tercio en la elaboración de informes internos de ingeniería. Esta es una gran planta de producción con ingenieros de control que dan soporte a los controles de DCS/PLC, ingenieros de procesos e ingenieros de confiabilidad que dan soporte a las unidades de secado y fermentación. Existen oportunidades de crecimiento en esta planta, así como en otras instalaciones dentro de EE. UU. y alrededor del mundo. Este puesto es elegible para bonificaciones y hay asistencia para la reubicación disponible.

Requisitos mínimos:
• Se requiere una licenciatura en Ingeniería Química.
• De 1 a 3 años de experiencia práctica trabajando con operadores, en cualquier planta de fabricación, incluyendo productos químicos, farmacéuticos o alimentarios.
• Se requiere experiencia en la realización de cálculos de ingeniería y el análisis de datos en una planta, ya sea directamente o a través de la universidad.",[],[],,https://redsealrecruiting.com/es/trabajo/ingeniero-de-procesos-qu%C3%ADmicos-3/?utm_campaign=google_jobs_apply&utm_source=google_jobs_apply&utm_medium=organic,,[],2025-06-11
9bfcb4229d9c200c65bc98ddd1321209,rapidapi1,Ingeniero de Mantenimiento/Confiabilidad - Planta Química,Top Echelon,"Greenville, US","Oportunidad profesional para unirse a un líder mundial con responsabilidad técnica como ingeniero de mantenimiento/confiabilidad que respalda varias plantas químicas y de molienda en el hermoso este de Carolina del Norte. Ofreciendo excelente salario, beneficios y paquete de reubicación.

CALIFICACIONES:
• Se requiere una licenciatura en Ingeniería química o mecánica con 10 a 15 años de experiencia en mantenimiento de plantas industriales y/o ingeniería de confiabilidad en productos químicos, minerales, refinerías, pulpa y papel. papel o industrias PSM relacionadas
• Más de 3 años de experiencia en el programa de análisis de vibraciones y lubricación
• Se prefiere la certificación técnica de PE-Ingeniero Profesional
• Se prefiere experiencia en gestión de proyectos
• Capaz de trabajar en los EE. UU. sin patrocinio, ahora o en el futuro

RESPONSABILIDADES:
• El enfoque principal es en el mantenimiento y la resolución de problemas de equipos rotativos en apoyo de los objetivos comerciales de la unidad operativa
• Propiedad del programa de vibración del sitio, incluida la capacitación de nuevos técnicos, el análisis y Proporcionar correcciones de equilibrio para equipos rotatorios y participar en el Equipo de Equipos Rotatorios
• Supervisión del programa de lubricación de equipos. Desarrollar objetivos de proveedores para la mejora continua
• Soporte de ingeniería para el departamento de Mantenimiento en la realización de actividades de mantenimiento preventivo (PM) y reparación para equipos críticos de la planta, incluidos activos fijos y máquinas rotativas
• Proporcionar liderazgo a los recursos de mantenimiento mecánico, administrando los procesos y el presupuesto de mantenimiento, monitoreando los indicadores de desempeño y asistiendo o ejecutando proyectos pequeños
• Asesorar sobre la correcta ejecución y documentación de las actividades de reparación y mantenimiento preventivo (PM) tanto para activos rotativos como fijos
• Realizar auditorías de seguridad y calidad del trabajo de los empleados por hora que realizan actividades de mantenimiento
• Identificar e interactuar con los fabricantes de equipos preferidos, especialistas y consultores de soporte técnico
• Desarrollar y mantener planes de trabajo para actividades de reparación específicas
• Desarrollar, mantener y actualizar la documentación de mantenimiento (por ejemplo,",[],[],,https://redsealrecruiting.com/es/job/maintenance-reliability-engineer-chemical-plant/?utm_campaign=google_jobs_apply&utm_source=google_jobs_apply&utm_medium=organic,,[],2025-06-11
58638b9e0ab0366503a4929320e0b079,rapidapi1,Ingeniero de Confiabilidad,Top Echelon,"Easton, US","Ingeniero de Confiabilidad
Área de Allentown, PA

Descripción:

Esta planta de producción de 200 personas se encuentra en la zona de desbordamiento de agua de Delaware, en la frontera entre Nueva Jersey y Pensilvania, y produce aditivos alimentarios mediante secadores por aspersión, fermentadores, controles DCS y controles PLC. Se centrará en analizar el rendimiento y la confiabilidad de los equipos mediante el programa de mantenimiento preventivo de la planta. Colaborará con ingenieros de procesos e ingenieros de control, y brindará soporte técnico de producción. En el futuro, tendrá la oportunidad de trasladarse a varias plantas de alimentos y productos farmacéuticos en EE. UU. y en el extranjero. Este puesto es elegible para bonificaciones, con todos los beneficios, y hay asistencia disponible para la reubicación para esta oportunidad.

Requisitos mínimos:
• Licenciatura en Ingeniería Química o Mecánica
• Más de 8217 años de experiencia en mantenimiento o confiabilidad en productos químicos, alimentos o farmacéuticos con alguna exposición en planta
• Exposición a FMEA, RCA, EHS, programas de mantenimiento predictivo o preventivo son ventajas",[],[],,https://redsealrecruiting.com/es/trabajo/Ingeniero-de-Confiabilidad/?utm_campaign=google_jobs_apply&utm_source=google_jobs_apply&utm_medium=organic,,[],2025-06-11
