job_id,source,job_title,company,location,description,skills,careers_required,date_posted,url,career_tag,soft_skills_detected,extraction_date
e804c4e5adfad67c1ac5ec98b5bbcda4,jooble,Maestro(a) de Matemáticas para Noveno Grado- Arecibo,PARADISO COLLEGE PREPARATORY LLC,Puerto Rico,"&nbsp;...Job Description 
 Job Description  Descripción del Puesto 
 Estamos en busca de un(a) Maestro(a) de <b>Matemáticas </b>para Noveno Grado comprometido(a) y apasionado(a) por inspirar a los estudiantes y promover el desarrollo de habilidades analíticas y de resolución de problemas...&nbsp;",[],[],2025-06-06T00:00:00.0000000,https://jooble.org/away/-6077767117760296122,,[],2025-06-11
f7f8fc04277958002eb85b4bd2dd46de,jooble,Arquitecto Salesforce - Argentina,Freeway Consulting,"Little Rock, AR","&nbsp;...profesional que buscamos debe cumplir con el siguiente perfil:
Licenciatura/Ingeniería en informática, computación, cibernética, <b>matemáticas aplicadas </b>o carrera afín
Amplio conocimiento y experiencia en la plataforma Salesforce, incluyendo Sales Cloud, Service Cloud,...&nbsp;",[],[],2025-06-11T00:00:00.0000000,https://jooble.org/jdp/2386040614686132937,,[],2025-06-11
e530afb5370fe692f129c0474ea965a5,jooble,Operador de Produccion,5TH HQ,"Hollywood, FL","&nbsp;..., plantas o laboratorios técnicos. 
 Capacidad para usar básculas y realizar pesajes precisos. 
 Conocimientos básicos de <b>matemáticas aplicadas </b>(indispensable). 
 Capacidad para levantar hasta 25 kg (55 lbs). 
 Fluidez en español; inglés básico requerido. 
 Experiencia...&nbsp;",[],[],2025-05-23T00:00:00.0000000,https://jooble.org/away/-7482507164494459614,,[],2025-06-11
86418ec1c85a07b72ebea3d9c038d16e,jooble,Analista de Datos / Inteligencia de negocios,Infinita Consulting,"Monterey, CA","&nbsp;...operaciones.
• Generar reportes ejecutivos con insights accionables basados en datos.
Escolaridad:
• Licenciatura en Actuaría, <b>Matemáticas Aplicadas,</b> Estadística o afín.
Experiencia:
• 1 a 3 años en análisis de datos en retail, consumo masivo o sector financiero.
• Creació...&nbsp;",[],[],2025-06-08T00:00:00.0000000,https://jooble.org/jdp/-8846576844712662379,,[],2025-06-11
9b664cc66d9c13950abc342b4f17df4d,jooble,Beca Business Technology Solutions,AbbVie Inc.,Maryland,"&nbsp;...de Vida de Sistemas de Información de AbbVie y la metodología <b>aplicada.</b> 
 AUDITORÍA Y COMPLIANCE 
~ Entender los procesos de Compliance...&nbsp;&nbsp;...Grado en Ingeniería, Administración y Dirección de Empresas, <b>Matemáticas </b>o Física. 
 Grado con componentes tecnológicos o gestión de...&nbsp;",[],[],2025-05-21T04:59:21.5070000,https://jooble.org/jdp/-4033346290904938850,,[],2025-06-11
c926a8c4e7479a154fd84e4c469fb191,jooble,Funditec: líder de equipo en IA/ML,Fundación Parque Científico de Madrid,"Iowa, LA","&nbsp;...colaborativos y con vocación de crecimiento en entornos de innovación <b>aplicada.</b>
Funditec Intelligence es la unidad especializada en...&nbsp;&nbsp;..., preferentemente en Ing. Telecomunicación, Ing. Informática, <b>Matemáticas,</b> Físicas, Ciencia de Datos e Inteligencia Artificial, o similar...&nbsp;",[],[],2025-06-07T00:00:00.0000000,https://jooble.org/jdp/-2278614857332337776,,[],2025-06-11
fb5efe22d4dd1f062a1207d7085d5e5d,jooble,QA & OCCUPATIONAL HEALTH & SAFETY SPECIALIST,Luis Garraton LLC,Puerto Rico,"&nbsp;...regulaciones aplicables. 


 REQUISITOS DEL PUESTO 
# Bachillerato (B.A.) en Ingeniería, Salud Industrial, Ciencias básicas o <b>aplicadas,</b> o Ciencias Ambientales de un colegio o universidad acreditada; o uno a dos años de experiencia; o la combinación equivalente de educaci...&nbsp;",[],[],2025-06-01T00:00:00.0000000,https://jooble.org/away/3458273955961469756,,[],2025-06-11
1a016e593641357bca034b0d07be761f,jooble,TEAM MEMBER,To Go Stores,Puerto Rico,"&nbsp;...tareas designadas por el gerente. 

 . 
 Requisitos Esenciales: 

# Cuarto año de Escuela Superior 
# Conocimientos básicos de <b>matemáticas:</b> sumar, restar, dividir y contar. 
# Disponibilidad de trabajar turnos rotativos y con disponibilidad los siete días de la...&nbsp;",[],[],2025-06-02T00:00:00.0000000,https://jooble.org/away/6105043132013653941,,[],2025-06-11
0f5cfa81eb135d452e37993869c3cc77,jooble,Maquinista,Flowserve,"Baton Rouge, LA","&nbsp;...fabricar y modificar piezas para reparar máquinas de herramienta o mantener máquinas industriales, aplicando conocimientos de mecánica, <b>matemáticas,</b> propiedades del metal, diseño y procedimientos de mecanizado.  
  Este es un rol de 2º turno (5:00pm - 3:30am)...&nbsp;",[],[],2025-06-10T11:57:18.4000000,https://jooble.org/jdp/3845540688590170668,,[],2025-06-11
7553a6a3cfc67bd46ee7d09594158e64,jooble,Data Modeler,Telecom S.A,"Little Rock, AR","&nbsp;...Excluyente
️Estén orientadas 100% a resultados, pero sin perder visibilidad de la calidad, escalabilidad y robustez de lassoluciones <b>aplicadas.</b>
️Cuenten con capacidad analítica y trabajen de forma metódica.
️Tengan formación académica relacionada a sistemas - Valorado...&nbsp;",[],[],2025-06-07T00:00:00.0000000,https://jooble.org/jdp/-761438219071248846,,[],2025-06-11
bfe551acdc98547fbebac7a79704e444,jooble,Pasante Recursos Humanos,Odoo,"Miami, FL","&nbsp;...Participar en proyectos de clima organizacional, cultura y bienestar.
Aprender a usar herramientas digitales e inteligencia artificial <b>aplicadas </b>a RRHH.
Relaciones y habilidades Relación con el cliente
Autonomía
Trabajo administrativo
Conocimientos técnicos Inglés aplicado a...&nbsp;",[],[],2025-06-07T00:00:00.0000000,https://jooble.org/jdp/-5234773372566120743,,[],2025-06-11
c05b7b12009ef23afceadac4aa1770d4,jooble,Development Chemist I,Belcan,"Springdale, PA","&nbsp;...preguntas e inquietudes de los clientes.
* Evaluar piezas de prueba de ensayos de aplicación en línea.
* Proporcionar muestras <b>aplicadas </b>y húmedas a clientes, tanto internos como externos.
* Preparación y envío de muestras para pruebas de intemperismo a largo plazo....&nbsp;",[],[],2025-06-05T12:36:44.3600000,https://jooble.org/jdp/5913485547524919934,,[],2025-06-11
651d57b199a8eead2ae715d62d8f2305,jooble,Perito Electricista,Sampol,Pennsylvania,"&nbsp;...energtica y digital hacia un planeta ms sostenible, llevamos 90 aos de pasin por la innovacin creando y diseando soluciones de ingeniera <b>aplicada </b>con especial foco en la energa, la digitalizacin, las telecomunicaciones y las instalaciones integrales. 
 En plena fase de...&nbsp;",[],[],2025-06-10T00:00:00.0000000,https://jooble.org/jdp/3743612869788189525,,[],2025-06-11
7b35323ce6cad230894b91e2bb2305d1,jooble,Diseñador/a Gráfico/a,trabajito,"Santa Cruz, CA","&nbsp;...afiches, etc.)
 Buena ortografía y redacción. 
 Organización, atención al detalle y rapidez. 
 Conocimientos en herramientas de IA <b>aplicadas </b>al diseño. 
 Funciones 
 Diseñar materiales gráficos (digitales e impresos). 
 Editar y animar contenido para redes sociales....&nbsp;",[],[],2025-05-29T17:14:51.2013410+00:00,https://jooble.org/jdp/3623699384498004680,,[],2025-06-11
846fb9be04f01d95e0503ab0cbcb6ec5,jooble,Acomodador,All American Quality Food Inc,"Stone Mountain, GA","&nbsp;...revisa regularmente los fluidos y filtros de cualquier equipo de limpieza motorizado. 
-Otras tareas asignadas. 

 Habilidades: 
 <b>Matemáticas </b>básicas (contar), capacidad para seguir instrucciones. 

 Requisitos físicos del puesto: 
 Capaz de levantar 50 libras. El...&nbsp;",[],[],2025-05-21T00:00:00.0000000,https://jooble.org/away/6026509934289286975,,[],2025-06-11
54d50e83db60ea760d67381b3cb391f0,jooble,Editor de video,Human to Human Hub,"Pompano Beach, FL","&nbsp;...narrativa. 
 Pensamiento estratégico aplicado a la edición. 
 Conocimiento práctico de herramientas de inteligencia artificial <b>aplicadas </b>a producción de contenido. 
 Organización, responsabilidad y enfoque en resultados. 
 Lo que buscamos en ti 
 Al menos 1 año de...&nbsp;",[],[],2025-05-27T15:35:16.4667386+00:00,https://jooble.org/jdp/2477108053751505747,,[],2025-06-11
eb6184922568842f3ebc18ed57cbf843,jooble,Cocinar,Denny's,"Arlington Heights, IL","&nbsp;...estatales, del condado o municipales relacionadas con el manejo de alimentos. 
 Tener al menos 18 años de edad 
 Tener habilidades <b>matemáticas </b>básicas 
 Mantener una higiene adecuada 
 Debe completar toda la capacitación, capacitación contra la discriminación y el acoso...&nbsp;",[],[],2025-06-11T00:00:00.0000000,https://jooble.org/jdp/-910076891795447742,,[],2025-06-11
3a31834fa9f1c709244d28f5b32b5b95,jooble,Arquitecto/a Junior,trabajito,"Santa Cruz, CA","&nbsp;...coordinación de propuestas urbanas y habitacionales. Se espera que el/la profesional adquiera experiencia en planificación territorial <b>aplicada </b>y normativa urbana, contribuyendo activamente al trabajo en equipo. 
 Requisitos Del Cargo 
 Formación: Título profesional de...&nbsp;",[],[],2025-05-20T17:15:48.7402937+00:00,https://jooble.org/jdp/-314442834251839405,,[],2025-06-11
12371dda87cdbd73a66f544a99200a54,jooble,Subgerente,Little Caesars,"Cabot, AR","&nbsp;...capacidad de aprobar con éxito los programas de capacitación requeridos para la certificación. 
 La capacidad de utilizar habilidades <b>matemáticas </b>para calcular indicadores clave de rendimiento. 
 Se prefiere experiencia en Microsoft Office (específicamente, Outlook, Excel y...&nbsp;",[],[],2025-06-08T00:00:00.0000000,https://jooble.org/jdp/-4328466434181153340,,[],2025-06-11
7cf6fbaf64dfe0827a391f2bedbf9117,jooble,Welder,"Tradesmen International, LLC","Milwaukee, WI","&nbsp;...aprobar una prueba de competencia y un examen físico, incluyendo una prueba de detección de drogas 
 Debe aprobar una prueba de <b>matemáticas </b>que incluya el uso de fracciones 

 Qualifications 
 Tradesmen International not only offers consistent work, top pay, and employment...&nbsp;",[],[],2025-06-04T00:00:00.0000000,https://jooble.org/away/2094343465671904112,,[],2025-06-11
b4f697d14f5ee32862e454d71137d43e,jooble,Cajero,Pie Five Pizza,"Skokie, IL","&nbsp;...ser un miembro exitoso de nuestro equipo divertido y enérgico. La experiencia previa es una ventaja, y las habilidades sólidas de <b>matemáticas </b>y multitarea son imprescindibles. 
 Requisitos: 
 
 Puntualidad (¡Llegue a tiempo, SIEMPRE!)  
 Confiabilidad (presentarse...&nbsp;",[],[],2025-06-08T00:00:00.0000000,https://jooble.org/jdp/3740015837261324408,,[],2025-06-11
e885d087552b1203f1b5d723680dfd2c,jooble,Cocinar,Sonic Drive-In,"San Marcos, CA","&nbsp;...todas las situaciones en función de las necesidades del negocio 
 Habilidades de comunicación efectiva; Habilidades básicas de <b>matemáticas </b>y lectura 
 Capacidad para seguir instrucciones 
 Disposición a cumplir con las normas de apariencia, uniforme e higiene en los...&nbsp;",[],[],2025-06-10T00:00:00.0000000,https://jooble.org/jdp/-9022648455889441923,,[],2025-06-11
d13ad925217f6c14e97280b801901e7a,jooble,Subgerente,Sonic Drive-In,"Missouri City, TX","&nbsp;...personalmente 
 Capacidad para priorizar y completar tareas en consecuencia 
 Habilidades de comunicación efectiva; Habilidades básicas de <b>matemáticas </b>y lectura 
 Disposición a trabajar en horarios irregulares, incluyendo noches, fines de semana y/o días festivos 
 Claro, los...&nbsp;",[],[],2025-06-08T00:00:00.0000000,https://jooble.org/jdp/6796893187202109401,,[],2025-06-11
ae06cbcf5fb1ef5f8cba970b01e92bd9,jooble,Tripulante,Sucheros,"Nashville, TN","&nbsp;...capaz de seguir instrucciones y ser un miembro exitoso de nuestro equipo. La experiencia previa es una ventaja, y las habilidades <b>matemáticas </b>sólidas y multitarea son imprescindibles. 
 Responsabilidades de un Cajero: 
 Saludar a los clientes al entrar y salir del...&nbsp;",[],[],2025-05-31T00:00:00.0000000,https://jooble.org/jdp/3585853600850398893,,[],2025-06-11
2a54224695889e294911bba4cbf9427e,jooble,Encargada/o de Acreditaciones,CEA · Centro de Ecologia Aplicada S.A.,"Los Angeles, CA","&nbsp;...experiencia en acreditaciones para contratistas y subcontratistas en minería? ¡Esta puede ser tu oportunidad! En el Centro de Ecología <b>Aplicada </b>(CEA) estamos buscando un/a Encargado/a de Acreditaciones , cuya principal responsabilidad será gestionar, coordinar y asegurar el...&nbsp;",[],[],2025-06-08T00:00:00.0000000,https://jooble.org/jdp/-2347172803567228100,,[],2025-06-11
5a1e2ea78dcd10144dc7738c549eba7d,jooble,Tripulante,Sonic Drive-In,"Corona, CA","&nbsp;...situaciones en función de las necesidades del negocio de restaurantes 
 Habilidades de comunicación efectiva; Habilidades básicas de <b>matemáticas </b>y lectura 
 Voluntad de cumplir con las normas de apariencia, uniforme e higiene en los restaurantes Sonic Drive-In 
 Se...&nbsp;",[],[],2025-06-02T00:00:00.0000000,https://jooble.org/jdp/-5151562077294661624,,[],2025-06-11
c600da93c84c440f406a572fea029132,jooble,Cajero,Freddy's Frozen Custard & Steakburgers,"Aubrey, TX","&nbsp;...Mantener una instalación limpia y segura que esté presentable para todos los huéspedes 
 Requisitos: 
 Sólidas habilidades <b>matemáticas </b>y de comunicación 
 Capacidad para trabajar en un entorno acelerado 
 Capacidad para recibir e implementar comentarios 
 Debe...&nbsp;",[],[],2025-06-05T00:00:00.0000000,https://jooble.org/jdp/3194315298388166528,,[],2025-06-11
c80935dfb6e38fd4c0967a9b082c6d66,jooble,Subgerente,Sonic Drive-In,"Edmond, OK","&nbsp;...de nivel de entrada. Experimente correr turnos sin supervisión   
 Habilidades de comunicación efectivas; Habilidades básicas de <b>matemáticas,</b> lectura y computación   
 Capacidad para seguir instrucciones y trabajar con autonomía una vez dadas instrucciones; Capacidad...&nbsp;",[],[],2025-05-24T00:00:00.0000000,https://jooble.org/jdp/-7026462330556822314,,[],2025-06-11
4b7517c8200a8d0cdb1e7659d83ff64e,jooble,Gerente General,Slim Chickens,"Weatherford, TX","&nbsp;...asociado o de 4 años. 
 De 2 a 5 años de experiencia en gestión o liderazgo de restaurantes. 
 Fuertes habilidades de comunicación y <b>matemáticas.</b> 
 Dominio del uso de computadoras. 
 Comportamiento profesional, personalidad extrovertida y actitud positiva. 
 Ubicación: {...&nbsp;",[],[],2025-06-08T00:00:00.0000000,https://jooble.org/jdp/258801515250675956,,[],2025-06-11
9b3d3693ed13fffdb288c7349645796d,jooble,CNC Programmer,Belcan Corporation,"Irvine, CA","&nbsp;...mapeo de procesos, automatización del diseño a la producción).
* Capacidad para interpretar diversas instrucciones técnicas en forma <b>matemática </b>o de diagrama, y manejar diversas variables abstractas y concretas.
* Capacidad para investigar y analizar datos, elaborar...&nbsp;",[],[],2025-06-07T00:00:00.0000000,https://jooble.org/jdp/-5124949116414480544,,[],2025-06-11
cf1ca1c16e82f779707fdb8d37557fd0,jooble,Editor de video Senior,Human to Human Hub,"Pompano Beach, FL","&nbsp;...para enriquecer los videos con elementos visuales atractivos. 
 Exploración constante:  Estar al tanto de nuevas funciones de IA <b>aplicadas </b>a la edición y tendencias en redes sociales para mantener el contenido actualizado y competitivo. 
➡️ Habilidades y competencias...&nbsp;",[],[],2025-05-23T08:55:23.7200000,https://jooble.org/jdp/6824267231185930913,,[],2025-06-11
c3cb552738409dfed778924edf4357a2,jooble,REPAIR,"Millwood, Inc.","Solon, OH","&nbsp;...grupos pequeños de situaciones para los clientes, clientes y otros empleados de la organización. 

 Math Ability: /Habilidad de las <b>Matemáticas:</b> 
 Ability to add, subtract, multiply, and divide in all units of measure, using whole numbers, common fractions, and decimals....&nbsp;",[],[],2025-05-22T00:00:00.0000000,https://jooble.org/away/-4984810826141160747,,[],2025-06-11
17b5a597bde191321a7fbfc7d2e5f4c4,jooble,Cocinero - Noche,Denny's,"Norridge, IL","&nbsp;...la salud relacionadas con la manipulación de alimentos. 
 Debe tener al menos 18 años de edad. 
 Debe tener algunas habilidades <b>matemáticas </b>básicas, incluida la comprensión de las unidades de medida. 
 Debe tener una higiene adecuada y mantener un ambiente limpio y...&nbsp;",[],[],2025-06-11T00:00:00.0000000,https://jooble.org/jdp/5285246703408050717,,[],2025-06-11
b03308e4d120bfd5aff6c05c92d3c918,jooble,Cajero,Popeyes,"Monroe, GA","&nbsp;...meticulosamente. 
 Comunicación: Capaz de comunicarse eficazmente con los miembros del equipo y los clientes. 
 Habilidades: 
 Habilidades <b>matemáticas </b>básicas para manejar transacciones en efectivo y medir ingredientes. 
 Capacidad para seguir instrucciones y adherirse a recetas...&nbsp;",[],[],2025-05-28T00:00:00.0000000,https://jooble.org/jdp/-2836347953423505761,,[],2025-06-11
0b0346e655476e321db1a8c427563b50,jooble,Servidor tardío,Denny's,"Palisades, TX","&nbsp;...pie, levantar objetos, agacharse y las variaciones extremas de temperatura que acompañan al trabajo. 
 Se requieren habilidades <b>matemáticas </b>simples. 
 Debe cumplir con cualquier regulación estatal, del condado o municipal relacionada con las preocupaciones de riesgo para...&nbsp;",[],[],2025-06-01T00:00:00.0000000,https://jooble.org/jdp/-8550711663576184426,,[],2025-06-11
f6f622766581ef90a93d3896605f2750,jooble,Subgerente,El Bolillo Bakery,"Houston, TX","&nbsp;...Diploma de escuela secundaria o equivalente de GED. 
 Capacidad para leer, escribir y comunicarse bien verbalmente. 
 Habilidades <b>matemáticas </b>competentes y comodidad con los números. 
 Conocimientos informáticos competentes. 
 Demuestra madurez y comportamiento...&nbsp;",[],[],2025-05-28T00:00:00.0000000,https://jooble.org/jdp/8969030186043561021,,[],2025-06-11
1485bf81751b28e049556f51bf14543f,jooble,JEFE(A) DE PLANTA DE COGENERACION (PR CATAO),Sampol,Pennsylvania,"&nbsp;...energtica y digital hacia un planeta ms sostenible, llevamos 90 aos de pasin por la innovacin creando y diseando soluciones de ingeniera <b>aplicada </b>con especial foco en la energa, la digitalizacin, las telecomunicaciones y las instalaciones integrales. 
 En plena fase de...&nbsp;",[],[],2025-06-10T00:00:00.0000000,https://jooble.org/jdp/1496729812924267486,,[],2025-06-11
34b8e46fcf49b532ba07648a57a1a810,jooble,Production Worker,Talent Strategy,"Grand Rapids, MI","&nbsp;...previa en panadería o en producción de alimentos es una ventaja, pero no es obligatoria. 
 Habilidades: 
 Conocimientos básicos de <b>matemáticas </b>para medir ingredientes y calcular cantidades. 
 Capacidad para seguir instrucciones y recetas detalladamente. 
 Atención al...&nbsp;",[],[],2025-06-09T00:00:00.0000000,https://jooble.org/away/-4899136757096180043,,[],2025-06-11
58cbb52c495f97f09af0b47e6b3d24ae,jooble,Associado de Almacén,CFS Brands LLC,"Las Vegas, NV","&nbsp;...Siga todas las pautas, incluidos los procedimientos operativos estándar de envío y otros procedimientos. 
 Usar habilidades <b>matemáticas </b>básicas para garantizar la precisión. 
 Uso de escáner y conocimientos básicos de informática. 
 Opere una plataforma y/o una transpaleta...&nbsp;",[],[],2025-06-07T00:00:00.0000000,https://jooble.org/away/1466844541752037958,,[],2025-06-11
648538395c771afd9edc231c84b8743d,jooble,FLEISSNER SUPPORT I,Bentley Mills,"La Puente, CA","&nbsp;...operaciones de tintorería. 
 Experiencia laboral con el proceso de teñido CDR (Fleissner). 
 Se requiere un excelente dominio de las <b>matemáticas </b>y experiencia previa con porcentajes. 
 Debe ser capaz de comunicarse en inglés, tanto escrito como oralmente, y comprender y...&nbsp;",[],[],2025-06-05T00:00:00.0000000,https://jooble.org/away/-2358150076531286662,,[],2025-06-11
174569d096d757ada0dd8fbbe67e4af1,jooble,Digital Transformation Director,Hunters of Talent,"Houston, TX","&nbsp;...clientes en diferentes ubicaciones. 
 Conocimientos técnicos:  Amplio conocimiento de tecnologías emergentes y actuales que puedan ser <b>aplicadas </b>para la transformación digital, incluyendo pero no limitado a inteligencia artificial, análisis de datos, automatización y...&nbsp;",[],[],2025-05-19T00:00:00.0000000,https://jooble.org/jdp/7176238398366908258,,[],2025-06-11
03e0cecde6f7045d2640fb99273b0132,jooble,Cajero,Cowboy Chicken,"Longview, TX","&nbsp;...servicio al cliente y habilidades de comunicación para interactuar con los huéspedes de una manera amable y profesional. 
 Habilidades <b>matemáticas </b>básicas para el manejo preciso de efectivo y procesamiento de transacciones. 
 Capacidad para trabajar en un entorno acelerado...&nbsp;",[],[],2025-05-25T02:57:46.0270000,https://jooble.org/jdp/6360305616082109946,,[],2025-06-11
7e3e3d8756fb4db6fefbf59f99bce695,jooble,Service Champion,Taco Bell,"Katy, TX","&nbsp;...Asistencia y puntualidad imprescindibles 
 Operar la caja registradora según sea necesario y dar cambio a otros cajeros. 
 Habilidades <b>matemáticas </b>básicas 
 Certificación de formación completa 
 Entusiasmo y ganas de aprender. 
 Jugador de equipo 
 Compromiso con la...&nbsp;",[],[],2025-05-18T00:00:00.0000000,https://jooble.org/away/8719588735564821413,,[],2025-06-11
a814ac471acb9ec5daa8247f603006f7,jooble,Shift Manager,Taco Bell,"Richmond, TX","&nbsp;...Asistencia y puntualidad imprescindibles 
 Operar la caja registradora según sea necesario y dar cambio a otros cajeros. 
 Habilidades <b>matemáticas </b>básicas 
 Mantiene la satisfacción del cliente y se adhiere a los estándares de salud y seguridad. 
 Promueve y defiende la...&nbsp;",[],[],2025-05-18T00:00:00.0000000,https://jooble.org/away/7999145909017795513,,[],2025-06-11
36d98fc3555e234cfc9551b97855a4a8,jooble,Cajero,Slim Chickens,"Aubrey, TX","&nbsp;...equivalente 
 Experiencia con sistemas POS y cajas registradoras 
 Conocimientos básicos de informática 
 Sólidas habilidades <b>matemáticas </b>
 Excelentes habilidades de comunicación y resolución de problemas 
 Beneficios: 
 Horario flexible 
 Descuento para empleados...&nbsp;",[],[],2025-05-20T00:00:00.0000000,https://jooble.org/jdp/-4909272835985779675,,[],2025-06-11
4754b9ec315800e6487acd24e89582cf,jooble,Manufacturing technician,Arctic Industries LLC,"Azusa, CA","&nbsp;...entorno de equipo. 
 Experiencia en el uso de dispositivos de medición (sistema de medición imperial). 
 Competencia en funciones <b>matemáticas </b>básicas. 
 Educación y Experiencia: 
 Se prefiere experiencia previa en un entorno de manufactura o producción. 
 Requisitos...&nbsp;",[],[],2025-05-21T00:00:00.0000000,https://jooble.org/away/5110738596679959537,,[],2025-06-11
68ec5cdd902b1423f4628e517a8ab5c2,jooble,REGULAR TUTOR,Boys & Girls Club,Puerto Rico,"&nbsp;...instrucción para individuos y grupos, y la medición de los efectos de la formación. 
 Conocimiento abarcador en las materias de Ingles, <b>Matemáticas </b>y español. 
 Experiencia trabajando con jóvenes. 
 Conocimiento en la Teoría de Inteligencias Múltiples y Estilos de...&nbsp;",[],[],2025-06-03T00:00:00.0000000,https://jooble.org/away/3952876140690196726,,[],2025-06-11
40b5c2759072020e142592ec9edf5978,jooble,Subgerente General,Slim Chickens,"Houston, TX","&nbsp;...Diploma de escuela secundaria o equivalente de GED. 
 Capacidad para leer, escribir y comunicarse bien verbalmente. 
 Habilidades <b>matemáticas </b>competentes y comodidad con los números. 
 Conocimientos informáticos competentes. 
 Demuestra madurez y comportamiento...&nbsp;",[],[],2025-05-31T00:00:00.0000000,https://jooble.org/jdp/-3371188798921987109,,[],2025-06-11
befe9acef408b52b998822e8b2afdbf0,jooble,Cocinar,IHOP,"San Antonio, TX","&nbsp;...comprender instrucciones 
 Buenas habilidades de comunicación oral en inglés y capacidad para leer inglés o español 
 Habilidades <b>matemáticas </b>básicas para seguir recetas 
 Conocimiento de las directrices de seguridad alimentaria 
 Capacidad para realizar múltiples...&nbsp;",[],[],2025-05-21T00:00:00.0000000,https://jooble.org/jdp/-2591033157491774410,,[],2025-06-11
4d8958366f81074b0810e0968faa2b3a,jooble,Gerente General,Slim Chickens,"Humble, TX","&nbsp;...Diploma de escuela secundaria o equivalente de GED 
 Capacidad para leer, escribir y comunicarse verbalmente 
 Habilidades <b>matemáticas </b>y de computación competentes 
 Demuestra madurez y comportamiento profesional 
 Personalidad amigable y extrovertida 
 Aspecto...&nbsp;",[],[],2025-05-26T00:00:00.0000000,https://jooble.org/jdp/-7342727263733035327,,[],2025-06-11
d651cafcde689724caf9c6ce0dc19732,jooble,Preschool Teacher,SOL SOLECITO FAMILY DAY CARE INC,"Lexington, MA","&nbsp;...clase atractivo. 
 Responsabilidades 
 Crear y seguir un plan de estudios integral 
 Enseñar habilidades iniciales de lectura y <b>matemáticas.</b> 
 Ayudar a los niños a desarrollar habilidades sociales y emocionales. 
 Utilice una variedad de métodos de instrucción y té...&nbsp;",[],[],2025-06-05T00:00:00.0000000,https://jooble.org/away/5237024045556915892,,[],2025-06-11
4f6a759e9a7ea4e94fd17986c65fa2e4,jooble,Gerente de turno,Popeyes,"Acworth, GA","&nbsp;...o servicio al cliente es una ventaja, pero no es obligatorio. Brindamos toneladas de capacitación, pero se necesitan habilidades <b>matemáticas </b>básicas para manejar transacciones en efectivo. 
 Turnos necesarios:  Turnos de apertura, mediodía y cierre disponibles. Somos flexibles...&nbsp;",[],[],2025-06-10T00:00:00.0000000,https://jooble.org/jdp/7699783438328411345,,[],2025-06-11
640b1c8c2a2715193f82d140b8572943,jooble,REPRESENTANTE DE SERVICIO,Supermercados Econo Inc,"Raleigh, NC","&nbsp;...Capaz de planificar, coordinar, analizar y resolver situaciones utilizando la lógica y aplicando el conocimiento adquirido
Habilidad <b>matemática:</b> Dominio de las cuatro operaciones básicas (suma, resta, multiplicación y división)
Métricas de Desempeño
Cumplimiento de los...&nbsp;",[],[],2025-06-10T00:00:00.0000000,https://jooble.org/jdp/781845141926762794,,[],2025-06-11
b2f4d6ba73278282abbbf548f932f771,jooble,Irrigation Service Technician,Environmental Management Inc,"Plain City, OH","&nbsp;...información de manera efectiva y responder a preguntas de grupos de gerentes, clientes, clientes y público en general. 

 Habilidad <b>matemática:</b> 
 Capacidad para calcular cifras y montos como descuentos, intereses, proporciones, porcentajes, área, circunferencia y volumen...&nbsp;",[],[],2025-05-29T00:00:00.0000000,https://jooble.org/away/9153754435827512767,,[],2025-06-11
cedb7cbde032ac170e24bbca511556f8,jooble,Scanner/POS Coordinator,Sedano's,"Miami Gardens, FL","&nbsp;...de entender y seguir las instrucciones tanto en inglés como en español

Excelentes habilidades interpersonal

Buenas habilidades <b>matemáticas;</b> Capacidad competente para usar la máquina de agregar 10 teclas

Capacidad para presentar información eficazmente y responder a las...&nbsp;",[],[],2025-06-07T00:00:00.0000000,https://jooble.org/jdp/-8301485000085839344,,[],2025-06-11
9992519792920b1f07eafa533a0f2e97,jooble,Tecnico de Encuadernacion,Arandell,"Menomonee Falls, WI","&nbsp;...habilidades para resolver problemas imprescindibles.
Excelentes habilidades de comunicación verbal y escrita.
Fuertes habilidades <b>matemáticas </b>y conocimientos en el área.
Las demandas físicas incluyen estar de pie con frecuencia, uso frecuente de manos, hablar y escuchar....&nbsp;",[],[],2025-06-07T00:00:00.0000000,https://jooble.org/jdp/-1149688576586825290,,[],2025-06-11
402db661169cf2a92d893e5cead09436,jooble,Cashier,Sedano's,"Hollywood, FL","&nbsp;...grupo pequeño con los directores, los encargados, los clientes (internos y externos) y el público en general

Buenas habilidades <b>matemáticas
</b>
Capacidad para aplicar la comprensión del sentido común para llevar a cabo las instrucciones en forma escrita, oral o de diagrama...&nbsp;",[],[],2025-06-10T00:00:00.0000000,https://jooble.org/jdp/-7844786902361200629,,[],2025-06-11
1c861ffc501ee1863ac93e13121a68fd,jooble,Gerente de Cocina,Azotea Cantina,"Atlanta, GA","&nbsp;...Responder a las llamadas telefónicas y responder a las consultas de los clientes 
- Realizar entrenamiento básico, habilidades <b>matemáticas </b>y gestion de inventario- Mantener una apariencia de tienda limpia y organizada 
 Experiencia: - 2+ años de experiencia en un restaurante...&nbsp;",[],[],2025-06-05T00:00:00.0000000,https://jooble.org/jdp/5131860048145816414,,[],2025-06-11
1e8d2baa838ade4d8308d494221ef406,jooble,CAR RENTAL AGENT,AppleOne,Puerto Rico,"&nbsp;...experiencia en servicio al cliente. 
 Conocimientos en CRM de ventas y Microsoft Office. 
 Excelentes habilidades de comunicación y <b>matemáticas.</b> 
 Dominio del español e inglés, oral y escrito. 
 Licencia de conducir vigente. 
 Equal Opportunity Employer / Disabled /...&nbsp;",[],[],2025-06-05T00:00:00.0000000,https://jooble.org/away/4904948428482488409,,[],2025-06-11
4a08b2c72b9563dddf182e1ee4fbc39e,jooble,ASISTENTE COCINA FS,To Go Stores,Puerto Rico,"&nbsp;...culinarias ó mínimo de 1 años de experiencia confeccionando alimentos en la industria de restaurantes. 
2. Conocimientos básicos de <b>matemáticas.</b> 
3. Destrezas efectivas de comunicación y trabajo en equipo 
4. Habilidad para entender y seguir instrucciones. 
5. Trabajo...&nbsp;",[],[],2025-06-06T00:00:00.0000000,https://jooble.org/away/-8123585615259046372,,[],2025-06-11
5079c22e8ea865893b4ab9e60da76c3a,jooble,VENDEDOR,Pan Pepin,Puerto Rico,"&nbsp;...ón de mercancía, preferiblemente de productos alimenticios. 
 Capacidad para levantar, cargar y descargar objetos. 
 Destrezas <b>matemáticas </b>y habilidad para trabajar con cifras numéricas y facturas. 
 Disponibilidad para trabajar fines de semana, días feriados y horario...&nbsp;",[],[],2025-05-12T00:00:00.0000000,https://jooble.org/away/7190511993161513281,,[],2025-06-11
7d7ddcb13c207bec97879651d42df115,jooble,INVENTORY CLERK,Plaza Food Systems,Puerto Rico,"&nbsp;...experiencia en campo relacionado 
• Licencia de Conductor vigente 
• Dominio en Excel, Outlook, Teams, AS400
• Dominio de idioma español e ingles 
• Destrezas <b>matemáticas:</b> Suma, resta, multiplicación y división 
• Conocimiento de equipo: Pallet-Jack y order picker...&nbsp;",[],[],2025-06-07T00:00:00.0000000,https://jooble.org/away/6227239879353253248,,[],2025-06-11
ce4a35c0ad478e248b79dbb736c97a3c,jooble,MV01-060325 QA Technician I,Validation & Engineering Group,Puerto Rico,"&nbsp;...preferiblemente en Ciencias Naturales o Grado Técnico Vocacional. 

 Experiencia: 
 Excelentes destrezas de relaciones interpersonales. 
 Destrezas de comunicación verbal y escrita en inglés y español. 
 Conocimiento básico de cGMP. 
 Conocimiento básico de <b>matemáticas.</b>...&nbsp;",[],[],2025-06-03T00:00:00.0000000,https://jooble.org/away/1321977027360904522,,[],2025-06-11
f767909808cfb804f605e1e117bd91d4,jooble,TUTOR DE MATEMATICAS,Universidad Politecnica de Puerto Rico,Puerto Rico,"&nbsp;...n principal reforzar las destrezas de aprendizaje y académicas de los estudiantes en las materias de: inglés, español, ciencias, <b>matemáticas </b>y otras materias de ingeniería, según corresponda a su plaza. Estará encargado(a) de preparar informes alusivos a su posición. Preparar...&nbsp;",[],[],2025-05-18T00:00:00.0000000,https://jooble.org/away/8521968081708375527,,[],2025-06-11
4795fe2c1540ccd83062a9d2fd74a865,jooble,Analista de Nómina y Comisiones,H & H Solar LLC,Puerto Rico,"&nbsp;...bajo presión. 
∙ Orientación a resultados. 
∙ Alta atención al detalle. 
#∙ Resolución de problemas. ∙ Habilidades analíticas y <b>matemáticas </b>avanzadas. ∙ Capacidad para cumplir con plazos estrictos. 

 Demandas Físicas 
∙ Capacidad para mantenerse en posiciones...&nbsp;",[],[],2025-05-23T00:00:00.0000000,https://jooble.org/away/-2349000355599712949,,[],2025-06-11
1e8b52cd06097541e69108ba9f00b0d1,jooble,Field Service Manager,Environmental Management Inc,"Columbus, OH","&nbsp;...Experiencia - 5-10 años de experiencia como líder de equipo de mantenimiento o capataz. Amplios conocimientos de gestión del paisaje. 
 <b>Matemáticas </b>- Capacidad para trabajar con conceptos matemáticos como probabilidad e inferencia estadística, y fundamentos de geometría plana...&nbsp;",[],[],2025-05-29T00:00:00.0000000,https://jooble.org/away/-7612200233703922146,,[],2025-06-11
4693702ae49940fd558bab532aba7d14,jooble,Carhop o Patinaje Carhop,Sonic Drive-In,"Murrieta, CA","&nbsp;...Mentalidad de equipo y voluntad de ayudar donde sea necesario 
 Habilidades de comunicación efectiva; Habilidades básicas de <b>matemáticas </b>y lectura 
 Disposición a trabajar en horarios flexibles; Turnos nocturnos, de fin de semana y festivos 
~ Política de Privacidad...&nbsp;",[],[],2025-06-10T00:00:00.0000000,https://jooble.org/jdp/-1287500774655313283,,[],2025-06-11
0673fd6eb1e0c0a318727ae1bce14c68,jooble,Responsable de pastelería,The Cake Bake Shop,"Kissimmee, FL","&nbsp;...interpersonales y de resolución de conflictos. 
● Comprensión total de los elementos salados y horneados. 
● Poseer excelentes habilidades <b>matemáticas </b>básicas. 
● Debe poder levantar o mover hasta 50 libras y poder trabajar de pie durante largos períodos de tiempo. 
● Entiende...&nbsp;",[],[],2025-06-04T00:00:00.0000000,https://jooble.org/away/1005754989841195566,,[],2025-06-11
ff1406dc5db6e02c76686d18fa3e3785,jooble,Operador de cable,ProSource Industries,"Grand Prairie, TX","&nbsp;...una gran aptitud mecánica 
 Motivado y detallista 
 Atención al detalle, excelente destreza manual 
 Competente en habilidades <b>matemáticas </b>básicas 
 Posee buenas habilidades de comunicación y una gran actitud. 
 
 Beneficios: 
 Salario competitivo y paquete de...&nbsp;",[],[],2025-05-30T00:00:00.0000000,https://jooble.org/jdp/2911389414016256572,,[],2025-06-11
7bcd79fa5cddc7fedef3df505f2b9d1e,jooble,Especialista en Almacén,Loeb Electric,"Columbus, OH","&nbsp;...forma independiente. 
~ Capaz de trabajar bien y coordinarse con los demás. 
~ Capacidad para leer, escribir y exhibir habilidades <b>matemáticas </b>básicas sólidas. 


 Competencias básicas 
 Excelente atención al detalle. 
 Habilidades de gestión del tiempo y capacidad...&nbsp;",[],[],2025-05-22T00:00:00.0000000,https://jooble.org/away/-2665795901357349390,,[],2025-06-11
ef80d0bae8f1faadfcb303b8ac4a2649,jooble,ZL01-031725 Pharmaceutical Operator I (Barceloneta),Validation & Engineering Group,Puerto Rico,"&nbsp;...Técnico de Ingeniería Química completado, de cero (0) a seis (6) meses de experiencia. 
 Conocimientos básicos en calculaciones <b>matemáticas.</b> 
 Conocimientos básicos en el área farmacéutica o industria relacionada. 
 Conocimientos básicos de GMP y Seguridad en el manejo...&nbsp;",[],[],2025-05-16T00:00:00.0000000,https://jooble.org/away/-3775593307553068491,,[],2025-06-11
0d84ddd5b64df69cc89147b8968e9856,jooble,Security Specialist,Axians Portugal,Portugal,"&nbsp;...criptografia, DLP, estratégias de backup e recuperação de desastres. 
 Requisitos e skills: 
~5+ anos de experiência em cibersegurança <b>aplicada </b>a ambientes híbridos, com conhecimento aprofundado em proteção de infraestruturas críticas, datacenters on-premises e cloud pú...&nbsp;",[],[],2025-04-30T00:00:00.0000000,https://jooble.org/jdp/8049769387613268162,,[],2025-06-11
c286f4b881ddbeb379f906c67fa987bc,jooble,Operador de Manufactura,Kelly Services,Puerto Rico,"&nbsp;...n• Experiencia previa en Manufactura, producción o área relacionada (Industria Regulada)
\n• Destrezas Básicas de Computadora y <b>Matemáticas </b>
\n 
\n 
\nPatrono con Igualdad de Oportunidad de Empleo 

\n\t\t\t\t \n\t\t\t\t\t\n\t\t\t\t 
\n\t\t\t\t \n\t\t\t\tAs part...&nbsp;",[],[],2025-06-03T00:00:00.0000000,https://jooble.org/away/2681112033436087152,,[],2025-06-11
4cc03112363eb251a3ee76cf649bc9b7,jooble,Acabador 1,CDM,"Omaha, NE","&nbsp;...capacidad para usar herramientas, materiales y equipos necesarios para completar proyectos de carpintería. 
• Conocimientos de <b>matemática </b>básica, incluyendo suma, resta, multiplicación y división. 
• Capacidad para leer (planos) planos y especificaciones. 
• Capacidad...&nbsp;",[],[],2025-06-11T10:02:00.0200000,https://jooble.org/jdp/2719831191566984887,,[],2025-06-11
5a17853856750e6eded2273d16f880a6,jooble,Gerente de Restaurante,Denny's,"Hanover Park, IL","&nbsp;...restaurante 
 Capacidad para ayudar en la capacitación y en la ocupación de puestos según sea necesario. 
 Debe tener habilidades <b>matemáticas </b>básicas, incluida la comprensión de la caja registradora del restaurante y los procedimientos de manejo de efectivo. 
 Debe...&nbsp;",[],[],2025-05-26T00:00:00.0000000,https://jooble.org/jdp/-3669913786035629918,,[],2025-06-11
594ece07ab6803683c959310fdc0595f,jooble,Produce Clerk,Sedano's,"Miami, FL","&nbsp;...aplicar la comprensión del sentido común para llevar a cabo las instrucciones en forma escrita, oral o de diagrama

Habilidades <b>matemáticas </b>básicas; Capacidad de utilizar y comprender pesos y medidas

PHYSICAL DEMANDS - DEMANDAS FÍSICAS

While performing the duties of...&nbsp;",[],[],2025-06-07T00:00:00.0000000,https://jooble.org/jdp/9167884988029220150,,[],2025-06-11
df0e43a3714bbe3299da311ef4192745,jooble,Miembro del equipo,Popeyes,"Canton, GA","&nbsp;...de alimentos o servicio al cliente es una ventaja, pero no es obligatorio. Brindamos capacitación, pero se necesitan habilidades <b>matemáticas </b>básicas para las transacciones en efectivo. 
 Turnos necesarios:  Turnos de apertura, mediodía y cierre disponibles. Somos flexibles...&nbsp;",[],[],2025-05-29T00:00:00.0000000,https://jooble.org/jdp/7605761343761911417,,[],2025-06-11
4bc6cfc10639e22d178cb8b8c42b06b7,jooble,Quality Inspector,Belcan,"Irvine, CA","&nbsp;...preparando la documentación.

Interpretar especificaciones, planos y documentos técnicos para evaluar la aceptabilidad, utilizando <b>matemáticas </b>para conversiones de dimensiones y tolerancias.

Mantener registros de aceptación y rechazo precisos y actualizados y/o sistemas...&nbsp;",[],[],2025-06-07T00:00:00.0000000,https://jooble.org/jdp/-1921639236404777472,,[],2025-06-11
c3f975aaa472b258e2087a2c3d975e54,jooble,Cajero,Popeyes,"Allentown, PA","&nbsp;...capaz de seguir instrucciones y ser un miembro exitoso de nuestro equipo. La experiencia previa es una ventaja, y las habilidades <b>matemáticas </b>sólidas y multitarea son imprescindibles. 
 Responsabilidades de un Cajero: 
 Saludar a los clientes al entrar y salir del...&nbsp;",[],[],2025-05-25T00:00:00.0000000,https://jooble.org/jdp/-1506497204491911298,,[],2025-06-11
945ff36e20a21ea8ace6f67f1ed6f9c3,jooble,Miembro del equipo,El Bolillo Bakery,"Houston, TX","&nbsp;...Mentalidad de equipo y voluntad de ayudar donde sea necesario 
 Habilidades de comunicación efectiva; Habilidades básicas de <b>matemáticas </b>y lectura 
 Disposición para trabajar en horarios flexibles, turnos nocturnos, de fin de semana y festivos 
 Sentido de urgencia...&nbsp;",[],[],2025-05-31T00:00:00.0000000,https://jooble.org/jdp/995768776001101064,,[],2025-06-11
2f268106df7adf1ae7ca02814380eff3,jooble,Forklift Operator,Manpower Group Inc.,"Swedesboro, NJ","&nbsp;...requeridos.

Conocimiento de escáneres RF.

Conocimiento de varios equipos de manejo de materiales es un activo.

Competente en <b>matemáticas.</b>

Comprensión de las regulaciones de OSHA.

¿Qué hay para mí?

Oportunidad de trabajar en un entorno dinámico y de apoyo.

Ganar...&nbsp;",[],[],2025-06-08T00:00:00.0000000,https://jooble.org/jdp/9220623785072698340,,[],2025-06-11
3c43a6afcf764d783e79fc27d18342cd,jooble,Aplicacion para de Capataz,Ezetop LLC,"Milan, TN","&nbsp;...capacidad para obtener seguro; debe poder viajar fuera de la ciudad, tanto en viajes de una noche como en viajes de un día.

Habilidades <b>Matemáticas
</b>Capacidad para sumar, restar, multiplicar y dividir en todas las unidades de medida, utilizando números enteros, fracciones...&nbsp;",[],[],2025-06-08T00:00:00.0000000,https://jooble.org/jdp/6669457312688803264,,[],2025-06-11
250cc4991ccde31666f5d20ca058547f,jooble,Aluminum Extrusion press operator,Wise Staffing Group,"Decatur, AL","&nbsp;...experiencia previa como operador de extrusión de aluminio 
-Capaz de leer y comprender documentos de producción 
-Habilidades <b>matemáticas </b>básicas 
-Debe pasar la prueba de cinta métrica 
-Capacidad para trabajar turnos de 12 horas 
-Temporal a permanente después de...&nbsp;",[],[],2025-05-26T00:00:00.0000000,https://jooble.org/away/-8452115488257835037,,[],2025-06-11
dc4f278362465bc0e3074c68fffaf6d6,jooble,Cabrera Auto-Accounting Clerk,Cabrera Auto,Puerto Rico,"&nbsp;...nimo un bachillerato en contabilidad, preferiblemente con experiencia en industria automotriz. 
 Debe tener excelente destrezas <b>matemáticas,</b> analíticas y de auditoría interna. 
 Dominio de MS Office, idioma español e inglés tanto verbal como escrito. 
 Habilidad para...&nbsp;",[],[],2025-05-27T00:00:00.0000000,https://jooble.org/away/7747976485817842214,,[],2025-06-11
41f76ecde2712c753272047b87df6b8b,jooble,QA Technician I,Belcan,"Springdale, PA","&nbsp;...Se valora la experiencia en control de calidad en entornos de fabricación de productos químicos o recubrimientos.
* Habilidades <b>matemáticas </b>básicas.
* Conocimientos básicos de principios científicos.

Si está interesado en este puesto, presente su solicitud a través...&nbsp;",[],[],2025-05-30T16:44:37.0270000,https://jooble.org/jdp/-8429468182216519652,,[],2025-06-11
c867caf3060fcbbd8eb89f8c290d3b35,jooble,Overnight Manager,Fresco y Más,"Miami, FL","&nbsp;...habilidades de servicio al cliente •
Habilidades interpersonales, motivacionales y de comunicación excepcionales
Conocimientos de <b>matemáticas </b>básicas •
Competente con las aplicaciones informáticas utilizadas en el funcionamiento eficaz del departamento • Capacidad para...&nbsp;",[],[],2025-06-08T00:00:00.0000000,https://jooble.org/jdp/7996678637765287790,,[],2025-06-11
df9acff3c18eb59d5dcd7ba77e3480ed,jooble,Clerk Manufacturing,Hubbell,"New Germany, MN","&nbsp;...curso similar, preferible.
Dominio de los idiomas Español e Inglés a nivel intermedio, preferible.
Se requieren destrezas básicas de <b>matemática </b>tales como: suma, resta, multiplicación y división de números enteros.
Experiencia previa, en funciones de manejo de materiales y...&nbsp;",[],[],2025-06-08T00:00:00.0000000,https://jooble.org/jdp/6293176601016660401,,[],2025-06-11
3ee4b8adad08f09df742ca0547069c96,jooble,Forklift Operator (Spanish required),Merchants Distributors,"Riviera Beach, FL","&nbsp;...qualification test

Debe pasar la prueba de calificación del operador de elevación

Must pass basic math test

Debe pasar la prueba de <b>matemáticas </b>básica

Strong sense of urgency and organizational skills

Fuerte sentido de urgencia y habilidades organizativas

Ability to...&nbsp;",[],[],2025-06-09T00:00:00.0000000,https://jooble.org/jdp/7499098506533396272,,[],2025-06-11
cf8ec8006a66039f13a5bd2a0a3f2232,jooble,Operadores de Maquinas Farmaceutica,5TH HQ,"Miami, FL","&nbsp;...cumplimiento con normas de seguridad
Requisitos:
Diploma de educación secundaria o equivalente
Atención al detalle y habilidades <b>matemáticas </b>básicas
Experiencia previa en fabricación farmacéutica/nutracéutica (preferido)
Preferiblemente bilingüe (inglés y español)
Capacidad...&nbsp;",[],[],2025-06-09T00:00:00.0000000,https://jooble.org/jdp/-2187576768301230934,,[],2025-06-11
71ab3b8ccfb395ee255fd1bd8f8687f3,jooble,Gerente de Operaciones de Transporte,NFI Industries,"Greenwood, IN","&nbsp;...escrita.
Excelentes habilidades de servicio al cliente específicamente con clientes externos.
Excelentes habilidades analíticas y <b>matemáticas.</b>
Preferiblemente bilingüe inglés/español en ubicaciones selectas
Capacidad y disponibilidad para trabajar en horarios irregulares...&nbsp;",[],[],2025-06-08T00:00:00.0000000,https://jooble.org/jdp/-8866298085519413137,,[],2025-06-11
9fab6fab9c53ba479c3466fed4b716b5,jooble,Senior Inspector,Belcan,"Fort Worth, TX","&nbsp;...Interpretar especificaciones, registros, gráficos, manuales y otros datos para determinar la aceptación o el rechazo. * Utilizar las <b>matemáticas </b>para convertir las dimensiones y tolerancias de los planos.

Trabajar según las directrices de dibujos, esquemas, planos, hojas...&nbsp;",[],[],2025-06-10T00:00:00.0000000,https://jooble.org/jdp/-6940810015362719075,,[],2025-06-11
debe9c5e0c4d0d25fd8be4f6e46ea468,jooble,Forklift Operator,NFI Industries,"Fargo, ND","&nbsp;...certificación de montacargas NFI 
 Debe tener atención a los detalles, excelentes habilidades de servicio al cliente y habilidades <b>matemáticas </b>básicas 
 Empleador que ofrece Igualdad de Oportunidades/Veteranos Protegidos/Individuos con Discapacidades 
 El contratista no...&nbsp;",[],[],2025-06-04T20:47:19.7670000,https://jooble.org/jdp/-1919279420079449814,,[],2025-06-11
7fc31666445e5ed1e1f406f5bb8ea210,jooble,Líder de turno,El Pollo Loco,"San Antonio, TX","&nbsp;...sica de los sistemas informáticos, como el uso del correo electrónico y el acceso a varios sitios web. 
 Debe tener habilidades <b>matemáticas </b>básicas. 
 Restaurant Shift Lead es generalmente como un trabajo de restaurante a tiempo completo o parcial. 
 La experiencia previa...&nbsp;",[],[],2025-05-24T02:47:59.8300000,https://jooble.org/jdp/-2669600094907225230,,[],2025-06-11
63cd9adda84c0283903daad99f1fe932,jooble,Asistente de Gerencia,Slim Chickens,"Fort Worth, TX","&nbsp;...asociado o de 4 años. 
 De 2 a 5 años de experiencia en gestión o liderazgo de restaurantes. 
 Fuertes habilidades de comunicación y <b>matemáticas.</b> 
 Comportamiento profesional, personalidad extrovertida y actitud positiva. 
 Beneficios: 
 Horario flexible 
 Tiempo libre...&nbsp;",[],[],2025-05-20T00:00:00.0000000,https://jooble.org/jdp/-4350289268914227952,,[],2025-06-11
5af4f93ba3654b59604fc589737b02f1,jooble,Salesperson,"Advance Auto Parts, Inc.",Puerto Rico,"&nbsp;...como reglas de seguridad, instrucciones de operación y mantenimiento, catálogos de piezas y manuales de procedimientos. Utilizar <b>matemáticas </b>básicas con precisión: sumar, restar, multiplicar y dividir en todas las unidades de medida, utilizando números enteros, fracciones...&nbsp;",[],[],2025-05-23T00:00:00.0000000,https://jooble.org/jdp/-396722682562078130,,[],2025-06-11
8ab0683dff59f95d9c9e108524c5e2f6,jooble,Cocinero(a) de Cafeteria Part Time - Colobos,NUC University,Puerto Rico,"&nbsp;...medidas y porciones de alimentos y/o ingredientes. 
 Dominio de la comunicación oral en español y conocimiento básico de destrezas <b>matemáticas.</b> 
 Horario de Trabajo: lunes a viernes 7:30am-12:30pm. 
 Tenemos un Plan de Beneficios competitivo: 
 Plan Médico (farmacia,...&nbsp;",[],[],2025-05-20T00:00:00.0000000,https://jooble.org/away/1666428730607627579,,[],2025-06-11
6eca8f6956ec16641c95a31c90442b11,jooble,Machinist Senior,Belcan,"Irvine, CA","&nbsp;...ajustes de máquinas.
* Capacidad para leer y seguir planos, especificaciones e instrucciones verbales.
* Conocimientos prácticos de <b>matemáticas </b>de taller, incluyendo trigonometría.
* Capacidad para aplicar eficazmente iniciativas lean.
* Demuestra habilidades efectivas...&nbsp;",[],[],2025-06-03T18:47:59.0300000,https://jooble.org/jdp/-1869205642211371867,,[],2025-06-11
5a8a746c8367ee7edf7074cdcef56c16,jooble,Coordinador/Líder de Turno,Chick-fil-A,"Columbia, SC","&nbsp;...navegar por las estanterías altas y bajas y movilidad durante los turnos. 
 Se requieren habilidades básicas de lectura, escritura y <b>matemáticas </b>y comunicación verbal, así como trabajar bien bajo presión. 
 PROMESA DE EMPLEO: En Chick-fil-A Forest Drive, tendrá una...&nbsp;",[],[],2025-06-11T00:00:00.0000000,https://jooble.org/jdp/8477390082416094472,,[],2025-06-11
b048a61f70962a5bcad10e5d013dc831,jooble,Assistant Head Cook,Sedano's,"Hialeah, FL","&nbsp;...minuciosidad

Capacidad para trabajar horas y días programados, incluyendo días festivos y fines de semana

Habilidades básicas de <b>matemática </b>y reconocimiento numérico

Capacidad para aplicar la comprensión del sentido común para llevar a cabo las instrucciones en forma...&nbsp;",[],[],2025-06-07T00:00:00.0000000,https://jooble.org/jdp/-3464875600429618725,,[],2025-06-11
100dfa852ca54152a25f978e11422b0d,jooble,Production Operator III,Belcan,"Kennesaw, GA","&nbsp;...las pautas.
* Debe poder interpretar y aplicar con precisión configuraciones de equipos que requieren conocimientos básicos de <b>matemáticas,</b> porcentajes, fracciones y decimales para establecer tasas de flujo de equipos y especificaciones de volumen.
* Debe poder utilizar...&nbsp;",[],[],2025-06-05T12:36:44.4700000,https://jooble.org/jdp/8329541380292199572,,[],2025-06-11
186693ab1d2995511e18f6896d251df6,jooble,Inventory Specialist FT,Fresco y Más,"Miami, FL","&nbsp;...habilidades de servicio al cliente. • Excepcionales habilidades interpersonales, motivacionales y de comunicación.
Conocimiento de <b>matemáticas </b>básicas
Capacidad para manejar situaciones estresantes
Dominio de las aplicaciones informáticas utilizadas para operar...&nbsp;",[],[],2025-06-08T00:00:00.0000000,https://jooble.org/jdp/-1435047792176007966,,[],2025-06-11
31186f1f098a539d567cc890a31d40f9,jooble,Operador de carretilla elevadora,FreshLine Produce LLC,"Mahwah, NJ","&nbsp;...carro. 
 Realiza otros deberes relacionados según lo solicitado. 
 Habilidades/Destrezas  Requeridas: 
 Habilidades básicas de <b>matemáticas,</b> lenguaje y lectura. 
 Capacidad de manejar el equipo y los vehículos con seguridad y sensatez. 
 Educación y Experiencia: 
#...&nbsp;",[],[],2025-05-16T00:00:00.0000000,https://jooble.org/away/-8518161999211069280,,[],2025-06-11
4602f4ff5199bd49e60417ebf16c7a5c,jooble,LITERACY SPECIALIZED TEACHER,Boys & Girls Club,Puerto Rico,"&nbsp;...positivo en todo momento a través de sus acciones, dentro y fuera del Club. 
# Planificara las experiencias relacionadas a las <b>matemáticas </b>y STEM. 
# Realizará cualquier otra tarea que le sea asignada el supervisor. 


 Experiencia, Educación, Conocimientos & Habilidades...&nbsp;",[],[],2025-05-19T00:00:00.0000000,https://jooble.org/away/-5095016792229550474,,[],2025-06-11
8ce503058ca9dcabaed639a383ac816a,jooble,Handyman,Architekton Llc,"Indian Trail, NC","&nbsp;...Experiencia con herramientas y equipos eléctricos. 
 Conocimientos básicos de sistemas eléctricos, de plomería o HVAC. 
 Habilidades <b>matemáticas </b>básicas 
 Buena capacidad de comunicación 
 Bien organizado y apto para la resolución de problemas. 
 Atención a los detalles...&nbsp;",[],[],2020-09-11T00:00:00.0000000,https://jooble.org/away/3019707767838608290,,[],2025-06-11
3faa01b04e64459b53fb844d6d24cd8e,jooble,Room Attendant-1,Sonesta International Hotels,"San Antonio, TX","&nbsp;...inglés con fluidez; otros idiomas beneficiosos mas no es un requisito.
Se prefieren las habilidades básicas de lectura, escritura y <b>matemáticas.</b>
Con frecuencia se pone de pie, se agacha, se arrodilla y se mueve por las instalaciones.
Transportar, levantar o tirar de artí...&nbsp;",[],[],2025-06-10T00:00:00.0000000,https://jooble.org/jdp/-5447779729417174139,,[],2025-06-11
b06eee859854eb31e17f9066d10190be,jooble,Toolmaker Senior,Belcan,"Irvine, CA","&nbsp;...establecidas.
* Configura y opera herramientas CNC/convencionales y equipos de rectificado de fresas cuando corresponda.
* Aplica <b>matemáticas </b>avanzadas de taller, conocimiento de las características del metal y planificación del proceso de fabricación.
* Inspecciona los...&nbsp;",[],[],2025-05-22T16:45:25.3100000,https://jooble.org/jdp/-921872431806134294,,[],2025-06-11
0bdc1fdc93e7fdbf5ae5d8128cf0e3c3,jooble,Cajer Centro Cambiario,,"San Antonio, TX","&nbsp;...validadores de recibos, contadores de dinero, etc.)
Habilidad de comunicación y gestión del tiempo.
Atención al detalle y habilidades <b>matemáticas.</b>
Sexo indistinto
Edad de 26-40 años
Excelente presentación.                     
  Prestaciones 
 Las de Ley.
Opción a contrato...&nbsp;",[],[],2025-06-06T04:00:10.8970000,https://jooble.org/jdp/-7745885510357399564,,[],2025-06-11
36756cf48837e6544b9c19d328d7b34d,jooble,Trabajador de Producción de Tintorería,"Edit TX, LLC dba Tide Cleaners","Houston, TX","&nbsp;...distribuir prendas. 
 Capacidad para trabajar en ambientes calurosos/húmedos. 
 Capacidad para reconocer números y realizar operaciones <b>matemáticas </b>básicas. 
 Participar en la formación continua. 
 Debe ser capaz de permanecer de pie durante largos períodos de tiempo....&nbsp;",[],[],2025-05-16T00:00:00.0000000,https://jooble.org/away/-1867248315522844482,,[],2025-06-11
96951fa7f189642dfd789543a5fe3e29,jooble,Machinist Senior,Belcan,"Camarillo, CA","&nbsp;...configuraciones de máquinas.
* Lee y sigue planos, especificaciones e instrucciones verbales.
* Tiene conocimientos prácticos de <b>matemáticas </b>de taller de máquinas, puede incluir trigonometría.
* Capacidad para aplicar eficazmente iniciativas lean.
* Demuestra...&nbsp;",[],[],2025-05-19T18:04:16.3270000,https://jooble.org/jdp/-8741840808877706318,,[],2025-06-11
d15dfdde2c8c0d9a88e2d97868d53afb,jooble,Quality Control Checker,NFI Industries,"Riverside, MO","&nbsp;...aplicaciones informáticas usando MS Office 
 Excelentes habilidades de comunicación oral y escrita 
 Excelentes habilidades analíticas y <b>matemáticas.</b> 
 Excelentes habilidades de servicio al cliente 
 Capaz de trabajar de manera independiente 
 Educación secundaria o...&nbsp;",[],[],2025-06-05T20:40:51.1170000,https://jooble.org/jdp/-2396699436654900698,,[],2025-06-11
2a0c950b6605ac5487ad7eba86a86507,jooble,Líder de turno,Pie Five Pizza,"Skokie, IL","&nbsp;...capaz de mantener un comportamiento amigable y extrovertido, incluso durante períodos de alto volumen   
~ Debe tener habilidades <b>matemáticas </b>básicas y tener la capacidad de manejar el dinero de manera eficiente y precisa, con o   
~ sin calculadora o sistema POS...&nbsp;",[],[],2025-05-14T00:00:00.0000000,https://jooble.org/jdp/1497090531786454070,,[],2025-06-11
d0de6df234bd8ca7bb533616480c595a,jooble,Machinist Technician,Belcan,"Irvine, CA","&nbsp;...Realiza con precisión y regularidad el control estadístico de procesos (CEP) específico para los requisitos de la división.
* Utiliza <b>matemáticas </b>avanzadas de taller, que pueden incluir trigonometría, y conocimientos generales sobre las características del metal y otros...&nbsp;",[],[],2025-05-19T18:04:16.5270000,https://jooble.org/jdp/8155993669945824228,,[],2025-06-11
65b3a06f5674920c89b4b1a5a7572826,jooble,Credit Clerk - Palace,"Station Casinos, Inc.","Las Vegas, NV","&nbsp;...Capacidad de comunicación eficaz. Conocimientos básicos y experiencia en contabilidad, informática, otros equipos de oficina, mecanografía, así como habilidades <b>matemáticas,</b> verbales y de clasificación. Debe ser capaz de obtener un registro para juegos de azar.

#LI-DNI",[],[],2025-06-08T20:09:41.5130000,https://jooble.org/jdp/4455745453508903068,,[],2025-06-11
ed82ab9b2f9c5a4a071e92aaa212a82e,jooble,Transportation Manager I,NFI Industries,"Garysburg, NC","&nbsp;....

 Excelentes habilidades de servicio al cliente específicamente con clientes externos.

 Excelentes habilidades analíticas y <b>matemáticas.</b>

 Debe estar de guardia para sistemas de alarma o problemas fuera del horario laboral.

 Capacidad y disponibilidad para trabajar...&nbsp;",[],[],2025-05-19T00:00:00.0000000,https://jooble.org/jdp/6320729407817183483,,[],2025-06-11
41a8a460944a9b15311cb95e43b525f3,jooble,Production Lead,"SIP Manufacturing, LLC","Lake Elsinore, CA","&nbsp;...Conocimiento de las prácticas y regulaciones de salud y seguridad 
 Capacidad para planificar y organizar tareas, habilidades <b>matemáticas </b>básicas 
8.RIESGOS PARA LA SEGURIDAD 
 Equipo eléctrico –    ALTO VOLTAJE –  SIEMPRE TENGA CUIDADO  alrededor de los peligros el...&nbsp;",[],[],2023-02-10T00:00:00.0000000,https://jooble.org/away/-8284636635201455022,,[],2025-06-11
7adb5939992734b2a46843350a413422,jooble,Operador de Producción (Pharmacy Operator),5TH HQ,"Fort Lauderdale, FL","&nbsp;...industria farmacéutica/nutracéutica (preferible). 
 Conocimiento de Buenas Prácticas de Manufactura (GMP). 
 Conocimientos básicos de <b>matemáticas </b>y computación. 
 Requisitos físicos: 
 Capacidad para empujar o rodar tambores con polvo de hasta 100 kg (220 lb). 
 Levantar...&nbsp;",[],[],2025-06-05T00:00:00.0000000,https://jooble.org/away/-4781130138831909575,,[],2025-06-11
ac57f959467fd78e5a162965569a2c99,jooble,Child Nutrition Specialist Substitute Pool,Little Elm Independent School District,"Little Elm, TX","&nbsp;...alimenticia
Habilidad para utilizar equipo y utensilios de cocina tanto grandes como pequeños
Habilidad para realizar operaciones <b>matemáticas </b>básicas
Poder trabajar formando parte de un equipo
Poder trabajar a pesar de ser interrupido
R e s p o n sa b ilidade s y...&nbsp;",[],[],2025-06-11T00:00:00.0000000,https://jooble.org/jdp/-1148037687476661492,,[],2025-06-11
1ccc5f9a0b04d9c9a94363a1aa59d704,jooble,Operador de encuadernación,AlphaGraphics - US054,"Dallas, TX","&nbsp;...con un alto número de trabajos y plazos ajustados.
Atención al detalle.
Fuertes habilidades interpersonales.
Buenas habilidades <b>matemáticas.</b>
Asistencia, puntualidad y atención confiables a los puestos de trabajo.

Beneficios: Compensación competitiva
Programa de Bonos...&nbsp;",[],[],2025-06-09T00:00:00.0000000,https://jooble.org/jdp/8433505556774561396,,[],2025-06-11
37443b4353b4b3bb7b57f7f6122ba2d1,jooble,Cajero,Little Caesars,"Edinburg, TX","&nbsp;...capaz de seguir instrucciones y ser un miembro exitoso de nuestro equipo. La experiencia previa es una ventaja, y las habilidades <b>matemáticas </b>sólidas y multitarea son imprescindibles. 
 Responsabilidades de un Cajero: 
● Saludar a los clientes al entrar y salir del...&nbsp;",[],[],2025-04-29T00:00:00.0000000,https://jooble.org/jdp/9131939266741397506,,[],2025-06-11
eb3c13e7cbc9abab547eebce5c1fba5f,jooble,Operador de Máquina de Mezclado,5TH HQ,"Fort Lauderdale, FL","&nbsp;...de mezclado (preferido)
 Capacidad para levantar hasta 50 libras y estar de pie por períodos prolongados 
 Conocimientos básicos de <b>matemáticas </b>y lectura 
 Atención al detalle y capacidad para seguir instrucciones 
 Ser bilingüe (inglés/español) es una ventaja...&nbsp;",[],[],2025-06-10T00:00:00.0000000,https://jooble.org/away/-6685794975810456815,,[],2025-06-11
0f6bfa4398adf84b5b0e02b20674bb0b,jooble,Warehouse Operations Supervisor,NFI Industries,"Mcdonough, GA","&nbsp;...escrita 
 Excelentes habilidades de servicio al cliente específicamente con clientes externos. 
 Excelentes habilidades analíticas y <b>matemáticas.</b> 
 Preferiblemente bilingüe inglés/español, puede ser necesario en algunos lugares 
 Capacidad y disponibilidad para trabajar...&nbsp;",[],[],2025-05-29T18:49:45.1200000,https://jooble.org/jdp/-3501818840345061445,,[],2025-06-11
3c4115ad028f4b336286d229ae65aa05,jooble,Machine Operator,Belcan,"Naples, FL","&nbsp;...Habilidades y conocimientos:
* Capaz de leer y seguir planos, especificaciones e instrucciones verbales.
* Conocimiento práctico de <b>matemáticas </b>de taller mecánico, puede incluir trigonometría.
* Habilidades efectivas de comunicación verbal, escrita e interpersonal.
*...&nbsp;",[],[],2025-05-22T16:45:25.6800000,https://jooble.org/jdp/8153059400375565104,,[],2025-06-11
ea8bb6bf15092102f653ccfb34b0b588,jooble,PROMOTOR DE FRUTAS Y VERDURAS,All American Quality Food Inc,"Douglasville, GA","&nbsp;...su frescura. 
-Ayudar en la descarga de camiones 
-Otras tareas asignadas por el jefe de frutas y verduras 

 Habilidades: 
 <b>Matemáticas </b>básicas (contar)
 Debe obtener el permiso de manipulador de alimentos una vez contratado 

 Requisitos Físicos:  Esta posición...&nbsp;",[],[],2025-05-22T00:00:00.0000000,https://jooble.org/away/-7112579779031131819,,[],2025-06-11
9b079c21936246453debb94a681f3bf7,jooble,"PST - Technical Services, Projects, Initiatives - Band BTA",Procter & Gamble,United States,"&nbsp;...operación en relación con la tecnología asignada. 
 Tareas: 
+ Eliminación de perdidas crónicas a través de las herramientas de IWS <b>aplicadas </b>a su tecnología. 
+ Dar soporte en las Implementaciones y validaciones de proyectos siguiendo la metodología de Gsum
+ + Ser el...&nbsp;",[],[],2025-06-06T00:00:00.0000000,https://jooble.org/jdp/271858356372752245,,[],2025-06-11
fcad87f85f8c2b2bef291d6053c1fe30,jooble,Cart Pickup,Sedano’s,"Homestead, FL","&nbsp;...forma escrita, oral o de diagrama 
 Capacidad para trabajar horas y días programados, incluyendo días festivos y fines de semana 
 <b>Matemáticas </b>básicas, reconocimiento numérico 
 Habilidades básicas de matemática; Capacidad de utilizar y comprender pesos y medidas...&nbsp;",[],[],2025-05-20T00:00:00.0000000,https://jooble.org/jdp/-2875646858651160729,,[],2025-06-11
14263989d9699d525773cda73d4fa950,jooble,Cycle Counter,NFI Industries,"Glendale, AZ","&nbsp;...aplicaciones informáticas usando MS Office 
 Excelentes habilidades de comunicación oral y escrita 
 Excelentes habilidades analíticas y <b>matemáticas.</b> 
 Excelentes habilidades de servicio al cliente 
 Capaz de trabajar de manera independiente 
 Educación secundaria o...&nbsp;",[],[],2025-05-20T18:49:06.4170000,https://jooble.org/jdp/2342524116178619095,,[],2025-06-11
0309e2786a11cefee05483fe24caba8c,jooble,Warehouse Associate DC- LA Warehouse,Nassau Candy,"Hayward, CA","&nbsp;...Requisitos: 
 El candidato ideal tendrá experiencia trabajando en Bodega/Warehouse. 
 Tendrá conocimientos básicos en computación y <b>matemáticas.</b> 
 Debe poder permanecer de pie durante un turno completo y levantar al menos 50 libras/20 kilos. 
 Debe poder trabajar en...&nbsp;",[],[],2025-05-09T00:00:00.0000000,https://jooble.org/away/-1341275678064933404,,[],2025-06-11
401b91bac1cdb02834bb6af646d6047f,jooble,Miembro del Equipo,Chick-fil-A,"Menomonee Falls, WI","&nbsp;...equipo, sartenes, ollas, estanterías de navegación tanto altas como bajas 
 Se requieren habilidades básicas de lectura, escritura y <b>matemáticas </b>y comunicación verbal 
 Funciona en entornos calurosos, ruidosos y de ritmo rápido 
 Movilidad requerida durante los turnos...&nbsp;",[],[],2025-05-07T00:00:00.0000000,https://jooble.org/jdp/3515604388910892988,,[],2025-06-11
759cbf53f0e594452e395f2f4b32ba8a,jooble,Experto en Plagas Cuarentenarias en Aguacate,IESC,Abroad,"&nbsp;...a resultados 

 Conocimientos 
· Manejo de herramientas de ofimática e internet. 
· Conocimiento de herramientas tecnológicas <b>aplicadas </b>a la agricultura (agricultura de precisión, GIS, análisis de información técnica). 
· Contactos establecidos con productores y agroexportadoras...&nbsp;",[],[],2025-05-07T10:45:45.2030000,https://jooble.org/jdp/8058742373458410828,,[],2025-06-11
030d2b06724462031e8e68d04c5a620b,jooble,Inspector A,Belcan,"Elyria, OH","&nbsp;...semicomplejas.
* Interpretar especificaciones, gráficos, manuales y otros datos para llegar a la aceptación o rechazo.
* Utilizar las <b>matemáticas </b>para convertir las dimensiones y tolerancias de los planos.
* Trabajar dentro de las pautas de los dibujos, esquemas, planos,...&nbsp;",[],[],2025-05-15T17:04:37.2000000,https://jooble.org/jdp/-6466461772630948821,,[],2025-06-11
3edc27a475b3e7a3072792aa2e54e5c9,jooble,Operadora de Maquina,Oldcastle Infrastructure,"Telford, PA","&nbsp;...Experiencia en fabricación o construcción preferida 
 Avilidad de aprender y seguir los procesos de fabricacion 
 Conocimiento de <b>matemáticas </b>y mediciones básicas 
 Capacidad para leer/escribir instrucciones sencillas y comunicarse eficazmente con los miembros del...&nbsp;",[],[],2025-05-21T17:08:37.5888785+00:00,https://jooble.org/jdp/627223290027588213,,[],2025-06-11
a6e32eb464818e1ee2984eeb0548e4a4,jooble,JEFE DE ALMACÉN DE PRODUCTOS LÁCTEOS,All American Quality Food Inc,"Douglasville, GA","&nbsp;...existencias. 
 Informar y registrar los daños y créditos de los productos 
 Otras tareas que se le asignen. 

 Habilidades 
 <b>Matemáticas </b>básicas (contar, sumar y restar), capacidad para trabajar de forma independiente. Capacidad para leer, escribir y llevar...&nbsp;",[],[],2025-05-17T00:00:00.0000000,https://jooble.org/away/1759740602192215657,,[],2025-06-11
47cc8ebaa473e57684a1c4cb3741d8bc,jooble,Jefe de turno,Five Guys,"Lexington, KY","&nbsp;...también requiere la capacidad de leer, analizar, crear e interpretar memorandos comerciales generales y 
 Documentos. 
 HABILIDAD <b>MATEMÁTICA:</b> 
 Este puesto requiere habilidades básicas de matemáticas comerciales. 
 CAPACIDAD DE RAZONAMIENTO: 
 Esta posición requiere...&nbsp;",[],[],2025-05-08T00:00:00.0000000,https://jooble.org/jdp/5700971637622323522,,[],2025-06-11
edf1106ade583394ec7a3586d1efea62,jooble,Gerente de Proyectos Autopak,Ultimate Solutions,Puerto Rico,"&nbsp;...español 
 Comunicación verbal y escrita clara y precisa, buena redacción y ortografía 
 Disponibilidad para viajar 
 Destrezas <b>matemáticas </b>para calcular proporciones, porcentaje, circunferencias, volumen, grados, etc. 
 Destrezas en conceptos básicos de álgebra y...&nbsp;",[],[],2025-06-09T23:15:36.1428880+00:00,https://jooble.org/jdp/-894020885931817857,,[],2025-06-11
4af65bc4acdfc0b27066eb02f2203e75,jooble,CNC Programmer Specialist,Belcan,"Irvine, CA","&nbsp;...de procesos, automatización del diseño a la producción).
* Capacidad para interpretar diversas instrucciones técnicas en forma <b>matemática </b>o de diagrama, y ​​manejar diversas variables abstractas y concretas.
* Capacidad para investigar y analizar datos, elaborar recomendaciones...&nbsp;",[],[],2025-05-19T18:04:17.4370000,https://jooble.org/jdp/8477893875805544082,,[],2025-06-11
63fc37edd47b0823b57aff3cb1e0ecb2,jooble,Cómo trabajar las emociones para alcanzar el éxito profesional,Expansión,"Iowa, LA","&nbsp;...pero no conduce a nada bueno: ""Es una desconexión de nosotros mismos y de nuestras relaciones"", apunta esta experta en neurociencia <b>aplicada </b>a la gestión de personas. Añade que estar la mayor parte del tiempo conectados a través de dispositivos, en lo profesional y en lo...&nbsp;",[],[],2025-06-08T00:00:00.0000000,https://jooble.org/jdp/-4107753221367279207,,[],2025-06-11
e5c773ecc296625ddb8a5350d8e515af,jooble,Cafe Attendant/Food Server,Sedano's,"Miami, FL","&nbsp;...responsabiliza de las propias acciones.

Capacidad para trabajar horas y dÃ­as programados, incluidos dÃ­as festivos y fines de semana.

<b>Matemáticas </b>básicas, reconocimiento numérico.

Capacidad para aplicar el sentido común para llevar a cabo instrucciones en forma escrita,...&nbsp;",[],[],2025-06-09T00:00:00.0000000,https://jooble.org/jdp/-165691750600952170,,[],2025-06-11
70497949b47982ebdef541fbe2e9fd21,jooble,Miembro del equipo,Chick-fil-A,"Hattiesburg, MS","&nbsp;..., sartenes, ollas, estanterías de navegación tanto altas como bajas 
• Se requieren habilidades básicas de lectura, escritura y <b>matemáticas </b>y comunicación verbal 
• Trabajar en entornos calurosos, ruidosos y de ritmo rápido 
• Movilidad requerida durante los turnos...&nbsp;",[],[],2025-05-04T00:00:00.0000000,https://jooble.org/jdp/-4435471833691496092,,[],2025-06-11
2c6656293a9c8662deda273d0e1ccb47,jooble,Chick-fil-A Miembro del Equipo,Chick-fil-A,"Denver, CO","&nbsp;...por períodos extendidos (períodos que pueden durar más o menos 4 horas y 45 minutos)
 Tiene que saber como hacer computaciones de <b>matemáticas </b>simples 
 Tiene que poder leer y escribir 
 Tiene que poder aprender todas las recetas de todo del menú por memoria' 
 Working...&nbsp;",[],[],2025-05-26T00:00:00.0000000,https://jooble.org/jdp/-1318433356587903026,,[],2025-06-11
9b753a06255d666a5361636746aae231,jooble,Machinist A - 2nd shift,Belcan,"Devens, MA","&nbsp;...Destreza manual
* Capacidad para leer y seguir planos, especificaciones e instrucciones verbales.
* Conocimientos prácticos de <b>matemáticas </b>de taller, incluyendo trigonometría.
* Aplicación eficaz de iniciativas lean.
* Habilidades de comunicación efectivas.
* Trabajo...&nbsp;",[],[],2025-05-27T10:44:17.3900000,https://jooble.org/jdp/598967561744572396,,[],2025-06-11
3cc25c00f637b57b1d2d78542225f881,jooble,Cuidador de Animales - Lamar,Seaboard Foods,"Lamar, CO","&nbsp;...la acción, acepta la rendición de cuentas y colabora con otros.

REQUISITOS: No se requiere educación o experiencia.
Habilidades <b>matemáticas </b>básicas
Flexible y capaz de trabajar los fines de semana asignados (sábado / domingo)
Bilingüe en inglés y español, pero no es obligatorio...&nbsp;",[],[],2025-06-11T00:00:00.0000000,https://jooble.org/jdp/-3807978071800960601,,[],2025-06-11
64064ac2ca83ff00eb76397e8f4637f2,jooble,Gerente de Proyecto / Estimador,Signarama,"Ozark, MO","&nbsp;...un profesional.
Comunícate sin esfuerzo con los clientes, los miembros del equipo y nuestro equipo ejecutivo.
Usa tus habilidades <b>matemáticas </b>para administrar los presupuestos de los proyectos.
Mantente ultra organizado , rastreando digitalmente toda la información del...&nbsp;",[],[],2025-06-09T00:00:00.0000000,https://jooble.org/jdp/-5516383222702298221,,[],2025-06-11
bb7588b566d55996bcfeabb12f515cd3,jooble,Machinist A- 2nd shift,Belcan,"Camarillo, CA","&nbsp;...Habilidades y conocimientos:
* Capacidad para leer y seguir planos, especificaciones e instrucciones verbales.
* Conocimiento de <b>matemáticas </b>de taller, incluyendo trigonometría.
* Aplicación eficaz de iniciativas lean. (KAIZEN es una ventaja).
* Demuestra habilidades...&nbsp;",[],[],2025-05-30T16:44:36.3870000,https://jooble.org/jdp/-4825401766821057552,,[],2025-06-11
ac2d01042ca7b1642ab4997ff4bc5972,jooble,CONSULTOR(A) NEGOCIOS - CO (Banco de Talentos) Banco de talentos,Suzano SA,"Denver, CO","&nbsp;...realizados com os clientes de sua carteira.
Qualificações: Disponibilidade de viagens;
Desejável conhecimento em: Pacote Office; <b>Matemática </b>Financeira; Alavancas Comerciais; Técnicas de Negociação;
Conhecer do mercado e clientes de bens de consumo do mercado/da região;...&nbsp;",[],[],2025-06-08T00:00:00.0000000,https://jooble.org/jdp/1243439589316062877,,[],2025-06-11
161d4f52c1b23ef615b9b78d1a7add26,jooble,Senior Data & Market Analyst B2B São Paulo - SP and Hybrid Full-time employee,Cortex Intelligence,"Iowa, LA","&nbsp;...solução mais completa de Go-to-Market Intelligence da América Latina. Somos referência em Inteligência Artificial (IA) e Big Data <b>aplicada </b>a Marketing e Vendas, com mais de 10 anos de experiência apoiando clientes a evoluírem suas máquinas de GTM e mantendo nosso próprio...&nbsp;",[],[],2025-06-07T00:00:00.0000000,https://jooble.org/jdp/7873583024446700125,,[],2025-06-11
1b76e96509bbad5d1861657e702fbedf,jooble,Técnico Agrícola para cultivo de aguacate para exportación_3,IESC,Abroad,"&nbsp;...resultados 
 Conocimientos     
· Manejo de herramientas de ofimática e internet. 
· Conocimiento del uso de herramientas tecnológicas <b>aplicadas </b>a la agricultura (agricultura de precisión, GIS, software, análisis de información técnica). 
· Contactos establecidos con...&nbsp;",[],[],2025-06-09T07:09:04.0926746+00:00,https://jooble.org/jdp/4299525217274754246,,[],2025-06-11
96e4ce7aa7245d57a388e824a58c567d,jooble,Machinist Senior - 3rd shift,Belcan,"Jacksonville, FL","&nbsp;...Habilidades y conocimientos:
* Capaz de leer y seguir planos, especificaciones e instrucciones verbales. 
* Conocimiento práctico de <b>matemáticas </b>de taller mecánico, puede incluir trigonometría. 
* Aplica eficazmente iniciativas lean. 
* Demuestra habilidades de comunicaci...&nbsp;",[],[],2025-05-27T10:44:16.6470000,https://jooble.org/jdp/-5423822130647459452,,[],2025-06-11
d54e7701e3b91a70b686512c1498b1c8,jooble,Analista de Operaciones Estratégicas,Clark Insurance,"Bogota, NJ","&nbsp;...entrega al cliente.
* Conciliar movimientos, facturación y cobros, utilizando habilidades avanzadas de Excel y fuertes capacidades <b>matemáticas.</b>

Lo que necesitas tener:

* Un mínimo de 1 año y medio de experiencia en un rol similar, preferiblemente en compañías de seguros...&nbsp;",[],[],2025-06-09T00:00:00.0000000,https://jooble.org/jdp/8163727163439464283,,[],2025-06-11
aed78c21dbc27178e18948e8a2d26780,jooble,Coatings Chemical Operator - 1st Shift,Belcan,"Mojave, CA","&nbsp;...Habilidades y conocimientos
* Debe ser ciudadano estadounidense
* Capacidad para operar un montacargas.
* Habilidades básicas de <b>matemáticas,</b> lectura e informática.
* Capacidad para levantar hasta 50 libras.
* Capacidad física para completar las tareas laborales.
*...&nbsp;",[],[],2025-06-03T18:47:59.7930000,https://jooble.org/jdp/7089289661091242635,,[],2025-06-11
4980b31a69a756712894079a35fe50e3,jooble,Especialista en Empaque / Packaging Specialist,Olympia Meats,"Portland, OR","&nbsp;...Flexibilidad: Capacidad para adaptarse a las necesidades y prioridades cambiantes de la empresa
Habilidad numérica: Poseer habilidades <b>matemáticas </b>básicas y uso de calculadoras y calendarios
Seguridad: Seguir todas las pautas de seguridad y mantener conciencia constante de...&nbsp;",[],[],2025-06-11T00:00:00.0000000,https://jooble.org/jdp/1366534397089358560,,[],2025-06-11
ef771fa57dea8a475f085797bd481098,jooble,Bingo Agent - (Part Time) - Palace,Station Casinos,"Las Vegas, NV","&nbsp;...políticas y procedimientos de la Compañía.

Calificaciones:

El requisito de edad mínima es de 21 años. Debe poseer habilidades de <b>matemáticas </b>y computadora. Debe ser capaz de vender Papeles/Estrellas/Papelería a los Huéspedes. Anunciar los números que se sacan y...&nbsp;",[],[],2025-06-11T00:00:00.0000000,https://jooble.org/jdp/-4649513523165658971,,[],2025-06-11
454ef658cc0ed238448e6f09708560b9,jooble,Cuidador De Animal - Guymon/Beaver/Turpin/Forgan,Seaboard Foods,"Guymon, OK","&nbsp;...de cerdos según lo programado.
Mantener la limpieza de la granja
REQUISITOS No se requiere educación o experiencia.
Habilidades <b>matemáticas </b>básicas
Flexible y capaz de trabajar los fines de semana asignados (sábado / domingo)
Bilingüe en inglés y español, pero no es obligatorio...&nbsp;",[],[],2025-06-11T00:00:00.0000000,https://jooble.org/jdp/1450553439540030008,,[],2025-06-11
54a8c9442cce9d355bac4875c0234ed7,jooble,Production Assembler 1,Belcan,"Simi Valley, CA","&nbsp;...conocimientos:
* Buenas aptitudes mecánicas.
* Capaz de operar una variedad de herramientas manuales y maquinaria ligera.
* Habilidades <b>matemáticas </b>básicas
* Capacidad para leer e interpretar documentos de la empresa.
* Capaz de resolver problemas utilizando procedimientos...&nbsp;",[],[],2025-05-12T15:35:54.9378483+00:00,https://jooble.org/jdp/-2172574031765590711,,[],2025-06-11
804be7844bd10f27cd36c390deedb067,jooble,Obrero - Colocación de Tuberías de Servicios Públicos Subterráneos,Build the North,"New York, NY","&nbsp;...podría abrirle la puerta a una carrera gratificante con grandes beneficios.
Los requisitos incluyen:
Capacidad para leer planos
Habilidades <b>matemáticas </b>básicas
Familiaridad con el láser de tuberías para elevaciones y porcentaje de pendiente

#J-18808-Ljbffr Build the North",[],[],2025-06-11T00:00:00.0000000,https://jooble.org/jdp/-752156336419020434,,[],2025-06-11
41e805003c1943377245a483fd2b35ce,jooble,Mecánico de mantenimiento - Bilingüe (inglés y español),CRYOPAK INC,"Edison, NJ","&nbsp;...Experiencia en montacargas. 
~ Capacidad para levantar hasta 35 libras. varias veces al día 
~ Capacidad para realizar operaciones <b>matemáticas </b>básicas. Capacidad para doblarse, alcanzar, arrodillarse y permanecer de pie durante un período prolongado de tiempo. 

 LO QUE...&nbsp;",[],[],2025-06-02T00:00:00.0000000,https://jooble.org/away/8786220672426590532,,[],2025-06-11
24b329ccc68e10b662cf193b818aa69b,jooble,Traffic Control Supervisor | Supervisor de Control de...,HEI Civil - Colorado,"Denver, CO","&nbsp;...revisar la calidad de la instalación y la seguridad. 
 Ser consciente de la seguridad, tener dominio en direcciones, comunicación y <b>matemáticas </b>generales. 
 Implementar planes de control de tráfico. 
 Montar y desmontar según los estándares de MHT, MUTCD y M&S de CDOT....&nbsp;",[],[],2025-05-18T07:11:25.3833495+00:00,https://jooble.org/jdp/5223946662689416846,,[],2025-06-11
b4fcc408df0291f8f3f176a377afa9a5,jooble,Asociado de Fabricación,"Adecco US, Inc.","Casa Grande, AZ","&nbsp;...para ensamblar piezas según las especificaciones del cliente.
Requisitos:
+ Debe pasar la asignación básica de lectura de reglas y <b>matemáticas
</b>+ Debe ser capaz de seguir instrucciones verbales y escritas
+ Capacidad para soportar todo el turno y moverse por la planta de...&nbsp;",[],[],2025-05-03T00:00:00.0000000,https://jooble.org/jdp/-3200743115465706678,,[],2025-06-11
1cf0d0579a2840e01b88c1e2f24a7028,jooble,Miembro del equipo de atención al público,Chick-fil-A,"Columbia, SC","&nbsp;...navegar por las estanterías altas y bajas y movilidad durante los turnos. 
 Se requieren habilidades básicas de lectura, escritura y <b>matemáticas </b>y comunicación verbal, así como trabajar bien bajo presión. 
 PROMESA DE EMPLEO: En Chick-fil-A Forest Drive, tendrá una...&nbsp;",[],[],2025-06-03T00:00:00.0000000,https://jooble.org/jdp/3674249080364768955,,[],2025-06-11
f4ee86414fe0885ada3bcc423f2ef7dc,jooble,Líder de equipo,Buffalo Wild Wings GO,"Frisco, TX","&nbsp;...Habilidades y cualificaciones: 
 Fluidez en inglés 
 Experiencia en restaurantes, tiendas minoristas o supervisión 
 Habilidades <b>matemáticas </b>y de escritura. 
 Conocimientos básicos de informática 
 Tener al menos 17 años de edad (cuando corresponda)
 Diploma de...&nbsp;",[],[],2025-05-04T00:00:00.0000000,https://jooble.org/jdp/4419933184591643469,,[],2025-06-11
2f104510e3b269c1ae596c49d2a34391,jooble,Especialista en Inventario Gestionado por el Proveedor,Loeb Electric,"Columbus, OH","&nbsp;...forma independiente. 
~ Capaz de trabajar bien y coordinarse con los demás. 
~ Capacidad para leer, escribir y exhibir habilidades <b>matemáticas </b>básicas sólidas. 


 Competencias básicas  : 
 Excelente atención al detalle. 
 Habilidades de gestión del tiempo y...&nbsp;",[],[],2025-06-02T00:00:00.0000000,https://jooble.org/away/3824219239169152759,,[],2025-06-11
976a8b14ecc44367cefe99f1bdbeb4da,jooble,Office Manager,NFI Industries,"Groveport, OH","&nbsp;...experiencia en recursos humanos. 
 Debe ser flexible para adaptarse a entornos cambiantes 
 Excelentes habilidades analíticas y <b>matemáticas.</b> 
 Excelentes habilidades de comunicación oral y escrita. 
 Se prefiere bilingüe (español), no es obligatorio. 
 Capacidad y...&nbsp;",[],[],2025-04-16T00:00:00.0000000,https://jooble.org/jdp/-7870517008557411457,,[],2025-06-11
73eeabf09fe75060ff4469dec3d62f3d,jooble,Miembro del equipo de cocina turno de mañana,Chick-fil-A,"Joliet, IL","&nbsp;...equipo, sartenes, ollas, estanterías de navegación tanto altas como bajas 
 Se requieren habilidades básicas de lectura, escritura y <b>matemáticas </b>y comunicación verbal 
 Funciona en un entorno caluroso, ruidoso y acelerado 
 Movilidad requerida durante los turnos 
 Debe...&nbsp;",[],[],2025-05-29T00:00:00.0000000,https://jooble.org/jdp/2354620198947257380,,[],2025-06-11
